use project;
INSERT INTO company(cname,cloc,usec,govdep,ceo,product) VALUES ('Kwideo','Madison',NULL,NULL,'Shamus Howley','Shoes');
INSERT INTO company(cname,cloc,usec,govdep,ceo,product) VALUES ('Katz','Hayama',NULL,NULL,'Elmore Kirkbride','Baby');
INSERT INTO company(cname,cloc,usec,govdep,ceo,product) VALUES ('Dabtype','Baracatan',NULL,NULL,'Elyssa Malter','Movies');
INSERT INTO company(cname,cloc,usec,govdep,ceo,product) VALUES ('Zoozzy','Zhukovskiy','Prentiss Ruslinge','Legal',NULL,NULL);
INSERT INTO company(cname,cloc,usec,govdep,ceo,product) VALUES ('Trilith','IJmuiden','Amelie Balling','Legal',NULL,NULL);
INSERT INTO company(cname,cloc,usec,govdep,ceo,product) VALUES ('Layo','Ambalavao','Bekki Segges','Support',NULL,NULL);
INSERT INTO company(cname,cloc,usec,govdep,ceo,product) VALUES ('Riffwire','Vannes',NULL,NULL,'Renado Quennell','Automotive');
INSERT INTO company(cname,cloc,usec,govdep,ceo,product) VALUES ('Rhynyx','Tabou',NULL,NULL,'Abagael Syncke','Automotive');
INSERT INTO company(cname,cloc,usec,govdep,ceo,product) VALUES ('Voolia','Keti Bandar','Orazio Reilly','Sales',NULL,NULL);
INSERT INTO company(cname,cloc,usec,govdep,ceo,product) VALUES ('Eare','Changqi','Matias Tofful','Legal',NULL,NULL);
INSERT INTO company(cname,cloc,usec,govdep,ceo,product) VALUES ('Zooxo','Corquin',NULL,NULL,'Shani Hiscoe','Music');
INSERT INTO company(cname,cloc,usec,govdep,ceo,product) VALUES ('Voolimama','Sao Carlos','Darius Organer','Services',NULL,NULL);
INSERT INTO company(cname,cloc,usec,govdep,ceo,product) VALUES ('Devshare','Revolucion Verde',NULL,NULL,'Albertina Piers','Baby');
INSERT INTO company(cname,cloc,usec,govdep,ceo,product) VALUES ('Wikizz','Mbandjok','Izak Kaysor','Research and Development',NULL,NULL);
INSERT INTO company(cname,cloc,usec,govdep,ceo,product) VALUES ('Trunyx','Talovyy','Manfred Mourant','Engineering',NULL,NULL);
INSERT INTO company(cname,cloc,usec,govdep,ceo,product) VALUES ('Buzzshare','Zarqa',NULL,NULL,'Anne Bythell','Beauty');
INSERT INTO company(cname,cloc,usec,govdep,ceo,product) VALUES ('Dabtype','Jingping','Becca Ubsdell','Business Development',NULL,NULL);
INSERT INTO company(cname,cloc,usec,govdep,ceo,product) VALUES ('Ozu','Bokani','Nissa Gomersal','Business Development',NULL,NULL);
INSERT INTO company(cname,cloc,usec,govdep,ceo,product) VALUES ('Shuffletag','Gengzhuang','Mufinella Daoust','Business Development',NULL,NULL);
INSERT INTO company(cname,cloc,usec,govdep,ceo,product) VALUES ('Topicblab','Mejdan - Obilićevo','Suzann Hubeaux','Research and Development',NULL,NULL);
INSERT INTO company(cname,cloc,usec,govdep,ceo,product) VALUES ('Twitterbridge','Sukth','Claudetta Eyrl','Research and Development',NULL,NULL);
INSERT INTO company(cname,cloc,usec,govdep,ceo,product) VALUES ('Edgetag','Carayao','Gayler Brownrigg','Sales',NULL,NULL);
INSERT INTO company(cname,cloc,usec,govdep,ceo,product) VALUES ('Centimia','Gaoyi','Reta Engelmann','Sales',NULL,NULL);
INSERT INTO company(cname,cloc,usec,govdep,ceo,product) VALUES ('Oyope','Baoji','Alina Cockshott','Marketing',NULL,NULL);
INSERT INTO company(cname,cloc,usec,govdep,ceo,product) VALUES ('Skajo','Wako',NULL,NULL,'Worden Hanbury','Industrial');
INSERT INTO company(cname,cloc,usec,govdep,ceo,product) VALUES ('Innotype','Templeogue',NULL,NULL,'Vidovic Brigstock','Sports');
INSERT INTO company(cname,cloc,usec,govdep,ceo,product) VALUES ('Muxo','Promachoi',NULL,NULL,'Anthe Follett','Health');
INSERT INTO company(cname,cloc,usec,govdep,ceo,product) VALUES ('Skimia','Aginskoye','Carrissa Erat','Services',NULL,NULL);
INSERT INTO company(cname,cloc,usec,govdep,ceo,product) VALUES ('Thoughtstorm','Monteria',NULL,NULL,'Alida Savell','Games');
INSERT INTO company(cname,cloc,usec,govdep,ceo,product) VALUES ('Leenti','Tangzi',NULL,NULL,'Jarrod Ivanchov','Toys');
INSERT INTO company(cname,cloc,usec,govdep,ceo,product) VALUES ('Vipe','George Hill','Nefen Fairleigh','Business Development',NULL,NULL);
INSERT INTO company(cname,cloc,usec,govdep,ceo,product) VALUES ('Kare','Guia','Dalton Brushneen','Sales',NULL,NULL);
INSERT INTO company(cname,cloc,usec,govdep,ceo,product) VALUES ('Youspan','Higashimurayama-shi','Libbi Tine','Research and Development',NULL,NULL);
INSERT INTO company(cname,cloc,usec,govdep,ceo,product) VALUES ('Devbug','Xinshichang','Cathlene Marchand','Product Management',NULL,NULL);
INSERT INTO company(cname,cloc,usec,govdep,ceo,product) VALUES ('Leenti','Nakhodka','Son Scurrer','Human Resources',NULL,NULL);
INSERT INTO company(cname,cloc,usec,govdep,ceo,product) VALUES ('Omba','Indianapolis','Creight Spight','Services',NULL,NULL);
INSERT INTO company(cname,cloc,usec,govdep,ceo,product) VALUES ('Buzzster','Pingle','Manya Phinnessy','Legal',NULL,NULL);
INSERT INTO company(cname,cloc,usec,govdep,ceo,product) VALUES ('Vitz','Korczyna','Wendall Ironside','Sales',NULL,NULL);
INSERT INTO company(cname,cloc,usec,govdep,ceo,product) VALUES ('Skyba','Laixi','Montgomery Rosle','Business Development',NULL,NULL);
INSERT INTO company(cname,cloc,usec,govdep,ceo,product) VALUES ('Linkbuzz','Majdal Banī Fāḑil',NULL,NULL,'Lissie Gotling','Jewelery');
INSERT INTO company(cname,cloc,usec,govdep,ceo,product) VALUES ('Pixoboo','Monte','Eva Herculson','Human Resources',NULL,NULL);
INSERT INTO company(cname,cloc,usec,govdep,ceo,product) VALUES ('Realpoint','Shaydon','Octavius Featherby','Engineering',NULL,NULL);
INSERT INTO company(cname,cloc,usec,govdep,ceo,product) VALUES ('Wikizz','Goričan','Valaree Saiz','Marketing',NULL,NULL);
INSERT INTO company(cname,cloc,usec,govdep,ceo,product) VALUES ('Twitterbeat','Gusau',NULL,NULL,'Fabe Aird','Home');
INSERT INTO company(cname,cloc,usec,govdep,ceo,product) VALUES ('Dynabox','Apartado',NULL,NULL,'Perl O''Calleran','Books');
INSERT INTO company(cname,cloc,usec,govdep,ceo,product) VALUES ('Tagpad','Kadyy','Nanice Wheble','Product Management',NULL,NULL);
INSERT INTO company(cname,cloc,usec,govdep,ceo,product) VALUES ('Trilia','Thi Xa Lai Chau',NULL,NULL,'Aretha Pym','Movies');
INSERT INTO company(cname,cloc,usec,govdep,ceo,product) VALUES ('Agivu','Chervonohryhorivka','Germaine Burtonshaw','Research and Development',NULL,NULL);
INSERT INTO company(cname,cloc,usec,govdep,ceo,product) VALUES ('Demivee','Ehen Hudag','Tobye Lightoller','Engineering',NULL,NULL);
INSERT INTO company(cname,cloc,usec,govdep,ceo,product) VALUES ('Tagfeed','Yushugou','Ulla Oger','Product Management',NULL,NULL);
INSERT INTO company(cname,cloc,usec,govdep,ceo,product) VALUES ('Yakijo','Mengxi','Eddie Ludovici','Human Resources',NULL,NULL);
INSERT INTO company(cname,cloc,usec,govdep,ceo,product) VALUES ('Quinu','Sundbyberg','Janella Dener','Support',NULL,NULL);
INSERT INTO company(cname,cloc,usec,govdep,ceo,product) VALUES ('Voonix','Novovladykino','Axe Barefoot','Training',NULL,NULL);
INSERT INTO company(cname,cloc,usec,govdep,ceo,product) VALUES ('Demizz','San Juan','Gearard Dilleston','Human Resources',NULL,NULL);
INSERT INTO company(cname,cloc,usec,govdep,ceo,product) VALUES ('Blogtags','Oslo','Emmaline Robertazzi','Research and Development',NULL,NULL);
INSERT INTO company(cname,cloc,usec,govdep,ceo,product) VALUES ('Photojam','Lubień Kujawski','Kristofor Jindrak','Product Management',NULL,NULL);
INSERT INTO company(cname,cloc,usec,govdep,ceo,product) VALUES ('Edgewire','Soubré','Queenie Mallender','Engineering',NULL,NULL);
INSERT INTO company(cname,cloc,usec,govdep,ceo,product) VALUES ('Vooliayaya','Katori-shi',NULL,NULL,'Erhart Pettican','Jewelery');
INSERT INTO company(cname,cloc,usec,govdep,ceo,product) VALUES ('Bluezoom','Tiébo','Alleyn Beccero','Training',NULL,NULL);
INSERT INTO company(cname,cloc,usec,govdep,ceo,product) VALUES ('Kayveo','Al Qaryatayn','Buddy Dorman','Accounting',NULL,NULL);
INSERT INTO company(cname,cloc,usec,govdep,ceo,product) VALUES ('Thoughtmix','Oliveira','Jonie Tuffell','Support',NULL,NULL);
INSERT INTO company(cname,cloc,usec,govdep,ceo,product) VALUES ('Kamba','Alcanhões','Rufe Snowden','Accounting',NULL,NULL);
INSERT INTO company(cname,cloc,usec,govdep,ceo,product) VALUES ('Youfeed','Västervik','Valentina Krzyzowski','Engineering',NULL,NULL);
INSERT INTO company(cname,cloc,usec,govdep,ceo,product) VALUES ('Zoomlounge','Varpaisjärvi','Augustine Elnaugh','Services',NULL,NULL);
INSERT INTO company(cname,cloc,usec,govdep,ceo,product) VALUES ('Meedoo','Espírito Santo do Pinhal',NULL,NULL,'Chrissy Perschke','Games');
INSERT INTO company(cname,cloc,usec,govdep,ceo,product) VALUES ('Zoombeat','Aş Şūrah aş Şaghīrah','Rafaela Tethacot','Training',NULL,NULL);
INSERT INTO company(cname,cloc,usec,govdep,ceo,product) VALUES ('Rhynoodle','Madura','Norry Shemmin','Human Resources',NULL,NULL);
INSERT INTO company(cname,cloc,usec,govdep,ceo,product) VALUES ('Zazio','Gaotaizi',NULL,NULL,'Lefty Arons','Toys');
INSERT INTO company(cname,cloc,usec,govdep,ceo,product) VALUES ('Feedbug','Chivor','Julianne Dunbar','Support',NULL,NULL);
INSERT INTO company(cname,cloc,usec,govdep,ceo,product) VALUES ('Brainbox','Oemofa','Kris Sherr','Business Development',NULL,NULL);
INSERT INTO company(cname,cloc,usec,govdep,ceo,product) VALUES ('Eayo','Tennō',NULL,NULL,'Kathye Cull','Toys');
INSERT INTO company(cname,cloc,usec,govdep,ceo,product) VALUES ('Vinte','Железный порт',NULL,NULL,'Sonnie Dziwisz','Health');
INSERT INTO company(cname,cloc,usec,govdep,ceo,product) VALUES ('Innotype','Lluchubamba','Thornie Dovey','Support',NULL,NULL);
INSERT INTO company(cname,cloc,usec,govdep,ceo,product) VALUES ('LiveZ','Sarykemer','Elysia Roofe','Legal',NULL,NULL);
INSERT INTO company(cname,cloc,usec,govdep,ceo,product) VALUES ('Innotype','Ekerö','Jehu Drakes','Engineering',NULL,NULL);
INSERT INTO company(cname,cloc,usec,govdep,ceo,product) VALUES ('Thoughtstorm','Sinubong',NULL,NULL,'Ric Calderbank','Movies');
INSERT INTO company(cname,cloc,usec,govdep,ceo,product) VALUES ('Buzzster','Yinghua','Frasier McNeigh','Sales',NULL,NULL);
INSERT INTO company(cname,cloc,usec,govdep,ceo,product) VALUES ('LiveZ','Saipan','Tyler Demougeot','Research and Development',NULL,NULL);
INSERT INTO company(cname,cloc,usec,govdep,ceo,product) VALUES ('Trudeo','Pyt-Yakh',NULL,NULL,'Hagan O''Cannan','Electronics');
INSERT INTO company(cname,cloc,usec,govdep,ceo,product) VALUES ('Ntag','Sangmélima','Garrott Armer','Services',NULL,NULL);
INSERT INTO company(cname,cloc,usec,govdep,ceo,product) VALUES ('Dablist','Cauayan','Sax Every','Services',NULL,NULL);
INSERT INTO company(cname,cloc,usec,govdep,ceo,product) VALUES ('Voolith','Zhong’an','Angelia Burness','Sales',NULL,NULL);
INSERT INTO company(cname,cloc,usec,govdep,ceo,product) VALUES ('Camido','Mizhuang','Mead Butten','Business Development',NULL,NULL);
INSERT INTO company(cname,cloc,usec,govdep,ceo,product) VALUES ('Izio','Río Tercero',NULL,NULL,'Waldon Ullett','Music');
INSERT INTO company(cname,cloc,usec,govdep,ceo,product) VALUES ('Tagcat','Osoyoos',NULL,NULL,'Marjory Blaes','Tools');
INSERT INTO company(cname,cloc,usec,govdep,ceo,product) VALUES ('Brainbox','Dnestrovsc',NULL,NULL,'Lauritz Ellacombe','Tools');
INSERT INTO company(cname,cloc,usec,govdep,ceo,product) VALUES ('Buzzdog','Daliang','Kassie Aksell','Business Development',NULL,NULL);
INSERT INTO company(cname,cloc,usec,govdep,ceo,product) VALUES ('Quatz','Beauvais',NULL,NULL,'Mylo Stawell','Jewelery');
INSERT INTO company(cname,cloc,usec,govdep,ceo,product) VALUES ('Youfeed','Bagumbayan','Kip Rigden','Human Resources',NULL,NULL);
INSERT INTO company(cname,cloc,usec,govdep,ceo,product) VALUES ('Zoomcast','Corzuela',NULL,NULL,'Ursulina Nutten','Garden');
INSERT INTO company(cname,cloc,usec,govdep,ceo,product) VALUES ('Vipe','Leninskoye','Kelsey Hockell','Services',NULL,NULL);
INSERT INTO company(cname,cloc,usec,govdep,ceo,product) VALUES ('Wikizz','Parada de Todeia','Jacquelynn Ertelt','Product Management',NULL,NULL);
INSERT INTO company(cname,cloc,usec,govdep,ceo,product) VALUES ('Topiclounge','Mosquée',NULL,NULL,'Marc Cords','Tools');
INSERT INTO company(cname,cloc,usec,govdep,ceo,product) VALUES ('Quire','Balad',NULL,NULL,'Lolita Blenkiron','Sports');
INSERT INTO company(cname,cloc,usec,govdep,ceo,product) VALUES ('Gabvine','San Juan de Limay','Dasi Oger','Services',NULL,NULL);
INSERT INTO company(cname,cloc,usec,govdep,ceo,product) VALUES ('Yoveo','Boleszkowice','Sheena Seebright','Product Management',NULL,NULL);
INSERT INTO company(cname,cloc,usec,govdep,ceo,product) VALUES ('Quire','Alcains','Ezra Bernhard','Accounting',NULL,NULL);
INSERT INTO company(cname,cloc,usec,govdep,ceo,product) VALUES ('Dynabox','Miechów Charsznica','Coop Colbran','Training',NULL,NULL);
INSERT INTO company(cname,cloc,usec,govdep,ceo,product) VALUES ('Zoomdog','Ganshui','Heriberto Maren','Engineering',NULL,NULL);
INSERT INTO company(cname,cloc,usec,govdep,ceo,product) VALUES ('Fadeo','Longuita','Kimmie Figin','Services',NULL,NULL);

--End of Inserts for company

INSERT INTO PROJECT(pid,goal,pdesc,pcodename,cname) VALUES (1,2011,'BMW','M3','Kwideo');
INSERT INTO PROJECT(pid,goal,pdesc,pcodename,cname) VALUES (2,2012,'Volvo','S80','Katz');
INSERT INTO PROJECT(pid,goal,pdesc,pcodename,cname) VALUES (3,1997,'BMW','5 Series','Dabtype');
INSERT INTO PROJECT(pid,goal,pdesc,pcodename,cname) VALUES (4,2007,'Cadillac','CTS-V','Zoozzy');
INSERT INTO PROJECT(pid,goal,pdesc,pcodename,cname) VALUES (5,1980,'Chevrolet','Citation','Trilith');
INSERT INTO PROJECT(pid,goal,pdesc,pcodename,cname) VALUES (6,2007,'Toyota','Corolla','Layo');
INSERT INTO PROJECT(pid,goal,pdesc,pcodename,cname) VALUES (7,2010,'Hyundai','Azera','Riffwire');
INSERT INTO PROJECT(pid,goal,pdesc,pcodename,cname) VALUES (8,1993,'Mercedes-Benz','500SEL','Rhynyx');
INSERT INTO PROJECT(pid,goal,pdesc,pcodename,cname) VALUES (9,1994,'Lincoln','Continental','Voolia');
INSERT INTO PROJECT(pid,goal,pdesc,pcodename,cname) VALUES (10,1992,'Chevrolet','Camaro','Eare');
INSERT INTO PROJECT(pid,goal,pdesc,pcodename,cname) VALUES (11,1989,'Porsche','911','Zooxo');
INSERT INTO PROJECT(pid,goal,pdesc,pcodename,cname) VALUES (12,2004,'Isuzu','Ascender','Voolia');
INSERT INTO PROJECT(pid,goal,pdesc,pcodename,cname) VALUES (13,1987,'Pontiac','Chevette','Devshare');
INSERT INTO PROJECT(pid,goal,pdesc,pcodename,cname) VALUES (14,2011,'Chevrolet','Avalanche','Wikizz');
INSERT INTO PROJECT(pid,goal,pdesc,pcodename,cname) VALUES (15,2009,'Cadillac','XLR','Trunyx');
INSERT INTO PROJECT(pid,goal,pdesc,pcodename,cname) VALUES (16,2001,'Suzuki','Swift','Buzzshare');
INSERT INTO PROJECT(pid,goal,pdesc,pcodename,cname) VALUES (17,2011,'BMW','M3','Dabtype');
INSERT INTO PROJECT(pid,goal,pdesc,pcodename,cname) VALUES (18,2010,'Ford','Expedition EL','Ozu');
INSERT INTO PROJECT(pid,goal,pdesc,pcodename,cname) VALUES (19,1998,'Cadillac','Seville','Shuffletag');
INSERT INTO PROJECT(pid,goal,pdesc,pcodename,cname) VALUES (20,1996,'Toyota','Camry','Topicblab');
INSERT INTO PROJECT(pid,goal,pdesc,pcodename,cname) VALUES (21,1998,'Toyota','Corolla','Twitterbridge');
INSERT INTO PROJECT(pid,goal,pdesc,pcodename,cname) VALUES (22,1999,'GMC','Yukon','Edgetag');
INSERT INTO PROJECT(pid,goal,pdesc,pcodename,cname) VALUES (23,2008,'Chevrolet','Silverado 3500','Centimia');
INSERT INTO PROJECT(pid,goal,pdesc,pcodename,cname) VALUES (24,1995,'Ford','Escort','Oyope');
INSERT INTO PROJECT(pid,goal,pdesc,pcodename,cname) VALUES (25,1992,'Dodge','Caravan','Skajo');
INSERT INTO PROJECT(pid,goal,pdesc,pcodename,cname) VALUES (26,2009,'Dodge','Ram','Innotype');
INSERT INTO PROJECT(pid,goal,pdesc,pcodename,cname) VALUES (27,2004,'Volkswagen','Passat','Muxo');
INSERT INTO PROJECT(pid,goal,pdesc,pcodename,cname) VALUES (28,1995,'Mazda','Protege','Skimia');
INSERT INTO PROJECT(pid,goal,pdesc,pcodename,cname) VALUES (29,2007,'Kia','Sportage','Thoughtstorm');
INSERT INTO PROJECT(pid,goal,pdesc,pcodename,cname) VALUES (30,2012,'Mitsubishi','Lancer','Leenti');
INSERT INTO PROJECT(pid,goal,pdesc,pcodename,cname) VALUES (31,2000,'Dodge','Neon','Vipe');
INSERT INTO PROJECT(pid,goal,pdesc,pcodename,cname) VALUES (32,1989,'Lincoln','Continental','Kare');
INSERT INTO PROJECT(pid,goal,pdesc,pcodename,cname) VALUES (33,2001,'Isuzu','Rodeo','Youspan');
INSERT INTO PROJECT(pid,goal,pdesc,pcodename,cname) VALUES (34,2006,'Buick','Rendezvous','Devbug');
INSERT INTO PROJECT(pid,goal,pdesc,pcodename,cname) VALUES (35,1970,'Chevrolet','Camaro','Leenti');
INSERT INTO PROJECT(pid,goal,pdesc,pcodename,cname) VALUES (36,1984,'Mercedes-Benz','S-Class','Omba');
INSERT INTO PROJECT(pid,goal,pdesc,pcodename,cname) VALUES (37,1996,'Ford','Crown Victoria','Buzzster');
INSERT INTO PROJECT(pid,goal,pdesc,pcodename,cname) VALUES (38,2000,'Dodge','Ram 1500','Vitz');
INSERT INTO PROJECT(pid,goal,pdesc,pcodename,cname) VALUES (39,2004,'Spyker','C8 Spyder Wide Body','Skyba');
INSERT INTO PROJECT(pid,goal,pdesc,pcodename,cname) VALUES (40,1992,'GMC','Sonoma Club','Linkbuzz');
INSERT INTO PROJECT(pid,goal,pdesc,pcodename,cname) VALUES (41,2004,'BMW','X3','Pixoboo');
INSERT INTO PROJECT(pid,goal,pdesc,pcodename,cname) VALUES (42,2003,'BMW','M3','Realpoint');
INSERT INTO PROJECT(pid,goal,pdesc,pcodename,cname) VALUES (43,1997,'Pontiac','Grand Prix','Wikizz');
INSERT INTO PROJECT(pid,goal,pdesc,pcodename,cname) VALUES (44,1999,'Toyota','Avalon','Twitterbeat');
INSERT INTO PROJECT(pid,goal,pdesc,pcodename,cname) VALUES (45,1996,'Chevrolet','Impala','Dynabox');
INSERT INTO PROJECT(pid,goal,pdesc,pcodename,cname) VALUES (46,1986,'Lincoln','Continental Mark VII','Tagpad');
INSERT INTO PROJECT(pid,goal,pdesc,pcodename,cname) VALUES (47,2012,'Volvo','S60','Trilia');
INSERT INTO PROJECT(pid,goal,pdesc,pcodename,cname) VALUES (48,2009,'Hyundai','Santa Fe','Agivu');
INSERT INTO PROJECT(pid,goal,pdesc,pcodename,cname) VALUES (49,2010,'Mercedes-Benz','S-Class','Demivee');
INSERT INTO PROJECT(pid,goal,pdesc,pcodename,cname) VALUES (50,2004,'Suzuki','Forenza','Tagfeed');
INSERT INTO PROJECT(pid,goal,pdesc,pcodename,cname) VALUES (51,2011,'Chevrolet','Express 2500','Yakijo');
INSERT INTO PROJECT(pid,goal,pdesc,pcodename,cname) VALUES (52,1995,'Chevrolet','Astro','Quinu');
INSERT INTO PROJECT(pid,goal,pdesc,pcodename,cname) VALUES (53,2012,'Audi','S5','Voonix');
INSERT INTO PROJECT(pid,goal,pdesc,pcodename,cname) VALUES (54,2008,'Audi','S4','Demizz');
INSERT INTO PROJECT(pid,goal,pdesc,pcodename,cname) VALUES (55,1993,'Dodge','Dynasty','Blogtags');
INSERT INTO PROJECT(pid,goal,pdesc,pcodename,cname) VALUES (56,1976,'Plymouth','Volare','Photojam');
INSERT INTO PROJECT(pid,goal,pdesc,pcodename,cname) VALUES (57,2006,'Ferrari','612 Scaglietti','Edgewire');
INSERT INTO PROJECT(pid,goal,pdesc,pcodename,cname) VALUES (58,2012,'Aston Martin','V8 Vantage S','Voolia');
INSERT INTO PROJECT(pid,goal,pdesc,pcodename,cname) VALUES (59,1993,'Cadillac','Seville','Bluezoom');
INSERT INTO PROJECT(pid,goal,pdesc,pcodename,cname) VALUES (60,2008,'Chevrolet','Suburban 2500','Kayveo');
INSERT INTO PROJECT(pid,goal,pdesc,pcodename,cname) VALUES (61,2003,'Buick','Century','Thoughtmix');
INSERT INTO PROJECT(pid,goal,pdesc,pcodename,cname) VALUES (62,1994,'Eagle','Vision','Kamba');
INSERT INTO PROJECT(pid,goal,pdesc,pcodename,cname) VALUES (63,1990,'Volkswagen','GTI','Youfeed');
INSERT INTO PROJECT(pid,goal,pdesc,pcodename,cname) VALUES (64,2008,'Aston Martin','V8 Vantage','Zoomlounge');
INSERT INTO PROJECT(pid,goal,pdesc,pcodename,cname) VALUES (65,2011,'GMC','Yukon XL 2500','Meedoo');
INSERT INTO PROJECT(pid,goal,pdesc,pcodename,cname) VALUES (66,1999,'Buick','Park Avenue','Zoombeat');
INSERT INTO PROJECT(pid,goal,pdesc,pcodename,cname) VALUES (67,2012,'Ford','Fusion','Rhynoodle');
INSERT INTO PROJECT(pid,goal,pdesc,pcodename,cname) VALUES (68,1995,'Chrysler','LeBaron','Zazio');
INSERT INTO PROJECT(pid,goal,pdesc,pcodename,cname) VALUES (69,2010,'Volvo','C70','Feedbug');
INSERT INTO PROJECT(pid,goal,pdesc,pcodename,cname) VALUES (70,2008,'Lexus','SC','Brainbox');
INSERT INTO PROJECT(pid,goal,pdesc,pcodename,cname) VALUES (71,2001,'Jaguar','S-Type','Eayo');
INSERT INTO PROJECT(pid,goal,pdesc,pcodename,cname) VALUES (72,1998,'Dodge','Ram Van 2500','Vinte');
INSERT INTO PROJECT(pid,goal,pdesc,pcodename,cname) VALUES (73,2006,'Lamborghini','Murciélago','Innotype');
INSERT INTO PROJECT(pid,goal,pdesc,pcodename,cname) VALUES (74,2011,'Toyota','Avalon','LiveZ');
INSERT INTO PROJECT(pid,goal,pdesc,pcodename,cname) VALUES (75,2011,'MINI','Cooper Countryman','Innotype');
INSERT INTO PROJECT(pid,goal,pdesc,pcodename,cname) VALUES (76,1991,'Volkswagen','GTI','Thoughtstorm');
INSERT INTO PROJECT(pid,goal,pdesc,pcodename,cname) VALUES (77,1989,'Toyota','Truck Xtracab SR5','Buzzster');
INSERT INTO PROJECT(pid,goal,pdesc,pcodename,cname) VALUES (78,1996,'Volkswagen','rio','LiveZ');
INSERT INTO PROJECT(pid,goal,pdesc,pcodename,cname) VALUES (79,1981,'Mercedes-Benz','W126','Trudeo');
INSERT INTO PROJECT(pid,goal,pdesc,pcodename,cname) VALUES (80,2010,'Mazda','MX-5','Ntag');
INSERT INTO PROJECT(pid,goal,pdesc,pcodename,cname) VALUES (81,1988,'Mazda','MX-6','Dablist');
INSERT INTO PROJECT(pid,goal,pdesc,pcodename,cname) VALUES (82,2012,'Audi','S5','Voolith');
INSERT INTO PROJECT(pid,goal,pdesc,pcodename,cname) VALUES (83,2003,'Nissan','Altima','Camido');
INSERT INTO PROJECT(pid,goal,pdesc,pcodename,cname) VALUES (84,2007,'Land Rover','LR3','Izio');
INSERT INTO PROJECT(pid,goal,pdesc,pcodename,cname) VALUES (85,2012,'Bentley','Continental','Tagcat');
INSERT INTO PROJECT(pid,goal,pdesc,pcodename,cname) VALUES (86,2012,'Jeep','Grand Cherokee','Brainbox');
INSERT INTO PROJECT(pid,goal,pdesc,pcodename,cname) VALUES (87,2000,'GMC','Savana 2500','Buzzdog');
INSERT INTO PROJECT(pid,goal,pdesc,pcodename,cname) VALUES (88,2008,'Ford','E-Series','Quatz');
INSERT INTO PROJECT(pid,goal,pdesc,pcodename,cname) VALUES (89,2001,'Ford','F350','Youfeed');
INSERT INTO PROJECT(pid,goal,pdesc,pcodename,cname) VALUES (90,1996,'Chevrolet','Sportvan G30','Zoomcast');
INSERT INTO PROJECT(pid,goal,pdesc,pcodename,cname) VALUES (91,2006,'Mercedes-Benz','SL65 AMG','Vipe');
INSERT INTO PROJECT(pid,goal,pdesc,pcodename,cname) VALUES (92,1999,'Land Rover','Discovery','Wikizz');
INSERT INTO PROJECT(pid,goal,pdesc,pcodename,cname) VALUES (93,2005,'Dodge','Neon','Topiclounge');
INSERT INTO PROJECT(pid,goal,pdesc,pcodename,cname) VALUES (94,2004,'Honda','S2000','Quire');
INSERT INTO PROJECT(pid,goal,pdesc,pcodename,cname) VALUES (95,2002,'Dodge','Dakota Club','Gabvine');
INSERT INTO PROJECT(pid,goal,pdesc,pcodename,cname) VALUES (96,1994,'Chevrolet','Sportvan G30','Yoveo');
INSERT INTO PROJECT(pid,goal,pdesc,pcodename,cname) VALUES (97,1998,'Toyota','Celica','Quire');
INSERT INTO PROJECT(pid,goal,pdesc,pcodename,cname) VALUES (98,1994,'Audi','Quattro','Dynabox');
INSERT INTO PROJECT(pid,goal,pdesc,pcodename,cname) VALUES (99,2002,'Volvo','S80','Zoomdog');
INSERT INTO PROJECT(pid,goal,pdesc,pcodename,cname) VALUES (100,1991,'Pontiac','Firebird','Fadeo');

-- End of inserts for PROJECT

INSERT INTO company_RECIEVES_PROJECT(pid,cname,startdate,enddate) VALUES (1,'Kwideo','2018-09-08 03:29:29','2019-11-22 17:58:43');
INSERT INTO company_RECIEVES_PROJECT(pid,cname,startdate,enddate) VALUES (2,'Katz','2018-06-09 15:31:36','2019-03-26 00:23:24');
INSERT INTO company_RECIEVES_PROJECT(pid,cname,startdate,enddate) VALUES (3,'Dabtype','2018-08-14 12:34:41','2019-11-22 10:57:58');
INSERT INTO company_RECIEVES_PROJECT(pid,cname,startdate,enddate) VALUES (4,'Zoozzy','2018-02-04 19:51:14','2018-12-31 10:12:30');
INSERT INTO company_RECIEVES_PROJECT(pid,cname,startdate,enddate) VALUES (5,'Trilith','2018-04-26 19:27:36','2019-10-26 01:19:38');
INSERT INTO company_RECIEVES_PROJECT(pid,cname,startdate,enddate) VALUES (6,'Layo','2018-05-03 18:04:35','2019-02-22 12:11:25');
INSERT INTO company_RECIEVES_PROJECT(pid,cname,startdate,enddate) VALUES (7,'Riffwire','2018-10-23 18:05:30','2019-07-24 14:42:29');
INSERT INTO company_RECIEVES_PROJECT(pid,cname,startdate,enddate) VALUES (8,'Rhynyx','2018-01-13 00:48:13','2019-09-24 16:20:47');
INSERT INTO company_RECIEVES_PROJECT(pid,cname,startdate,enddate) VALUES (9,'Voolia','2018-06-22 08:29:49','2019-07-04 10:55:42');
INSERT INTO company_RECIEVES_PROJECT(pid,cname,startdate,enddate) VALUES (10,'Eare','2018-02-27 10:14:58','2019-11-10 09:15:01');
INSERT INTO company_RECIEVES_PROJECT(pid,cname,startdate,enddate) VALUES (11,'Zooxo','2018-07-01 21:03:01','2019-02-18 16:49:41');
INSERT INTO company_RECIEVES_PROJECT(pid,cname,startdate,enddate) VALUES (12,'Voolia','2018-06-24 23:11:43','2019-10-22 04:22:52');
INSERT INTO company_RECIEVES_PROJECT(pid,cname,startdate,enddate) VALUES (13,'Devshare','2018-09-04 14:25:13','2019-10-23 01:03:22');
INSERT INTO company_RECIEVES_PROJECT(pid,cname,startdate,enddate) VALUES (14,'Wikizz','2018-04-03 19:43:52','2018-12-28 21:29:47');
INSERT INTO company_RECIEVES_PROJECT(pid,cname,startdate,enddate) VALUES (15,'Trunyx','2017-12-23 23:28:15','2019-05-09 23:49:53');
INSERT INTO company_RECIEVES_PROJECT(pid,cname,startdate,enddate) VALUES (16,'Buzzshare','2018-03-10 05:15:45','2019-07-16 08:27:21');
INSERT INTO company_RECIEVES_PROJECT(pid,cname,startdate,enddate) VALUES (17,'Dabtype','2017-12-15 03:27:27','2019-06-11 21:26:14');
INSERT INTO company_RECIEVES_PROJECT(pid,cname,startdate,enddate) VALUES (18,'Ozu','2018-04-26 23:34:17','2019-02-08 19:42:24');
INSERT INTO company_RECIEVES_PROJECT(pid,cname,startdate,enddate) VALUES (19,'Shuffletag','2018-03-04 12:59:25','2019-02-12 00:53:33');
INSERT INTO company_RECIEVES_PROJECT(pid,cname,startdate,enddate) VALUES (20,'Topicblab','2018-03-09 16:43:10','2019-02-04 20:39:13');
INSERT INTO company_RECIEVES_PROJECT(pid,cname,startdate,enddate) VALUES (21,'Twitterbridge','2018-01-13 02:27:11','2019-02-03 13:55:08');
INSERT INTO company_RECIEVES_PROJECT(pid,cname,startdate,enddate) VALUES (22,'Edgetag','2018-08-31 03:04:49','2019-04-29 05:15:13');
INSERT INTO company_RECIEVES_PROJECT(pid,cname,startdate,enddate) VALUES (23,'Centimia','2018-02-07 20:18:28','2019-06-04 22:48:10');
INSERT INTO company_RECIEVES_PROJECT(pid,cname,startdate,enddate) VALUES (24,'Oyope','2018-06-04 07:38:31','2019-09-06 22:46:40');
INSERT INTO company_RECIEVES_PROJECT(pid,cname,startdate,enddate) VALUES (25,'Skajo','2018-09-07 10:40:09','2019-02-05 20:18:10');
INSERT INTO company_RECIEVES_PROJECT(pid,cname,startdate,enddate) VALUES (26,'Innotype','2018-04-16 07:22:44','2019-06-09 12:00:45');
INSERT INTO company_RECIEVES_PROJECT(pid,cname,startdate,enddate) VALUES (27,'Muxo','2018-04-15 02:37:30','2019-01-01 19:46:48');
INSERT INTO company_RECIEVES_PROJECT(pid,cname,startdate,enddate) VALUES (28,'Skimia','2018-09-17 16:30:40','2019-04-30 17:29:12');
INSERT INTO company_RECIEVES_PROJECT(pid,cname,startdate,enddate) VALUES (29,'Thoughtstorm','2017-12-25 18:24:14','2019-11-11 08:24:32');
INSERT INTO company_RECIEVES_PROJECT(pid,cname,startdate,enddate) VALUES (30,'Leenti','2017-12-06 01:45:30','2019-02-18 02:05:20');
INSERT INTO company_RECIEVES_PROJECT(pid,cname,startdate,enddate) VALUES (31,'Vipe','2018-03-03 02:12:07','2019-10-17 01:23:31');
INSERT INTO company_RECIEVES_PROJECT(pid,cname,startdate,enddate) VALUES (32,'Kare','2018-02-21 16:22:03','2018-12-19 15:26:33');
INSERT INTO company_RECIEVES_PROJECT(pid,cname,startdate,enddate) VALUES (33,'Youspan','2018-01-20 22:44:18','2019-01-16 19:00:46');
INSERT INTO company_RECIEVES_PROJECT(pid,cname,startdate,enddate) VALUES (34,'Devbug','2017-12-06 00:06:14','2019-08-25 00:53:55');
INSERT INTO company_RECIEVES_PROJECT(pid,cname,startdate,enddate) VALUES (35,'Leenti','2018-01-21 12:16:56','2018-12-07 15:05:46');
INSERT INTO company_RECIEVES_PROJECT(pid,cname,startdate,enddate) VALUES (36,'Omba','2018-08-27 09:16:00','2019-10-23 18:44:13');
INSERT INTO company_RECIEVES_PROJECT(pid,cname,startdate,enddate) VALUES (37,'Buzzster','2018-08-23 02:33:48','2019-08-01 11:52:10');
INSERT INTO company_RECIEVES_PROJECT(pid,cname,startdate,enddate) VALUES (38,'Vitz','2018-10-22 16:54:12','2019-01-27 05:49:23');
INSERT INTO company_RECIEVES_PROJECT(pid,cname,startdate,enddate) VALUES (39,'Skyba','2018-03-27 03:48:40','2019-09-04 00:56:05');
INSERT INTO company_RECIEVES_PROJECT(pid,cname,startdate,enddate) VALUES (40,'Linkbuzz','2018-02-15 00:36:13','2019-10-29 07:58:26');
INSERT INTO company_RECIEVES_PROJECT(pid,cname,startdate,enddate) VALUES (41,'Pixoboo','2018-07-09 12:57:59','2019-01-12 22:41:37');
INSERT INTO company_RECIEVES_PROJECT(pid,cname,startdate,enddate) VALUES (42,'Realpoint','2017-12-24 14:10:10','2019-03-30 01:12:43');
INSERT INTO company_RECIEVES_PROJECT(pid,cname,startdate,enddate) VALUES (43,'Wikizz','2018-05-11 19:36:43','2019-05-31 13:00:58');
INSERT INTO company_RECIEVES_PROJECT(pid,cname,startdate,enddate) VALUES (44,'Twitterbeat','2018-08-22 09:15:50','2019-09-20 22:37:18');
INSERT INTO company_RECIEVES_PROJECT(pid,cname,startdate,enddate) VALUES (45,'Dynabox','2018-07-01 11:08:39','2019-03-02 01:52:38');
INSERT INTO company_RECIEVES_PROJECT(pid,cname,startdate,enddate) VALUES (46,'Tagpad','2018-10-30 13:04:28','2019-11-06 19:46:04');
INSERT INTO company_RECIEVES_PROJECT(pid,cname,startdate,enddate) VALUES (47,'Trilia','2018-09-20 19:07:48','2018-12-18 09:40:44');
INSERT INTO company_RECIEVES_PROJECT(pid,cname,startdate,enddate) VALUES (48,'Agivu','2018-07-12 05:24:04','2019-06-27 04:20:10');
INSERT INTO company_RECIEVES_PROJECT(pid,cname,startdate,enddate) VALUES (49,'Demivee','2018-10-22 05:55:33','2019-06-02 02:32:17');
INSERT INTO company_RECIEVES_PROJECT(pid,cname,startdate,enddate) VALUES (50,'Tagfeed','2018-02-27 07:24:54','2019-05-25 15:42:47');
INSERT INTO company_RECIEVES_PROJECT(pid,cname,startdate,enddate) VALUES (51,'Yakijo','2018-01-06 13:23:44','2019-03-28 10:36:18');
INSERT INTO company_RECIEVES_PROJECT(pid,cname,startdate,enddate) VALUES (52,'Quinu','2018-10-27 17:05:56','2019-11-09 02:14:08');
INSERT INTO company_RECIEVES_PROJECT(pid,cname,startdate,enddate) VALUES (53,'Voonix','2018-04-29 19:54:03','2019-10-16 07:36:16');
INSERT INTO company_RECIEVES_PROJECT(pid,cname,startdate,enddate) VALUES (54,'Demizz','2018-08-31 18:54:51','2019-03-14 18:18:01');
INSERT INTO company_RECIEVES_PROJECT(pid,cname,startdate,enddate) VALUES (55,'Blogtags','2018-10-26 04:38:42','2019-06-24 09:35:19');
INSERT INTO company_RECIEVES_PROJECT(pid,cname,startdate,enddate) VALUES (56,'Photojam','2018-02-26 14:45:21','2019-03-02 23:35:56');
INSERT INTO company_RECIEVES_PROJECT(pid,cname,startdate,enddate) VALUES (57,'Edgewire','2018-07-26 02:32:33','2019-01-12 18:53:11');
INSERT INTO company_RECIEVES_PROJECT(pid,cname,startdate,enddate) VALUES (58,'Voolia','2018-08-16 07:14:57','2019-07-28 09:07:02');
INSERT INTO company_RECIEVES_PROJECT(pid,cname,startdate,enddate) VALUES (59,'Bluezoom','2018-10-18 02:44:41','2019-08-30 04:11:56');
INSERT INTO company_RECIEVES_PROJECT(pid,cname,startdate,enddate) VALUES (60,'Kayveo','2018-08-31 17:05:44','2019-04-22 16:27:22');
INSERT INTO company_RECIEVES_PROJECT(pid,cname,startdate,enddate) VALUES (61,'Thoughtmix','2018-06-19 03:25:58','2019-11-12 06:55:20');
INSERT INTO company_RECIEVES_PROJECT(pid,cname,startdate,enddate) VALUES (62,'Kamba','2018-01-23 05:58:22','2018-12-14 04:32:52');
INSERT INTO company_RECIEVES_PROJECT(pid,cname,startdate,enddate) VALUES (63,'Youfeed','2018-11-03 17:26:49','2019-09-21 23:19:17');
INSERT INTO company_RECIEVES_PROJECT(pid,cname,startdate,enddate) VALUES (64,'Zoomlounge','2017-12-06 06:20:00','2019-08-15 21:56:19');
INSERT INTO company_RECIEVES_PROJECT(pid,cname,startdate,enddate) VALUES (65,'Meedoo','2017-12-06 15:11:48','2019-07-27 03:26:57');
INSERT INTO company_RECIEVES_PROJECT(pid,cname,startdate,enddate) VALUES (66,'Zoombeat','2018-01-24 02:46:47','2019-09-10 00:39:34');
INSERT INTO company_RECIEVES_PROJECT(pid,cname,startdate,enddate) VALUES (67,'Rhynoodle','2018-05-12 18:46:38','2019-04-23 05:14:34');
INSERT INTO company_RECIEVES_PROJECT(pid,cname,startdate,enddate) VALUES (68,'Zazio','2018-03-26 00:23:10','2019-06-24 13:37:31');
INSERT INTO company_RECIEVES_PROJECT(pid,cname,startdate,enddate) VALUES (69,'Feedbug','2018-08-15 19:00:55','2019-10-16 01:04:38');
INSERT INTO company_RECIEVES_PROJECT(pid,cname,startdate,enddate) VALUES (70,'Brainbox','2018-10-17 09:20:37','2019-02-25 13:53:33');
INSERT INTO company_RECIEVES_PROJECT(pid,cname,startdate,enddate) VALUES (71,'Eayo','2018-02-16 10:14:23','2019-02-04 16:46:57');
INSERT INTO company_RECIEVES_PROJECT(pid,cname,startdate,enddate) VALUES (72,'Vinte','2018-08-16 22:22:03','2019-03-14 00:00:21');
INSERT INTO company_RECIEVES_PROJECT(pid,cname,startdate,enddate) VALUES (73,'Innotype','2018-02-24 11:57:38','2019-06-01 13:41:22');
INSERT INTO company_RECIEVES_PROJECT(pid,cname,startdate,enddate) VALUES (74,'LiveZ','2018-02-22 12:57:32','2018-11-24 17:23:57');
INSERT INTO company_RECIEVES_PROJECT(pid,cname,startdate,enddate) VALUES (75,'Innotype','2018-04-01 18:38:13','2018-12-11 11:04:07');
INSERT INTO company_RECIEVES_PROJECT(pid,cname,startdate,enddate) VALUES (76,'Thoughtstorm','2018-07-17 02:49:07','2019-02-10 11:20:05');
INSERT INTO company_RECIEVES_PROJECT(pid,cname,startdate,enddate) VALUES (77,'Buzzster','2018-09-18 04:49:58','2019-08-08 07:27:57');
INSERT INTO company_RECIEVES_PROJECT(pid,cname,startdate,enddate) VALUES (78,'LiveZ','2018-05-09 19:36:05','2019-03-04 09:38:14');
INSERT INTO company_RECIEVES_PROJECT(pid,cname,startdate,enddate) VALUES (79,'Trudeo','2018-07-07 21:47:18','2019-01-29 06:14:52');
INSERT INTO company_RECIEVES_PROJECT(pid,cname,startdate,enddate) VALUES (80,'Ntag','2018-08-21 22:28:19','2019-05-08 20:25:11');
INSERT INTO company_RECIEVES_PROJECT(pid,cname,startdate,enddate) VALUES (81,'Dablist','2018-10-21 10:51:47','2019-10-25 01:38:32');
INSERT INTO company_RECIEVES_PROJECT(pid,cname,startdate,enddate) VALUES (82,'Voolith','2018-03-28 23:59:24','2019-01-31 09:11:30');
INSERT INTO company_RECIEVES_PROJECT(pid,cname,startdate,enddate) VALUES (83,'Camido','2018-03-15 00:14:11','2018-12-27 16:54:41');
INSERT INTO company_RECIEVES_PROJECT(pid,cname,startdate,enddate) VALUES (84,'Izio','2018-05-09 23:20:07','2018-12-21 23:01:54');
INSERT INTO company_RECIEVES_PROJECT(pid,cname,startdate,enddate) VALUES (85,'Tagcat','2018-03-02 13:50:44','2019-08-21 02:54:37');
INSERT INTO company_RECIEVES_PROJECT(pid,cname,startdate,enddate) VALUES (86,'Brainbox','2018-05-13 12:39:14','2019-01-04 15:40:42');
INSERT INTO company_RECIEVES_PROJECT(pid,cname,startdate,enddate) VALUES (87,'Buzzdog','2018-01-18 13:22:46','2019-01-27 18:18:46');
INSERT INTO company_RECIEVES_PROJECT(pid,cname,startdate,enddate) VALUES (88,'Quatz','2018-10-02 17:51:46','2019-07-29 00:51:15');
INSERT INTO company_RECIEVES_PROJECT(pid,cname,startdate,enddate) VALUES (89,'Youfeed','2018-05-21 18:04:57','2019-05-08 03:57:44');
INSERT INTO company_RECIEVES_PROJECT(pid,cname,startdate,enddate) VALUES (90,'Zoomcast','2018-08-27 06:07:58','2019-01-13 22:52:57');
INSERT INTO company_RECIEVES_PROJECT(pid,cname,startdate,enddate) VALUES (91,'Vipe','2018-09-29 20:50:57','2019-03-19 23:04:58');
INSERT INTO company_RECIEVES_PROJECT(pid,cname,startdate,enddate) VALUES (92,'Wikizz','2018-04-28 11:24:33','2019-09-15 09:23:06');
INSERT INTO company_RECIEVES_PROJECT(pid,cname,startdate,enddate) VALUES (93,'Topiclounge','2018-09-03 19:39:24','2019-08-05 16:34:16');
INSERT INTO company_RECIEVES_PROJECT(pid,cname,startdate,enddate) VALUES (94,'Quire','2018-04-15 21:13:22','2019-04-25 12:58:27');
INSERT INTO company_RECIEVES_PROJECT(pid,cname,startdate,enddate) VALUES (95,'Gabvine','2018-03-08 20:35:41','2019-03-23 03:54:30');
INSERT INTO company_RECIEVES_PROJECT(pid,cname,startdate,enddate) VALUES (96,'Yoveo','2018-09-27 22:56:34','2019-05-30 14:35:35');
INSERT INTO company_RECIEVES_PROJECT(pid,cname,startdate,enddate) VALUES (97,'Quire','2018-07-06 23:06:22','2019-05-29 09:21:47');
INSERT INTO company_RECIEVES_PROJECT(pid,cname,startdate,enddate) VALUES (98,'Dynabox','2018-10-24 11:33:32','2019-03-18 22:33:17');
INSERT INTO company_RECIEVES_PROJECT(pid,cname,startdate,enddate) VALUES (99,'Zoomdog','2018-05-02 06:47:12','2019-03-10 19:47:33');
INSERT INTO company_RECIEVES_PROJECT(pid,cname,startdate,enddate) VALUES (100,'Fadeo','2018-10-01 20:52:40','2019-10-20 18:03:56');

--End of inserts for company RECIEVES project

INSERT INTO adviser(pid,cname,startdate,enddate) VALUES (1,'Sales Representative','Rupert Sorrel','46');
INSERT INTO adviser(pid,cname,startdate,enddate) VALUES (2,'Systems Administrator I','Lowrance Smithe','46');
INSERT INTO adviser(pid,cname,startdate,enddate) VALUES (3,'VP Sales','Scarlett Costelow','3');
INSERT INTO adviser(pid,cname,startdate,enddate) VALUES (4,'Design Engineer','Waylon Boots','90');
INSERT INTO adviser(pid,cname,startdate,enddate) VALUES (5,'Community Outreach Specialist','Cathrin Gadault','13');
INSERT INTO adviser(pid,cname,startdate,enddate) VALUES (6,'Quality Engineer','Winston Casterou','6');
INSERT INTO adviser(pid,cname,startdate,enddate) VALUES (7,'Administrative Officer','Darren Ensten','73');
INSERT INTO adviser(pid,cname,startdate,enddate) VALUES (8,'Biostatistician IV','Elly Baroux','91');
INSERT INTO adviser(pid,cname,startdate,enddate) VALUES (9,'Geologist III','Rachael Beernt','96');
INSERT INTO adviser(pid,cname,startdate,enddate) VALUES (10,'Senior Developer','Cthrine Ridehalgh','52');
INSERT INTO adviser(pid,cname,startdate,enddate) VALUES (11,'Senior Quality Engineer','Toiboid Sharpley','13');
INSERT INTO adviser(pid,cname,startdate,enddate) VALUES (12,'Senior Sales Associate','Lexis Shelmardine','40');
INSERT INTO adviser(pid,cname,startdate,enddate) VALUES (13,'Research Nurse','Inigo Ryland','78');
INSERT INTO adviser(pid,cname,startdate,enddate) VALUES (14,'Desktop Support Technician','Alvie Schuelcke','85');
INSERT INTO adviser(pid,cname,startdate,enddate) VALUES (15,'Help Desk Technician','Dynah Downage','36');
INSERT INTO adviser(pid,cname,startdate,enddate) VALUES (16,'Nurse','Brinn Altamirano','4');
INSERT INTO adviser(pid,cname,startdate,enddate) VALUES (17,'Tax Accountant','Lothario Tethcote','48');
INSERT INTO adviser(pid,cname,startdate,enddate) VALUES (18,'Senior Quality Engineer','Cheslie Harrema','45');
INSERT INTO adviser(pid,cname,startdate,enddate) VALUES (19,'Financial Analyst','Aland Westoll','68');
INSERT INTO adviser(pid,cname,startdate,enddate) VALUES (20,'Editor','Emmerich Bellini','81');
INSERT INTO adviser(pid,cname,startdate,enddate) VALUES (21,'Design Engineer','Sidonia Hache','3');
INSERT INTO adviser(pid,cname,startdate,enddate) VALUES (22,'Geologist IV','Chery Von Welden','85');
INSERT INTO adviser(pid,cname,startdate,enddate) VALUES (23,'Research Associate','Mort Luckings','96');
INSERT INTO adviser(pid,cname,startdate,enddate) VALUES (24,'Social Worker','Halimeda Glantz','10');
INSERT INTO adviser(pid,cname,startdate,enddate) VALUES (25,'Senior Financial Analyst','Alberta Stathers','44');
INSERT INTO adviser(pid,cname,startdate,enddate) VALUES (26,'Assistant Manager','Stafani Annwyl','7');
INSERT INTO adviser(pid,cname,startdate,enddate) VALUES (27,'VP Quality Control','Conrado Dozdill','17');
INSERT INTO adviser(pid,cname,startdate,enddate) VALUES (28,'Junior Executive','Barbie Heining','70');
INSERT INTO adviser(pid,cname,startdate,enddate) VALUES (29,'Recruiting Manager','Rose Leighfield','38');
INSERT INTO adviser(pid,cname,startdate,enddate) VALUES (30,'VP Product Management','Melonie Maypole','72');
INSERT INTO adviser(pid,cname,startdate,enddate) VALUES (31,'Assistant Manager','Wayne Haspineall','64');
INSERT INTO adviser(pid,cname,startdate,enddate) VALUES (32,'Senior Financial Analyst','Harley Larret','19');
INSERT INTO adviser(pid,cname,startdate,enddate) VALUES (33,'Marketing Manager','Temple Lippard','17');
INSERT INTO adviser(pid,cname,startdate,enddate) VALUES (34,'Operator','Leeann Shipton','18');
INSERT INTO adviser(pid,cname,startdate,enddate) VALUES (35,'Executive Secretary','Lamond Guice','95');
INSERT INTO adviser(pid,cname,startdate,enddate) VALUES (36,'Chemical Engineer','Linus Rameau','62');
INSERT INTO adviser(pid,cname,startdate,enddate) VALUES (37,'Automation Specialist IV','Tiebout Piff','31');
INSERT INTO adviser(pid,cname,startdate,enddate) VALUES (38,'Paralegal','Dina Luker','28');
INSERT INTO adviser(pid,cname,startdate,enddate) VALUES (39,'Software Engineer III','Rora Spykings','1');
INSERT INTO adviser(pid,cname,startdate,enddate) VALUES (40,'Paralegal','Tracy Downes','8');
INSERT INTO adviser(pid,cname,startdate,enddate) VALUES (41,'Engineer IV','Ware Norwell','6');
INSERT INTO adviser(pid,cname,startdate,enddate) VALUES (42,'Registered Nurse','Gabbi Bartels-Ellis','28');
INSERT INTO adviser(pid,cname,startdate,enddate) VALUES (43,'VP Quality Control','Mylo Jahncke','75');
INSERT INTO adviser(pid,cname,startdate,enddate) VALUES (44,'Staff Scientist','Cherry Gammell','41');
INSERT INTO adviser(pid,cname,startdate,enddate) VALUES (45,'Sales Representative','Helli Swynfen','63');
INSERT INTO adviser(pid,cname,startdate,enddate) VALUES (46,'Staff Scientist','Phip Karsh','68');
INSERT INTO adviser(pid,cname,startdate,enddate) VALUES (47,'Office Assistant II','Stavro Castanos','65');
INSERT INTO adviser(pid,cname,startdate,enddate) VALUES (48,'Internal Auditor','Gilberte Mellodey','63');
INSERT INTO adviser(pid,cname,startdate,enddate) VALUES (49,'Research Associate','Andrej Luckham','56');
INSERT INTO adviser(pid,cname,startdate,enddate) VALUES (50,'Legal Assistant','Loise Pattrick','11');
INSERT INTO adviser(pid,cname,startdate,enddate) VALUES (51,'Cost Accountant','Maighdiln Causier','88');
INSERT INTO adviser(pid,cname,startdate,enddate) VALUES (52,'Programmer Analyst II','Llewellyn Russi','60');
INSERT INTO adviser(pid,cname,startdate,enddate) VALUES (53,'Occupational Therapist','Marilyn Kingswell','55');
INSERT INTO adviser(pid,cname,startdate,enddate) VALUES (54,'Media Manager IV','Tyrus Stearn','82');
INSERT INTO adviser(pid,cname,startdate,enddate) VALUES (55,'Environmental Specialist','Aron Mullen','20');
INSERT INTO adviser(pid,cname,startdate,enddate) VALUES (56,'Programmer Analyst IV','Lanny Marlowe','8');
INSERT INTO adviser(pid,cname,startdate,enddate) VALUES (57,'Junior Executive','Lorry De Bernardis','92');
INSERT INTO adviser(pid,cname,startdate,enddate) VALUES (58,'Environmental Tech','Mata Dymond','26');
INSERT INTO adviser(pid,cname,startdate,enddate) VALUES (59,'Design Engineer','Colly Treffrey','55');
INSERT INTO adviser(pid,cname,startdate,enddate) VALUES (60,'VP Quality Control','Ferrell Ridolfi','7');
INSERT INTO adviser(pid,cname,startdate,enddate) VALUES (61,'Marketing Assistant','Boris Dally','1');
INSERT INTO adviser(pid,cname,startdate,enddate) VALUES (62,'Programmer III','Faith Conant','24');
INSERT INTO adviser(pid,cname,startdate,enddate) VALUES (63,'Sales Associate','Judon Iorillo','7');
INSERT INTO adviser(pid,cname,startdate,enddate) VALUES (64,'Compensation Analyst','Bran Rothery','82');
INSERT INTO adviser(pid,cname,startdate,enddate) VALUES (65,'Civil Engineer','Ashil Elby','96');
INSERT INTO adviser(pid,cname,startdate,enddate) VALUES (66,'Administrative Officer','Afton Cayle','98');
INSERT INTO adviser(pid,cname,startdate,enddate) VALUES (67,'Nuclear Power Engineer','Anjanette Shortell','10');
INSERT INTO adviser(pid,cname,startdate,enddate) VALUES (68,'Accountant III','Peterus Colrein','32');
INSERT INTO adviser(pid,cname,startdate,enddate) VALUES (69,'Administrative Assistant I','Revkah Simony','47');
INSERT INTO adviser(pid,cname,startdate,enddate) VALUES (70,'Environmental Specialist','Feliks Bather','50');
INSERT INTO adviser(pid,cname,startdate,enddate) VALUES (71,'Legal Assistant','Arlin Rouff','71');
INSERT INTO adviser(pid,cname,startdate,enddate) VALUES (72,'Senior Editor','Rhianna Rice','6');
INSERT INTO adviser(pid,cname,startdate,enddate) VALUES (73,'Dental Hygienist','Kass Dudley','52');
INSERT INTO adviser(pid,cname,startdate,enddate) VALUES (74,'Internal Auditor','Stu Rennebach','45');
INSERT INTO adviser(pid,cname,startdate,enddate) VALUES (75,'Financial Analyst','Reg Cornier','13');
INSERT INTO adviser(pid,cname,startdate,enddate) VALUES (76,'Payment Adjustment Coordinator','Jim Chapelhow','21');
INSERT INTO adviser(pid,cname,startdate,enddate) VALUES (77,'Help Desk Technician','Filbert Paula','77');
INSERT INTO adviser(pid,cname,startdate,enddate) VALUES (78,'Dental Hygienist','Delmore Rigden','30');
INSERT INTO adviser(pid,cname,startdate,enddate) VALUES (79,'Senior Editor','Lilli Brignell','81');
INSERT INTO adviser(pid,cname,startdate,enddate) VALUES (80,'Graphic Designer','Deidre Hambelton','45');
INSERT INTO adviser(pid,cname,startdate,enddate) VALUES (81,'Cost Accountant','Damon Revel','30');
INSERT INTO adviser(pid,cname,startdate,enddate) VALUES (82,'Occupational Therapist','Shayne Denniston','43');
INSERT INTO adviser(pid,cname,startdate,enddate) VALUES (83,'Automation Specialist IV','Chucho Havesides','6');
INSERT INTO adviser(pid,cname,startdate,enddate) VALUES (84,'Account Executive','Winny D''Onise','65');
INSERT INTO adviser(pid,cname,startdate,enddate) VALUES (85,'Compensation Analyst','Bettye Colbourne','32');
INSERT INTO adviser(pid,cname,startdate,enddate) VALUES (86,'Project Manager','Carolin Baumaier','43');
INSERT INTO adviser(pid,cname,startdate,enddate) VALUES (87,'Biostatistician IV','Shanta Simms','7');
INSERT INTO adviser(pid,cname,startdate,enddate) VALUES (88,'Project Manager','Frasco Coonihan','66');
INSERT INTO adviser(pid,cname,startdate,enddate) VALUES (89,'Programmer I','Padgett Knok','90');
INSERT INTO adviser(pid,cname,startdate,enddate) VALUES (90,'Administrative Assistant IV','Arron Maseyk','27');
INSERT INTO adviser(pid,cname,startdate,enddate) VALUES (91,'Assistant Manager','Marga Keig','2');
INSERT INTO adviser(pid,cname,startdate,enddate) VALUES (92,'Teacher','Devan Pitford','9');
INSERT INTO adviser(pid,cname,startdate,enddate) VALUES (93,'Recruiter','Suzy Brisson','58');
INSERT INTO adviser(pid,cname,startdate,enddate) VALUES (94,'Statistician II','Tally Templar','15');
INSERT INTO adviser(pid,cname,startdate,enddate) VALUES (95,'VP Quality Control','Raquela Blundon','3');
INSERT INTO adviser(pid,cname,startdate,enddate) VALUES (96,'Senior Cost Accountant','Sadella Twittey','39');
INSERT INTO adviser(pid,cname,startdate,enddate) VALUES (97,'Help Desk Technician','Raquel Hinkens','24');
INSERT INTO adviser(pid,cname,startdate,enddate) VALUES (98,'Desktop Support Technician','Damian Simpole','56');
INSERT INTO adviser(pid,cname,startdate,enddate) VALUES (99,'Food Chemist','Glyn Ickeringill','60');
INSERT INTO adviser(pid,cname,startdate,enddate) VALUES (100,'Structural Engineer','Florette Saxton','24');

--End of inserts for adviser

INSERT INTO adviser_specialties(pid,cname,startdate,enddate) VALUES (43,'Mylo Jahncke','75','Energy');
INSERT INTO adviser_specialties(pid,cname,startdate,enddate) VALUES (52,'Llewellyn Russi','60','Finance');
INSERT INTO adviser_specialties(pid,cname,startdate,enddate) VALUES (4,'Waylon Boots','90','Technology');
INSERT INTO adviser_specialties(pid,cname,startdate,enddate) VALUES (63,'Judon Iorillo','7','Neural Networks');
INSERT INTO adviser_specialties(pid,cname,startdate,enddate) VALUES (56,'Lanny Marlowe','8','Health Care');
INSERT INTO adviser_specialties(pid,cname,startdate,enddate) VALUES (18,'Cheslie Harrema','45','Finance');
INSERT INTO adviser_specialties(pid,cname,startdate,enddate) VALUES (3,'Scarlett Costelow','3','Consumer Services');
INSERT INTO adviser_specialties(pid,cname,startdate,enddate) VALUES (53,'Marilyn Kingswell','55','Consumer Non-Durables');
INSERT INTO adviser_specialties(pid,cname,startdate,enddate) VALUES (83,'Chucho Havesides','6','Neural Networks');
INSERT INTO adviser_specialties(pid,cname,startdate,enddate) VALUES (9,'Rachael Beernt','96','Neural Networks');
INSERT INTO adviser_specialties(pid,cname,startdate,enddate) VALUES (6,'Winston Casterou','6','Public Utilities');
INSERT INTO adviser_specialties(pid,cname,startdate,enddate) VALUES (45,'Helli Swynfen','63','Consumer Services');
INSERT INTO adviser_specialties(pid,cname,startdate,enddate) VALUES (41,'Ware Norwell','6','Neural Networks');
INSERT INTO adviser_specialties(pid,cname,startdate,enddate) VALUES (74,'Stu Rennebach','45','Energy');
INSERT INTO adviser_specialties(pid,cname,startdate,enddate) VALUES (70,'Feliks Bather','50','Capital Goods');
INSERT INTO adviser_specialties(pid,cname,startdate,enddate) VALUES (45,'Helli Swynfen','63','Energy');
INSERT INTO adviser_specialties(pid,cname,startdate,enddate) VALUES (44,'Cherry Gammell','41','Consumer Services');
INSERT INTO adviser_specialties(pid,cname,startdate,enddate) VALUES (51,'Maighdiln Causier','88','Neural Networks');
INSERT INTO adviser_specialties(pid,cname,startdate,enddate) VALUES (52,'Llewellyn Russi','60','Neural Networks');
INSERT INTO adviser_specialties(pid,cname,startdate,enddate) VALUES (70,'Feliks Bather','50','Consumer Services');
INSERT INTO adviser_specialties(pid,cname,startdate,enddate) VALUES (47,'Stavro Castanos','65','Health Care');
INSERT INTO adviser_specialties(pid,cname,startdate,enddate) VALUES (98,'Damian Simpole','56','Neural Networks');
INSERT INTO adviser_specialties(pid,cname,startdate,enddate) VALUES (90,'Arron Maseyk','27','Miscellaneous');
INSERT INTO adviser_specialties(pid,cname,startdate,enddate) VALUES (83,'Chucho Havesides','6','Finance');
INSERT INTO adviser_specialties(pid,cname,startdate,enddate) VALUES (76,'Jim Chapelhow','21','Energy');
INSERT INTO adviser_specialties(pid,cname,startdate,enddate) VALUES (80,'Deidre Hambelton','45','Neural Networks');
INSERT INTO adviser_specialties(pid,cname,startdate,enddate) VALUES (6,'Winston Casterou','6','Miscellaneous');
INSERT INTO adviser_specialties(pid,cname,startdate,enddate) VALUES (72,'Rhianna Rice','6','Finance');
INSERT INTO adviser_specialties(pid,cname,startdate,enddate) VALUES (66,'Afton Cayle','98','Technology');
INSERT INTO adviser_specialties(pid,cname,startdate,enddate) VALUES (41,'Ware Norwell','6','Finance');
INSERT INTO adviser_specialties(pid,cname,startdate,enddate) VALUES (51,'Maighdiln Causier','88','Health Care');
INSERT INTO adviser_specialties(pid,cname,startdate,enddate) VALUES (29,'Rose Leighfield','38','Neural Networks');
INSERT INTO adviser_specialties(pid,cname,startdate,enddate) VALUES (7,'Darren Ensten','73','Neural Networks');
INSERT INTO adviser_specialties(pid,cname,startdate,enddate) VALUES (71,'Arlin Rouff','71','Health Care');
INSERT INTO adviser_specialties(pid,cname,startdate,enddate) VALUES (23,'Mort Luckings','96','Basic Industries');
INSERT INTO adviser_specialties(pid,cname,startdate,enddate) VALUES (66,'Afton Cayle','98','Finance');
INSERT INTO adviser_specialties(pid,cname,startdate,enddate) VALUES (16,'Brinn Altamirano','4','Health Care');
INSERT INTO adviser_specialties(pid,cname,startdate,enddate) VALUES (76,'Jim Chapelhow','21','Consumer Services');
INSERT INTO adviser_specialties(pid,cname,startdate,enddate) VALUES (77,'Filbert Paula','77','Miscellaneous');
INSERT INTO adviser_specialties(pid,cname,startdate,enddate) VALUES (20,'Emmerich Bellini','81','Technology');
INSERT INTO adviser_specialties(pid,cname,startdate,enddate) VALUES (43,'Mylo Jahncke','75','Health Care');
INSERT INTO adviser_specialties(pid,cname,startdate,enddate) VALUES (89,'Padgett Knok','90','Consumer Durables');
INSERT INTO adviser_specialties(pid,cname,startdate,enddate) VALUES (44,'Cherry Gammell','41','Public Utilities');
INSERT INTO adviser_specialties(pid,cname,startdate,enddate) VALUES (70,'Feliks Bather','50','Miscellaneous');
INSERT INTO adviser_specialties(pid,cname,startdate,enddate) VALUES (62,'Faith Conant','24','Neural Networks');
INSERT INTO adviser_specialties(pid,cname,startdate,enddate) VALUES (78,'Delmore Rigden','30','Neural Networks');
INSERT INTO adviser_specialties(pid,cname,startdate,enddate) VALUES (25,'Alberta Stathers','44','Neural Networks');
INSERT INTO adviser_specialties(pid,cname,startdate,enddate) VALUES (43,'Mylo Jahncke','75','Neural Networks');
INSERT INTO adviser_specialties(pid,cname,startdate,enddate) VALUES (55,'Aron Mullen','20','Finance');
INSERT INTO adviser_specialties(pid,cname,startdate,enddate) VALUES (52,'Llewellyn Russi','60','Neural Networks');
INSERT INTO adviser_specialties(pid,cname,startdate,enddate) VALUES (10,'Cthrine Ridehalgh','52','Health Care');
INSERT INTO adviser_specialties(pid,cname,startdate,enddate) VALUES (4,'Waylon Boots','90','Health Care');
INSERT INTO adviser_specialties(pid,cname,startdate,enddate) VALUES (78,'Delmore Rigden','30','Neural Networks');
INSERT INTO adviser_specialties(pid,cname,startdate,enddate) VALUES (51,'Maighdiln Causier','88','Miscellaneous');
INSERT INTO adviser_specialties(pid,cname,startdate,enddate) VALUES (80,'Deidre Hambelton','45','Health Care');
INSERT INTO adviser_specialties(pid,cname,startdate,enddate) VALUES (18,'Cheslie Harrema','45','Energy');
INSERT INTO adviser_specialties(pid,cname,startdate,enddate) VALUES (69,'Revkah Simony','47','Miscellaneous');
INSERT INTO adviser_specialties(pid,cname,startdate,enddate) VALUES (59,'Colly Treffrey','55','Neural Networks');
INSERT INTO adviser_specialties(pid,cname,startdate,enddate) VALUES (15,'Dynah Downage','36','Health Care');
INSERT INTO adviser_specialties(pid,cname,startdate,enddate) VALUES (21,'Sidonia Hache','3','Finance');
INSERT INTO adviser_specialties(pid,cname,startdate,enddate) VALUES (56,'Lanny Marlowe','8','Neural Networks');
INSERT INTO adviser_specialties(pid,cname,startdate,enddate) VALUES (98,'Damian Simpole','56','Neural Networks');
INSERT INTO adviser_specialties(pid,cname,startdate,enddate) VALUES (30,'Melonie Maypole','72','Consumer Services');
INSERT INTO adviser_specialties(pid,cname,startdate,enddate) VALUES (13,'Inigo Ryland','78','Neural Networks');
INSERT INTO adviser_specialties(pid,cname,startdate,enddate) VALUES (1,'Rupert Sorrel','46','Neural Networks');
INSERT INTO adviser_specialties(pid,cname,startdate,enddate) VALUES (41,'Ware Norwell','6','Consumer Services');
INSERT INTO adviser_specialties(pid,cname,startdate,enddate) VALUES (25,'Alberta Stathers','44','Energy');
INSERT INTO adviser_specialties(pid,cname,startdate,enddate) VALUES (10,'Cthrine Ridehalgh','52','Neural Networks');
INSERT INTO adviser_specialties(pid,cname,startdate,enddate) VALUES (24,'Halimeda Glantz','10','Finance');
INSERT INTO adviser_specialties(pid,cname,startdate,enddate) VALUES (27,'Conrado Dozdill','17','Neural Networks');
INSERT INTO adviser_specialties(pid,cname,startdate,enddate) VALUES (98,'Damian Simpole','56','Consumer Services');
INSERT INTO adviser_specialties(pid,cname,startdate,enddate) VALUES (69,'Revkah Simony','47','Consumer Services');
INSERT INTO adviser_specialties(pid,cname,startdate,enddate) VALUES (9,'Rachael Beernt','96','Health Care');
INSERT INTO adviser_specialties(pid,cname,startdate,enddate) VALUES (33,'Temple Lippard','17','Health Care');
INSERT INTO adviser_specialties(pid,cname,startdate,enddate) VALUES (74,'Stu Rennebach','45','Neural Networks');
INSERT INTO adviser_specialties(pid,cname,startdate,enddate) VALUES (75,'Reg Cornier','13','Neural Networks');
INSERT INTO adviser_specialties(pid,cname,startdate,enddate) VALUES (18,'Cheslie Harrema','45','Miscellaneous');
INSERT INTO adviser_specialties(pid,cname,startdate,enddate) VALUES (89,'Padgett Knok','90','Health Care');
INSERT INTO adviser_specialties(pid,cname,startdate,enddate) VALUES (73,'Kass Dudley','52','Neural Networks');
INSERT INTO adviser_specialties(pid,cname,startdate,enddate) VALUES (35,'Lamond Guice','95','Neural Networks');
INSERT INTO adviser_specialties(pid,cname,startdate,enddate) VALUES (77,'Filbert Paula','77','Finance');
INSERT INTO adviser_specialties(pid,cname,startdate,enddate) VALUES (15,'Dynah Downage','36','Miscellaneous');
INSERT INTO adviser_specialties(pid,cname,startdate,enddate) VALUES (96,'Sadella Twittey','39','Consumer Services');
INSERT INTO adviser_specialties(pid,cname,startdate,enddate) VALUES (41,'Ware Norwell','6','Energy');
INSERT INTO adviser_specialties(pid,cname,startdate,enddate) VALUES (36,'Linus Rameau','62','Finance');
INSERT INTO adviser_specialties(pid,cname,startdate,enddate) VALUES (65,'Ashil Elby','96','Miscellaneous');
INSERT INTO adviser_specialties(pid,cname,startdate,enddate) VALUES (37,'Tiebout Piff','31','Basic Industries');
INSERT INTO adviser_specialties(pid,cname,startdate,enddate) VALUES (42,'Gabbi Bartels-Ellis','28','Neural Networks');
INSERT INTO adviser_specialties(pid,cname,startdate,enddate) VALUES (7,'Darren Ensten','73','Basic Industries');
INSERT INTO adviser_specialties(pid,cname,startdate,enddate) VALUES (57,'Lorry De Bernardis','92','Finance');
INSERT INTO adviser_specialties(pid,cname,startdate,enddate) VALUES (12,'Lexis Shelmardine','40','Health Care');
INSERT INTO adviser_specialties(pid,cname,startdate,enddate) VALUES (70,'Feliks Bather','50','Consumer Services');
INSERT INTO adviser_specialties(pid,cname,startdate,enddate) VALUES (94,'Tally Templar','15','Neural Networks');
INSERT INTO adviser_specialties(pid,cname,startdate,enddate) VALUES (23,'Mort Luckings','96','Finance');
INSERT INTO adviser_specialties(pid,cname,startdate,enddate) VALUES (12,'Lexis Shelmardine','40','Finance');
INSERT INTO adviser_specialties(pid,cname,startdate,enddate) VALUES (34,'Leeann Shipton','18','Finance');
INSERT INTO adviser_specialties(pid,cname,startdate,enddate) VALUES (37,'Tiebout Piff','31','Neural Networks');
INSERT INTO adviser_specialties(pid,cname,startdate,enddate) VALUES (65,'Ashil Elby','96','Neural Networks');
INSERT INTO adviser_specialties(pid,cname,startdate,enddate) VALUES (76,'Jim Chapelhow','21','Neural Networks');
INSERT INTO adviser_specialties(pid,cname,startdate,enddate) VALUES (62,'Faith Conant','24','Technology');

--End of insert for adviser adviser_specialties

INSERT INTO student(snum,sname,course,bday,empno,cname,pid) VALUES (1,'Desirae Buxam','Consumer Services','2019-07-28 11:17:08',7,'Shuffletag',19);
INSERT INTO student(snum,sname,course,bday,empno,cname,pid) VALUES (2,'Dianne MacComiskey','Basic Industries','2019-02-23 16:30:38',87,'Edgetag',22);
INSERT INTO student(snum,sname,course,bday,empno,cname,pid) VALUES (3,'Natalie Sneezem','Consumer Services','2019-02-19 23:41:54',76,'Centimia',23);
INSERT INTO student(snum,sname,course,bday,empno,cname,pid) VALUES (4,'Prinz McCahey','Public Utilities','2019-11-10 00:30:01',61,'Devshare',13);
INSERT INTO student(snum,sname,course,bday,empno,cname,pid) VALUES (5,'Allyn Bohler','Technology','2019-01-02 22:10:20',47,'Katz',2);
INSERT INTO student(snum,sname,course,bday,empno,cname,pid) VALUES (6,'Angel Marchiso','Consumer Services','2019-01-26 06:43:17',21,'Feedbug',69);
INSERT INTO student(snum,sname,course,bday,empno,cname,pid) VALUES (7,'Benedikt Rickaby','Technology','2019-07-24 21:49:55',54,'Katz',2);
INSERT INTO student(snum,sname,course,bday,empno,cname,pid) VALUES (8,'Sharline Berthel','Health Care','2018-12-14 08:30:58',22,'Brainbox',70);
INSERT INTO student(snum,sname,course,bday,empno,cname,pid) VALUES (9,'Heall Burchmore','Health Care','2019-02-26 14:19:46',88,'Riffwire',7);
INSERT INTO student(snum,sname,course,bday,empno,cname,pid) VALUES (10,'Jeanette Garlee','Miscellaneous','2019-10-21 20:19:57',89,'Buzzster',37);
INSERT INTO student(snum,sname,course,bday,empno,cname,pid) VALUES (11,'Berri Kneeland','Finance','2019-02-04 14:40:16',34,'Demivee',49);
INSERT INTO student(snum,sname,course,bday,empno,cname,pid) VALUES (12,'Mommy McVeigh','Miscellaneous','2019-03-28 11:56:09',85,'Demivee',49);
INSERT INTO student(snum,sname,course,bday,empno,cname,pid) VALUES (13,'Joete Campa','Consumer Services','2019-11-06 21:58:57',59,'Youfeed',63);
INSERT INTO student(snum,sname,course,bday,empno,cname,pid) VALUES (14,'Ivett Bridgett','Computer Science','2019-08-11 16:27:02',39,'Skimia',28);
INSERT INTO student(snum,sname,course,bday,empno,cname,pid) VALUES (15,'Gussy Decort','Capital Goods','2018-12-28 04:18:42',91,'Dabtype',17);
INSERT INTO student(snum,sname,course,bday,empno,cname,pid) VALUES (16,'Andrey Stanistreet','Finance','2019-03-26 06:55:38',38,'Fadeo',100);
INSERT INTO student(snum,sname,course,bday,empno,cname,pid) VALUES (17,'Nanny Swatheridge','Consumer Services','2018-11-25 08:06:18',86,'Buzzdog',87);
INSERT INTO student(snum,sname,course,bday,empno,cname,pid) VALUES (18,'Bibby Lages','Consumer Services','2019-02-15 06:23:49',95,'Wikizz',14);
INSERT INTO student(snum,sname,course,bday,empno,cname,pid) VALUES (19,'Cassi Robbings','Public Utilities','2019-07-12 22:05:42',6,'Trunyx',15);
INSERT INTO student(snum,sname,course,bday,empno,cname,pid) VALUES (20,'Ofella Harhoff','Computer Science','2019-05-15 08:34:52',66,'Tagcat',85);
INSERT INTO student(snum,sname,course,bday,empno,cname,pid) VALUES (21,'Carlene Haresnaip','Consumer Services','2019-01-18 15:13:38',19,'Dablist',81);
INSERT INTO student(snum,sname,course,bday,empno,cname,pid) VALUES (22,'Corene Petch','Computer Science','2019-11-12 01:04:12',76,'Dynabox',98);
INSERT INTO student(snum,sname,course,bday,empno,cname,pid) VALUES (23,'Rancell Zylberdik','Basic Industries','2019-05-18 02:56:50',73,'Voolia',12);
INSERT INTO student(snum,sname,course,bday,empno,cname,pid) VALUES (24,'Riley Swindles','Technology','2019-06-15 11:43:12',80,'Riffwire',7);
INSERT INTO student(snum,sname,course,bday,empno,cname,pid) VALUES (25,'Herculie Feavyour','Computer Science','2019-10-25 12:05:04',73,'Zoomlounge',64);
INSERT INTO student(snum,sname,course,bday,empno,cname,pid) VALUES (26,'Ermina Blaksland','Consumer Services','2019-07-21 14:42:04',29,'Yakijo',51);
INSERT INTO student(snum,sname,course,bday,empno,cname,pid) VALUES (27,'Crichton Rawnsley','Finance','2019-11-06 15:53:11',77,'Skimia',28);
INSERT INTO student(snum,sname,course,bday,empno,cname,pid) VALUES (28,'Hildagard Tiron','Health Care','2019-03-27 18:15:35',7,'Kare',32);
INSERT INTO student(snum,sname,course,bday,empno,cname,pid) VALUES (29,'Jessey Latey','Technology','2019-10-03 00:14:05',11,'Voolia',9);
INSERT INTO student(snum,sname,course,bday,empno,cname,pid) VALUES (30,'Hieronymus Stailey','Energy','2018-11-24 16:15:29',70,'Thoughtmix',61);
INSERT INTO student(snum,sname,course,bday,empno,cname,pid) VALUES (31,'Celia Attiwill','Energy','2019-04-10 05:57:45',12,'Trudeo',79);
INSERT INTO student(snum,sname,course,bday,empno,cname,pid) VALUES (32,'Cornela Dallow','Technology','2019-10-01 07:46:00',67,'Skyba',39);
INSERT INTO student(snum,sname,course,bday,empno,cname,pid) VALUES (33,'Morena Nigh','Computer Science','2019-08-24 01:59:08',88,'Tagfeed',50);
INSERT INTO student(snum,sname,course,bday,empno,cname,pid) VALUES (34,'Alfi Probbin','Consumer Non-Durables','2019-05-22 15:34:09',3,'Tagcat',85);
INSERT INTO student(snum,sname,course,bday,empno,cname,pid) VALUES (35,'Borg Hoffner','Technology','2019-09-08 14:41:43',44,'Topicblab',20);
INSERT INTO student(snum,sname,course,bday,empno,cname,pid) VALUES (36,'Glennie Kesby','Consumer Services','2019-08-13 15:00:29',45,'Kare',32);
INSERT INTO student(snum,sname,course,bday,empno,cname,pid) VALUES (37,'Jordan Leyrroyd','Capital Goods','2019-11-18 08:59:15',79,'Dynabox',45);
INSERT INTO student(snum,sname,course,bday,empno,cname,pid) VALUES (38,'Archibaldo Nan Carrow','Technology','2019-03-22 16:33:10',79,'Realpoint',42);
INSERT INTO student(snum,sname,course,bday,empno,cname,pid) VALUES (39,'Demetri McJarrow','Computer Science','2019-09-30 04:15:38',7,'Zoomdog',99);
INSERT INTO student(snum,sname,course,bday,empno,cname,pid) VALUES (40,'Frasco Keal','Computer Science','2019-11-12 22:34:41',19,'Topiclounge',93);
INSERT INTO student(snum,sname,course,bday,empno,cname,pid) VALUES (41,'Silva Tomasian','Finance','2019-06-10 18:25:25',49,'Katz',2);
INSERT INTO student(snum,sname,course,bday,empno,cname,pid) VALUES (42,'Fara Guice','Computer Science','2019-05-21 05:22:48',56,'Trilia',47);
INSERT INTO student(snum,sname,course,bday,empno,cname,pid) VALUES (43,'Roxie Hitter','Computer Science','2018-12-02 18:52:04',30,'Zoombeat',66);
INSERT INTO student(snum,sname,course,bday,empno,cname,pid) VALUES (44,'Aridatha Wanderschek','Finance','2019-06-17 12:26:51',34,'Zoomlounge',64);
INSERT INTO student(snum,sname,course,bday,empno,cname,pid) VALUES (45,'Holmes Westoff','Finance','2019-06-24 20:43:15',77,'Brainbox',86);
INSERT INTO student(snum,sname,course,bday,empno,cname,pid) VALUES (46,'Cassaundra Lyokhin','Computer Science','2019-04-25 23:38:14',81,'Rhynoodle',67);
INSERT INTO student(snum,sname,course,bday,empno,cname,pid) VALUES (47,'Aldridge Barclay','Computer Science','2019-07-28 09:50:21',10,'Voolia',9);
INSERT INTO student(snum,sname,course,bday,empno,cname,pid) VALUES (48,'Rhoda Musto','Computer Science','2019-05-08 09:42:35',89,'Voolia',58);
INSERT INTO student(snum,sname,course,bday,empno,cname,pid) VALUES (49,'Chance Derisley','Health Care','2019-11-08 01:40:32',7,'Thoughtmix',61);
INSERT INTO student(snum,sname,course,bday,empno,cname,pid) VALUES (50,'Carmelle Chazette','Energy','2019-10-05 01:37:33',94,'Blogtags',55);
INSERT INTO student(snum,sname,course,bday,empno,cname,pid) VALUES (51,'Daphne Rowat','Transportation','2019-05-30 12:29:38',50,'Eayo',71);
INSERT INTO student(snum,sname,course,bday,empno,cname,pid) VALUES (52,'Archie Gahagan','Technology','2019-01-21 05:29:37',67,'Shuffletag',19);
INSERT INTO student(snum,sname,course,bday,empno,cname,pid) VALUES (53,'Knox Milmith','Capital Goods','2019-07-13 15:29:52',64,'Camido',83);
INSERT INTO student(snum,sname,course,bday,empno,cname,pid) VALUES (54,'Currie Burnitt','Finance','2019-02-01 08:53:29',32,'Bluezoom',59);
INSERT INTO student(snum,sname,course,bday,empno,cname,pid) VALUES (55,'Ashlen Caghy','Consumer Services','2019-06-13 20:40:46',64,'Omba',36);
INSERT INTO student(snum,sname,course,bday,empno,cname,pid) VALUES (56,'Ethelbert Espinho','Consumer Non-Durables','2019-01-24 14:15:47',27,'Agivu',48);
INSERT INTO student(snum,sname,course,bday,empno,cname,pid) VALUES (57,'Josias Salters','Basic Industries','2019-05-18 20:40:15',87,'Quire',97);
INSERT INTO student(snum,sname,course,bday,empno,cname,pid) VALUES (58,'Fransisco Lindroos','Technology','2019-08-16 08:02:31',90,'Skyba',39);
INSERT INTO student(snum,sname,course,bday,empno,cname,pid) VALUES (59,'Alexine Greenough','Finance','2019-07-09 03:26:32',59,'Twitterbridge',21);
INSERT INTO student(snum,sname,course,bday,empno,cname,pid) VALUES (60,'Sunny Gallop','Finance','2019-03-13 00:52:48',38,'Muxo',27);
INSERT INTO student(snum,sname,course,bday,empno,cname,pid) VALUES (61,'Clarance Lathaye','Consumer Services','2019-03-17 17:46:24',69,'Ozu',18);
INSERT INTO student(snum,sname,course,bday,empno,cname,pid) VALUES (62,'Bryn Riddler','Finance','2019-10-11 09:59:10',58,'Brainbox',70);
INSERT INTO student(snum,sname,course,bday,empno,cname,pid) VALUES (63,'Farly Jellard','Computer Science','2019-08-11 13:22:44',67,'Trilia',47);
INSERT INTO student(snum,sname,course,bday,empno,cname,pid) VALUES (64,'Timothy Dulanty','Energy','2019-03-18 02:10:42',31,'Dabtype',3);
INSERT INTO student(snum,sname,course,bday,empno,cname,pid) VALUES (65,'Paolo Stag','Health Care','2018-12-16 01:21:55',38,'Voolia',12);
INSERT INTO student(snum,sname,course,bday,empno,cname,pid) VALUES (66,'Neill Blackborough','Capital Goods','2019-01-31 22:33:53',64,'Linkbuzz',40);
INSERT INTO student(snum,sname,course,bday,empno,cname,pid) VALUES (67,'Roslyn Cullon','Consumer Services','2018-12-18 17:43:49',17,'Voolia',58);
INSERT INTO student(snum,sname,course,bday,empno,cname,pid) VALUES (68,'Lanita Eayres','Finance','2019-03-15 12:41:50',59,'Demivee',49);
INSERT INTO student(snum,sname,course,bday,empno,cname,pid) VALUES (69,'Jere Sacaze','Energy','2019-02-22 13:27:25',77,'Innotype',73);
INSERT INTO student(snum,sname,course,bday,empno,cname,pid) VALUES (70,'Tanner Cracoe','Health Care','2019-08-18 11:31:32',82,'Devbug',34);
INSERT INTO student(snum,sname,course,bday,empno,cname,pid) VALUES (71,'Vilma Kenyon','Energy','2018-12-17 20:37:37',15,'Realpoint',42);
INSERT INTO student(snum,sname,course,bday,empno,cname,pid) VALUES (72,'Nils Baccus','Health Care','2019-11-03 21:15:27',91,'Yoveo',96);
INSERT INTO student(snum,sname,course,bday,empno,cname,pid) VALUES (73,'Craig Hakewell','Computer Science','2019-09-01 04:36:15',9,'Gabvine',95);
INSERT INTO student(snum,sname,course,bday,empno,cname,pid) VALUES (74,'Bertrando Sawford','Finance','2019-03-10 17:13:35',53,'Oyope',24);
INSERT INTO student(snum,sname,course,bday,empno,cname,pid) VALUES (75,'Roley Hauch','Basic Industries','2019-08-28 00:32:25',45,'Katz',2);
INSERT INTO student(snum,sname,course,bday,empno,cname,pid) VALUES (76,'Lincoln Furphy','Computer Science','2018-12-02 15:52:41',66,'Voolia',9);
INSERT INTO student(snum,sname,course,bday,empno,cname,pid) VALUES (77,'Lyndell Kenan','Finance','2019-08-16 00:50:59',71,'Quinu',52);
INSERT INTO student(snum,sname,course,bday,empno,cname,pid) VALUES (78,'Lynnea Eldin','Health Care','2019-04-03 13:16:04',47,'Wikizz',14);
INSERT INTO student(snum,sname,course,bday,empno,cname,pid) VALUES (79,'Margarethe Gunstone','Finance','2019-03-20 16:59:16',52,'Omba',36);
INSERT INTO student(snum,sname,course,bday,empno,cname,pid) VALUES (80,'Shannah Castagnone','Consumer Services','2019-08-31 22:51:24',70,'Zooxo',11);
INSERT INTO student(snum,sname,course,bday,empno,cname,pid) VALUES (81,'Burr Whitewood','Technology','2019-08-12 02:59:04',1,'Eare',10);
INSERT INTO student(snum,sname,course,bday,empno,cname,pid) VALUES (82,'Darla Sexten','Finance','2019-05-03 04:27:05',29,'Vitz',38);
INSERT INTO student(snum,sname,course,bday,empno,cname,pid) VALUES (83,'Page Mogey','Capital Goods','2019-02-14 04:27:50',97,'Photojam',56);
INSERT INTO student(snum,sname,course,bday,empno,cname,pid) VALUES (84,'Steffen Tournie','Finance','2019-09-26 23:01:54',14,'Brainbox',86);
INSERT INTO student(snum,sname,course,bday,empno,cname,pid) VALUES (85,'Cleavland Proschek','Health Care','2019-06-03 05:04:26',65,'Topicblab',20);
INSERT INTO student(snum,sname,course,bday,empno,cname,pid) VALUES (86,'Lisetta Rottenbury','Computer Science','2019-11-11 22:08:27',92,'Youfeed',89);
INSERT INTO student(snum,sname,course,bday,empno,cname,pid) VALUES (87,'Parsifal Ondrusek','Computer Science','2019-06-28 05:13:54',84,'Trilith',5);
INSERT INTO student(snum,sname,course,bday,empno,cname,pid) VALUES (88,'Kellie Eagle','Computer Science','2019-11-07 13:20:08',6,'Youfeed',63);
INSERT INTO student(snum,sname,course,bday,empno,cname,pid) VALUES (89,'Jilleen Brugmann','Computer Science','2019-04-24 01:01:35',94,'Voonix',53);
INSERT INTO student(snum,sname,course,bday,empno,cname,pid) VALUES (90,'Jackqueline Louca','Computer Science','2019-04-07 20:55:29',41,'Dynabox',45);
INSERT INTO student(snum,sname,course,bday,empno,cname,pid) VALUES (91,'Dur Pearman','Technology','2019-05-14 20:17:48',42,'Vitz',38);
INSERT INTO student(snum,sname,course,bday,empno,cname,pid) VALUES (92,'Ann-marie Chilton','Consumer Services','2019-06-02 09:28:59',40,'Twitterbridge',21);
INSERT INTO student(snum,sname,course,bday,empno,cname,pid) VALUES (93,'Granger Yarnold','Miscellaneous','2019-10-22 11:36:28',69,'Tagpad',46);
INSERT INTO student(snum,sname,course,bday,empno,cname,pid) VALUES (94,'Marina Ingleston','Capital Goods','2019-11-15 11:29:59',36,'Vipe',91);
INSERT INTO student(snum,sname,course,bday,empno,cname,pid) VALUES (95,'Bartolomeo Dicky','Computer Science','2019-09-13 18:23:15',80,'Tagcat',85);
INSERT INTO student(snum,sname,course,bday,empno,cname,pid) VALUES (96,'Fernanda Limbert','Technology','2018-12-14 01:28:38',29,'Skyba',39);
INSERT INTO student(snum,sname,course,bday,empno,cname,pid) VALUES (97,'Solly Mower','Consumer Non-Durables','2019-01-23 22:11:17',8,'Buzzdog',87);
INSERT INTO student(snum,sname,course,bday,empno,cname,pid) VALUES (98,'Valina Blackbrough','Computer Science','2019-05-13 05:32:39',34,'Wikizz',14);
INSERT INTO student(snum,sname,course,bday,empno,cname,pid) VALUES (99,'Lara Darkins','Computer Science','2019-04-24 01:10:39',9,'Skyba',39);
INSERT INTO student(snum,sname,course,bday,empno,cname,pid) VALUES (100,'Trish Timperley','Consumer Services','2019-04-13 00:29:22',49,'Gabvine',95);

--End of insert for student

INSERT INTO task(taskid,dateass,datefin,difficulty,duration,designspecs,datainputtype,dataoutputtype,isfrontend,isbackend,pid,snum) VALUES (1,'11/30/2017','3/11/2019',8,466.0050925926,'Sauce - Apple, Unsweetened','Fuscia','Red','false','true',72,69);
INSERT INTO task(taskid,dateass,datefin,difficulty,duration,designspecs,datainputtype,dataoutputtype,isfrontend,isbackend,pid,snum) VALUES (2,'8/22/2018','5/13/2019',8,264.2814236111,'Green Scrubbie Pad H.duty','Fuscia','Maroon',NULL,NULL,29,19);
INSERT INTO task(taskid,dateass,datefin,difficulty,duration,designspecs,datainputtype,dataoutputtype,isfrontend,isbackend,pid,snum) VALUES (3,'4/21/2018','10/5/2019',8,531.5216203704,'Worcestershire Sauce','Green','Maroon','false','true',76,76);
INSERT INTO task(taskid,dateass,datefin,difficulty,duration,designspecs,datainputtype,dataoutputtype,isfrontend,isbackend,pid,snum) VALUES (4,'2/19/2018','4/28/2019',2,433.5692361111,'Raspberries - Fresh','Pink','Turquoise',NULL,NULL,12,43);
INSERT INTO task(taskid,dateass,datefin,difficulty,duration,designspecs,datainputtype,dataoutputtype,isfrontend,isbackend,pid,snum) VALUES (5,'6/18/2018','3/26/2019',10,280.9628935185,'Soup Knorr Chili With Beans','Yellow','Goldenrod','true','true',11,40);
INSERT INTO task(taskid,dateass,datefin,difficulty,duration,designspecs,datainputtype,dataoutputtype,isfrontend,isbackend,pid,snum) VALUES (6,'11/5/2018','1/12/2019',8,68.8388657407,'Chicken - Bones','Puce','Goldenrod','true','true',61,38);
INSERT INTO task(taskid,dateass,datefin,difficulty,duration,designspecs,datainputtype,dataoutputtype,isfrontend,isbackend,pid,snum) VALUES (7,'6/20/2018','11/18/2019',9,516.18125,'Chicken - Whole','Green','Teal',NULL,NULL,13,92);
INSERT INTO task(taskid,dateass,datefin,difficulty,duration,designspecs,datainputtype,dataoutputtype,isfrontend,isbackend,pid,snum) VALUES (8,'1/27/2018','6/5/2019',9,493.9467476852,'Appetizer - Assorted Box','Crimson','Pink','false','false',14,91);
INSERT INTO task(taskid,dateass,datefin,difficulty,duration,designspecs,datainputtype,dataoutputtype,isfrontend,isbackend,pid,snum) VALUES (9,'8/30/2018','2/1/2019',4,155.8051157407,'Water - Mineral, Natural','Fuscia','Yellow',NULL,NULL,47,93);
INSERT INTO task(taskid,dateass,datefin,difficulty,duration,designspecs,datainputtype,dataoutputtype,isfrontend,isbackend,pid,snum) VALUES (10,'6/10/2018','10/14/2019',2,490.0431712963,'Star Fruit','Crimson','Green','false','true',19,39);
INSERT INTO task(taskid,dateass,datefin,difficulty,duration,designspecs,datainputtype,dataoutputtype,isfrontend,isbackend,pid,snum) VALUES (11,'6/19/2018','6/14/2019',1,360.1952662037,'Fish - Soup Base, Bouillon','Aquamarine','Crimson','false','false',67,31);
INSERT INTO task(taskid,dateass,datefin,difficulty,duration,designspecs,datainputtype,dataoutputtype,isfrontend,isbackend,pid,snum) VALUES (12,'12/30/2017','12/7/2018',2,341.561400463,'Towel - Roll White','Teal','Teal','true','false',40,48);
INSERT INTO task(taskid,dateass,datefin,difficulty,duration,designspecs,datainputtype,dataoutputtype,isfrontend,isbackend,pid,snum) VALUES (13,'6/16/2018','12/6/2018',5,173.3540277778,'Lobster - Tail 6 Oz','Maroon','Khaki','true','true',75,98);
INSERT INTO task(taskid,dateass,datefin,difficulty,duration,designspecs,datainputtype,dataoutputtype,isfrontend,isbackend,pid,snum) VALUES (14,'9/29/2018','6/10/2019',2,253.4911574074,'Tuna - Bluefin','Teal','Fuscia','true','true',17,28);
INSERT INTO task(taskid,dateass,datefin,difficulty,duration,designspecs,datainputtype,dataoutputtype,isfrontend,isbackend,pid,snum) VALUES (15,'5/7/2018','9/15/2019',9,495.2015162037,'Wasabi Paste','Mauv','Violet',NULL,NULL,82,42);
INSERT INTO task(taskid,dateass,datefin,difficulty,duration,designspecs,datainputtype,dataoutputtype,isfrontend,isbackend,pid,snum) VALUES (16,'7/25/2018','5/3/2019',6,282.0151736111,'Everfresh Products','Mauv','Orange','false','false',71,4);
INSERT INTO task(taskid,dateass,datefin,difficulty,duration,designspecs,datainputtype,dataoutputtype,isfrontend,isbackend,pid,snum) VALUES (17,'8/22/2018','9/11/2019',2,384.9052777778,'Beer - Mill St Organic','Teal','Maroon',NULL,NULL,96,99);
INSERT INTO task(taskid,dateass,datefin,difficulty,duration,designspecs,datainputtype,dataoutputtype,isfrontend,isbackend,pid,snum) VALUES (18,'6/2/2018','3/6/2019',10,276.8953935185,'Tea - Vanilla Chai','Puce','Fuscia','true','true',94,10);
INSERT INTO task(taskid,dateass,datefin,difficulty,duration,designspecs,datainputtype,dataoutputtype,isfrontend,isbackend,pid,snum) VALUES (19,'12/25/2017','6/16/2019',8,537.2005902778,'Pears - Bartlett','Green','Blue','true','false',69,19);
INSERT INTO task(taskid,dateass,datefin,difficulty,duration,designspecs,datainputtype,dataoutputtype,isfrontend,isbackend,pid,snum) VALUES (20,'3/30/2018','4/27/2019',10,392.7921296296,'Tart Shells - Savory, 2','Green','Violet',NULL,NULL,73,61);
INSERT INTO task(taskid,dateass,datefin,difficulty,duration,designspecs,datainputtype,dataoutputtype,isfrontend,isbackend,pid,snum) VALUES (21,'7/26/2018','4/10/2019',5,258.2427314815,'Shrimp - Black Tiger 6 - 8','Yellow','Green','true','true',45,66);
INSERT INTO task(taskid,dateass,datefin,difficulty,duration,designspecs,datainputtype,dataoutputtype,isfrontend,isbackend,pid,snum) VALUES (22,'9/25/2018','3/8/2019',7,163.3981134259,'Cheese - Mascarpone','Maroon','Goldenrod',NULL,NULL,36,63);
INSERT INTO task(taskid,dateass,datefin,difficulty,duration,designspecs,datainputtype,dataoutputtype,isfrontend,isbackend,pid,snum) VALUES (23,'1/7/2018','7/29/2019',8,567.4805439815,'Juice - Orange 1.89l','Crimson','Mauv','true','false',47,95);
INSERT INTO task(taskid,dateass,datefin,difficulty,duration,designspecs,datainputtype,dataoutputtype,isfrontend,isbackend,pid,snum) VALUES (24,'5/13/2018','6/27/2019',9,410.1688310185,'Lid Coffeecup 12oz D9542b','Aquamarine','Turquoise','true','false',19,40);
INSERT INTO task(taskid,dateass,datefin,difficulty,duration,designspecs,datainputtype,dataoutputtype,isfrontend,isbackend,pid,snum) VALUES (25,'8/19/2018','6/26/2019',4,310.8405324074,'V8 Pet','Turquoise','Red','true','true',36,38);
INSERT INTO task(taskid,dateass,datefin,difficulty,duration,designspecs,datainputtype,dataoutputtype,isfrontend,isbackend,pid,snum) VALUES (26,'6/12/2018','4/22/2019',8,314.2337268519,'Gloves - Goldtouch Disposable','Teal','Red','true','true',47,21);
INSERT INTO task(taskid,dateass,datefin,difficulty,duration,designspecs,datainputtype,dataoutputtype,isfrontend,isbackend,pid,snum) VALUES (27,'5/17/2018','11/16/2019',10,548.3002893519,'Pasta - Lasagna Noodle, Frozen','Yellow','Mauv',NULL,NULL,58,11);
INSERT INTO task(taskid,dateass,datefin,difficulty,duration,designspecs,datainputtype,dataoutputtype,isfrontend,isbackend,pid,snum) VALUES (28,'6/2/2018','6/28/2019',9,390.9173726852,'Honey - Lavender','Blue','Maroon','true','true',52,42);
INSERT INTO task(taskid,dateass,datefin,difficulty,duration,designspecs,datainputtype,dataoutputtype,isfrontend,isbackend,pid,snum) VALUES (29,'7/6/2018','8/26/2019',4,415.68125,'Arrowroot','Maroon','Pink',NULL,NULL,10,11);
INSERT INTO task(taskid,dateass,datefin,difficulty,duration,designspecs,datainputtype,dataoutputtype,isfrontend,isbackend,pid,snum) VALUES (30,'4/30/2018','6/11/2019',2,406.7291319444,'Beef - Bones, Cut - Up','Goldenrod','Blue','true','false',61,89);
INSERT INTO task(taskid,dateass,datefin,difficulty,duration,designspecs,datainputtype,dataoutputtype,isfrontend,isbackend,pid,snum) VALUES (31,'1/10/2018','2/23/2019',2,409.2176851852,'Cheese - Brie,danish','Violet','Indigo',NULL,NULL,84,22);
INSERT INTO task(taskid,dateass,datefin,difficulty,duration,designspecs,datainputtype,dataoutputtype,isfrontend,isbackend,pid,snum) VALUES (32,'1/4/2018','4/28/2019',2,478.8647800926,'Dried Cherries','Yellow','Turquoise','true','false',24,31);
INSERT INTO task(taskid,dateass,datefin,difficulty,duration,designspecs,datainputtype,dataoutputtype,isfrontend,isbackend,pid,snum) VALUES (33,'2/24/2018','10/30/2019',10,612.6571527778,'Juice - Prune','Pink','Khaki',NULL,NULL,70,50);
INSERT INTO task(taskid,dateass,datefin,difficulty,duration,designspecs,datainputtype,dataoutputtype,isfrontend,isbackend,pid,snum) VALUES (34,'10/16/2018','10/29/2019',4,378.4153009259,'Grapes - Red','Puce','Aquamarine','false','false',84,49);
INSERT INTO task(taskid,dateass,datefin,difficulty,duration,designspecs,datainputtype,dataoutputtype,isfrontend,isbackend,pid,snum) VALUES (35,'11/3/2018','11/1/2019',9,363.687650463,'Mushroom - King Eryingii','Fuscia','Violet',NULL,NULL,3,100);
INSERT INTO task(taskid,dateass,datefin,difficulty,duration,designspecs,datainputtype,dataoutputtype,isfrontend,isbackend,pid,snum) VALUES (36,'11/15/2018','6/8/2019',4,204.9520833333,'Lobster - Cooked','Yellow','Aquamarine',NULL,NULL,6,87);
INSERT INTO task(taskid,dateass,datefin,difficulty,duration,designspecs,datainputtype,dataoutputtype,isfrontend,isbackend,pid,snum) VALUES (37,'8/25/2018','6/5/2019',8,284.1789351852,'Cornstarch','Crimson','Aquamarine','false','true',70,57);
INSERT INTO task(taskid,dateass,datefin,difficulty,duration,designspecs,datainputtype,dataoutputtype,isfrontend,isbackend,pid,snum) VALUES (38,'3/4/2018','1/1/2019',10,302.2787152778,'Wine - White, Riesling, Semi - Dry','Goldenrod','Violet','true','false',5,100);
INSERT INTO task(taskid,dateass,datefin,difficulty,duration,designspecs,datainputtype,dataoutputtype,isfrontend,isbackend,pid,snum) VALUES (39,'1/19/2018','1/31/2019',5,377.0734953704,'Scallops - Live In Shell','Crimson','Fuscia','false','false',62,81);
INSERT INTO task(taskid,dateass,datefin,difficulty,duration,designspecs,datainputtype,dataoutputtype,isfrontend,isbackend,pid,snum) VALUES (40,'7/1/2018','9/23/2019',4,448.3419328704,'Sauce - Thousand Island','Fuscia','Red','true','true',23,1);
INSERT INTO task(taskid,dateass,datefin,difficulty,duration,designspecs,datainputtype,dataoutputtype,isfrontend,isbackend,pid,snum) VALUES (41,'11/29/2017','9/20/2019',10,660.3573842593,'Container Clear 8 Oz','Aquamarine','Yellow','false','false',94,70);
INSERT INTO task(taskid,dateass,datefin,difficulty,duration,designspecs,datainputtype,dataoutputtype,isfrontend,isbackend,pid,snum) VALUES (42,'3/4/2018','3/19/2019',4,379.7695717593,'Lamb - Racks, Frenched','Violet','Indigo',NULL,NULL,66,5);
INSERT INTO task(taskid,dateass,datefin,difficulty,duration,designspecs,datainputtype,dataoutputtype,isfrontend,isbackend,pid,snum) VALUES (43,'5/26/2018','6/25/2019',7,395.1848263889,'Nut - Pumpkin Seeds','Goldenrod','Goldenrod','false','true',15,24);
INSERT INTO task(taskid,dateass,datefin,difficulty,duration,designspecs,datainputtype,dataoutputtype,isfrontend,isbackend,pid,snum) VALUES (44,'11/17/2018','5/24/2019',4,188.4247800926,'Tray - Foam, Square 4 - S','Purple','Mauv',NULL,NULL,49,99);
INSERT INTO task(taskid,dateass,datefin,difficulty,duration,designspecs,datainputtype,dataoutputtype,isfrontend,isbackend,pid,snum) VALUES (45,'2/27/2018','1/8/2019',8,315.1901157407,'Tofu - Soft','Maroon','Khaki','false','false',69,47);
INSERT INTO task(taskid,dateass,datefin,difficulty,duration,designspecs,datainputtype,dataoutputtype,isfrontend,isbackend,pid,snum) VALUES (46,'3/2/2018','3/23/2019',5,386.0482523148,'Potatoes - Fingerling 4 Oz','Khaki','Indigo','true','false',70,55);
INSERT INTO task(taskid,dateass,datefin,difficulty,duration,designspecs,datainputtype,dataoutputtype,isfrontend,isbackend,pid,snum) VALUES (47,'4/2/2018','12/30/2018',9,271.5861689815,'Pork - Ham Hocks - Smoked','Red','Purple',NULL,NULL,21,44);
INSERT INTO task(taskid,dateass,datefin,difficulty,duration,designspecs,datainputtype,dataoutputtype,isfrontend,isbackend,pid,snum) VALUES (48,'3/11/2018','12/13/2018',7,277.6399305556,'Canadian Emmenthal','Aquamarine','Blue','true','true',70,68);
INSERT INTO task(taskid,dateass,datefin,difficulty,duration,designspecs,datainputtype,dataoutputtype,isfrontend,isbackend,pid,snum) VALUES (49,'10/20/2018','2/4/2019',5,107.8105208333,'Truffle Cups - Brown','Violet','Aquamarine','false','true',81,96);
INSERT INTO task(taskid,dateass,datefin,difficulty,duration,designspecs,datainputtype,dataoutputtype,isfrontend,isbackend,pid,snum) VALUES (50,'3/14/2018','10/17/2019',8,582.0606712963,'Bag Stand','Fuscia','Fuscia','false','true',75,14);
INSERT INTO task(taskid,dateass,datefin,difficulty,duration,designspecs,datainputtype,dataoutputtype,isfrontend,isbackend,pid,snum) VALUES (51,'7/26/2018','2/24/2019',7,213.2992476852,'Cream - 10%','Aquamarine','Maroon',NULL,NULL,12,80);
INSERT INTO task(taskid,dateass,datefin,difficulty,duration,designspecs,datainputtype,dataoutputtype,isfrontend,isbackend,pid,snum) VALUES (52,'5/25/2018','11/11/2019',1,535.76125,'Bread - French Baquette','Violet','Yellow',NULL,NULL,71,74);
INSERT INTO task(taskid,dateass,datefin,difficulty,duration,designspecs,datainputtype,dataoutputtype,isfrontend,isbackend,pid,snum) VALUES (53,'12/12/2017','2/12/2019',4,426.841400463,'Vermouth - White, Cinzano','Crimson','Pink','false','true',5,40);
INSERT INTO task(taskid,dateass,datefin,difficulty,duration,designspecs,datainputtype,dataoutputtype,isfrontend,isbackend,pid,snum) VALUES (54,'8/14/2018','2/11/2019',5,180.6064699074,'Lamb - Racks, Frenched','Teal','Indigo','false','false',74,71);
INSERT INTO task(taskid,dateass,datefin,difficulty,duration,designspecs,datainputtype,dataoutputtype,isfrontend,isbackend,pid,snum) VALUES (55,'6/19/2018','3/7/2019',2,260.5253472222,'Wine - Soave Folonari','Yellow','Pink','true','false',26,68);
INSERT INTO task(taskid,dateass,datefin,difficulty,duration,designspecs,datainputtype,dataoutputtype,isfrontend,isbackend,pid,snum) VALUES (56,'11/14/2018','7/2/2019',3,230.5768634259,'Squid - Tubes / Tenticles 10/20','Mauv','Purple',NULL,NULL,73,71);
INSERT INTO task(taskid,dateass,datefin,difficulty,duration,designspecs,datainputtype,dataoutputtype,isfrontend,isbackend,pid,snum) VALUES (57,'3/13/2018','1/24/2019',7,317.4897800926,'Wine - Peller Estates Late','Orange','Blue',NULL,NULL,20,91);
INSERT INTO task(taskid,dateass,datefin,difficulty,duration,designspecs,datainputtype,dataoutputtype,isfrontend,isbackend,pid,snum) VALUES (58,'10/12/2018','9/25/2019',10,348.0075115741,'Breakfast Quesadillas','Turquoise','Mauv','true','false',16,85);
INSERT INTO task(taskid,dateass,datefin,difficulty,duration,designspecs,datainputtype,dataoutputtype,isfrontend,isbackend,pid,snum) VALUES (59,'5/28/2018','12/24/2018',6,209.7702777778,'Pectin','Aquamarine','Red','true','false',60,50);
INSERT INTO task(taskid,dateass,datefin,difficulty,duration,designspecs,datainputtype,dataoutputtype,isfrontend,isbackend,pid,snum) VALUES (60,'5/8/2018','2/3/2019',10,270.6119675926,'Cheese - Cheddar With Claret','Orange','Purple','true','true',23,85);
INSERT INTO task(taskid,dateass,datefin,difficulty,duration,designspecs,datainputtype,dataoutputtype,isfrontend,isbackend,pid,snum) VALUES (61,'5/5/2018','1/22/2019',5,262.3406597222,'Wine - Red, Black Opal Shiraz','Blue','Turquoise','true','false',26,10);
INSERT INTO task(taskid,dateass,datefin,difficulty,duration,designspecs,datainputtype,dataoutputtype,isfrontend,isbackend,pid,snum) VALUES (62,'11/12/2018','1/30/2019',8,79.0677546296,'Longos - Chicken Wings','Violet','Blue','false','false',23,63);
INSERT INTO task(taskid,dateass,datefin,difficulty,duration,designspecs,datainputtype,dataoutputtype,isfrontend,isbackend,pid,snum) VALUES (63,'7/28/2018','6/9/2019',10,316.2567013889,'Temperature Recording Station','Yellow','Turquoise',NULL,NULL,26,32);
INSERT INTO task(taskid,dateass,datefin,difficulty,duration,designspecs,datainputtype,dataoutputtype,isfrontend,isbackend,pid,snum) VALUES (64,'9/28/2018','7/24/2019',5,298.5676388889,'Liners - Banana, Paper','Red','Red',NULL,NULL,14,20);
INSERT INTO task(taskid,dateass,datefin,difficulty,duration,designspecs,datainputtype,dataoutputtype,isfrontend,isbackend,pid,snum) VALUES (65,'1/26/2018','11/10/2019',8,652.5637152778,'Peas - Frozen','Crimson','Pink','false','false',25,17);
INSERT INTO task(taskid,dateass,datefin,difficulty,duration,designspecs,datainputtype,dataoutputtype,isfrontend,isbackend,pid,snum) VALUES (66,'9/27/2018','3/3/2019',1,157.6879282407,'Sardines','Indigo','Fuscia',NULL,NULL,69,37);
INSERT INTO task(taskid,dateass,datefin,difficulty,duration,designspecs,datainputtype,dataoutputtype,isfrontend,isbackend,pid,snum) VALUES (67,'9/14/2018','9/20/2019',9,370.9758333333,'Fenngreek Seed','Indigo','Green',NULL,NULL,82,28);
INSERT INTO task(taskid,dateass,datefin,difficulty,duration,designspecs,datainputtype,dataoutputtype,isfrontend,isbackend,pid,snum) VALUES (68,'12/21/2017','9/1/2019',7,618.8695601852,'Wine - Chateau Aqueria Tavel','Fuscia','Aquamarine','true','false',33,15);
INSERT INTO task(taskid,dateass,datefin,difficulty,duration,designspecs,datainputtype,dataoutputtype,isfrontend,isbackend,pid,snum) VALUES (69,'7/26/2018','5/11/2019',5,289.6461111111,'Thyme - Lemon, Fresh','Turquoise','Pink','false','true',47,9);
INSERT INTO task(taskid,dateass,datefin,difficulty,duration,designspecs,datainputtype,dataoutputtype,isfrontend,isbackend,pid,snum) VALUES (70,'3/30/2018','6/19/2019',1,445.4667939815,'Nantucket - 518ml','Turquoise','Puce','true','false',89,57);
INSERT INTO task(taskid,dateass,datefin,difficulty,duration,designspecs,datainputtype,dataoutputtype,isfrontend,isbackend,pid,snum) VALUES (71,'12/23/2017','6/21/2019',10,544.7064351852,'Wine - Tio Pepe Sherry Fino','Maroon','Maroon',NULL,NULL,10,18);
INSERT INTO task(taskid,dateass,datefin,difficulty,duration,designspecs,datainputtype,dataoutputtype,isfrontend,isbackend,pid,snum) VALUES (72,'4/9/2018','4/1/2019',10,356.8445486111,'Cabbage Roll','Khaki','Goldenrod','true','true',56,17);
INSERT INTO task(taskid,dateass,datefin,difficulty,duration,designspecs,datainputtype,dataoutputtype,isfrontend,isbackend,pid,snum) VALUES (73,'6/23/2018','1/16/2019',7,207.2915856481,'Wine - Champagne Brut Veuve','Yellow','Yellow','false','true',62,4);
INSERT INTO task(taskid,dateass,datefin,difficulty,duration,designspecs,datainputtype,dataoutputtype,isfrontend,isbackend,pid,snum) VALUES (74,'6/17/2018','4/18/2019',9,305.4376041667,'Goat - Leg','Violet','Red','true','true',81,73);
INSERT INTO task(taskid,dateass,datefin,difficulty,duration,designspecs,datainputtype,dataoutputtype,isfrontend,isbackend,pid,snum) VALUES (75,'8/15/2018','2/26/2019',8,194.5229050926,'Jolt Cola - Red Eye','Maroon','Teal',NULL,NULL,34,98);
INSERT INTO task(taskid,dateass,datefin,difficulty,duration,designspecs,datainputtype,dataoutputtype,isfrontend,isbackend,pid,snum) VALUES (76,'2/5/2018','1/15/2019',7,344.2606944444,'Nut - Walnut, Chopped','Yellow','Mauv',NULL,NULL,52,47);
INSERT INTO task(taskid,dateass,datefin,difficulty,duration,designspecs,datainputtype,dataoutputtype,isfrontend,isbackend,pid,snum) VALUES (77,'6/14/2018','8/15/2019',10,427.3927314815,'Allspice - Jamaican','Khaki','Mauv','true','false',16,8);
INSERT INTO task(taskid,dateass,datefin,difficulty,duration,designspecs,datainputtype,dataoutputtype,isfrontend,isbackend,pid,snum) VALUES (78,'11/19/2018','11/15/2019',6,360.9534837963,'Flavouring - Rum','Maroon','Purple',NULL,NULL,63,43);
INSERT INTO task(taskid,dateass,datefin,difficulty,duration,designspecs,datainputtype,dataoutputtype,isfrontend,isbackend,pid,snum) VALUES (79,'1/8/2018','4/26/2019',4,473.6932986111,'Tia Maria','Crimson','Violet',NULL,NULL,19,54);
INSERT INTO task(taskid,dateass,datefin,difficulty,duration,designspecs,datainputtype,dataoutputtype,isfrontend,isbackend,pid,snum) VALUES (80,'8/11/2018','5/26/2019',2,288.2829513889,'Mayonnaise','Goldenrod','Green',NULL,NULL,25,31);
INSERT INTO task(taskid,dateass,datefin,difficulty,duration,designspecs,datainputtype,dataoutputtype,isfrontend,isbackend,pid,snum) VALUES (81,'1/7/2018','10/11/2019',7,641.6940277778,'Beans - Fava, Canned','Purple','Purple','false','false',33,54);
INSERT INTO task(taskid,dateass,datefin,difficulty,duration,designspecs,datainputtype,dataoutputtype,isfrontend,isbackend,pid,snum) VALUES (82,'7/27/2018','6/10/2019',8,318.6492708333,'Sobe - Cranberry Grapefruit','Maroon','Puce',NULL,NULL,42,83);
INSERT INTO task(taskid,dateass,datefin,difficulty,duration,designspecs,datainputtype,dataoutputtype,isfrontend,isbackend,pid,snum) VALUES (83,'5/11/2018','4/13/2019',7,337.2540740741,'Wine - Red, Antinori Santa','Green','Aquamarine','false','true',3,33);
INSERT INTO task(taskid,dateass,datefin,difficulty,duration,designspecs,datainputtype,dataoutputtype,isfrontend,isbackend,pid,snum) VALUES (84,'10/1/2018','2/9/2019',2,130.6218171296,'Vinegar - Cider','Teal','Maroon',NULL,NULL,61,13);
INSERT INTO task(taskid,dateass,datefin,difficulty,duration,designspecs,datainputtype,dataoutputtype,isfrontend,isbackend,pid,snum) VALUES (85,'10/16/2018','3/23/2019',10,158.1759953704,'Onions - Green','Yellow','Green','false','false',18,49);
INSERT INTO task(taskid,dateass,datefin,difficulty,duration,designspecs,datainputtype,dataoutputtype,isfrontend,isbackend,pid,snum) VALUES (86,'8/4/2018','3/9/2019',2,216.6022222222,'Lamb - Loin Chops','Teal','Orange','false','false',20,99);
INSERT INTO task(taskid,dateass,datefin,difficulty,duration,designspecs,datainputtype,dataoutputtype,isfrontend,isbackend,pid,snum) VALUES (87,'4/16/2018','8/21/2019',6,491.8826388889,'Oil - Avocado','Indigo','Maroon',NULL,NULL,10,20);
INSERT INTO task(taskid,dateass,datefin,difficulty,duration,designspecs,datainputtype,dataoutputtype,isfrontend,isbackend,pid,snum) VALUES (88,'5/26/2018','11/29/2018',3,186.8467939815,'Cup - 3.5oz, Foam','Mauv','Red','false','false',31,36);
INSERT INTO task(taskid,dateass,datefin,difficulty,duration,designspecs,datainputtype,dataoutputtype,isfrontend,isbackend,pid,snum) VALUES (89,'12/7/2017','12/27/2018',10,385.4949768519,'Bread - Sour Sticks With Onion','Orange','Maroon',NULL,NULL,24,53);
INSERT INTO task(taskid,dateass,datefin,difficulty,duration,designspecs,datainputtype,dataoutputtype,isfrontend,isbackend,pid,snum) VALUES (90,'5/15/2018','2/10/2019',10,270.9013194444,'Tart Shells - Sweet, 3','Indigo','Goldenrod',NULL,NULL,23,43);
INSERT INTO task(taskid,dateass,datefin,difficulty,duration,designspecs,datainputtype,dataoutputtype,isfrontend,isbackend,pid,snum) VALUES (91,'9/12/2018','5/29/2019',3,259.5294212963,'Butter Ripple - Phillips','Blue','Blue','true','false',75,84);
INSERT INTO task(taskid,dateass,datefin,difficulty,duration,designspecs,datainputtype,dataoutputtype,isfrontend,isbackend,pid,snum) VALUES (92,'8/2/2018','7/30/2019',9,362.154849537,'Beans - Kidney White','Orange','Mauv',NULL,NULL,45,59);
INSERT INTO task(taskid,dateass,datefin,difficulty,duration,designspecs,datainputtype,dataoutputtype,isfrontend,isbackend,pid,snum) VALUES (93,'5/23/2018','11/22/2019',5,548.5979513889,'Chocolate - Semi Sweet','Yellow','Blue','true','true',58,38);
INSERT INTO task(taskid,dateass,datefin,difficulty,duration,designspecs,datainputtype,dataoutputtype,isfrontend,isbackend,pid,snum) VALUES (94,'9/23/2018','6/20/2019',2,270.459849537,'Wine - Sawmill Creek Autumn','Yellow','Turquoise',NULL,NULL,20,34);
INSERT INTO task(taskid,dateass,datefin,difficulty,duration,designspecs,datainputtype,dataoutputtype,isfrontend,isbackend,pid,snum) VALUES (95,'3/3/2018','3/27/2019',3,389.2165625,'Lemonade - Natural, 591 Ml','Mauv','Mauv','false','false',54,92);
INSERT INTO task(taskid,dateass,datefin,difficulty,duration,designspecs,datainputtype,dataoutputtype,isfrontend,isbackend,pid,snum) VALUES (96,'7/21/2018','3/5/2019',8,227.2675925926,'Crab - Imitation Flakes','Indigo','Yellow','false','false',82,86);
INSERT INTO task(taskid,dateass,datefin,difficulty,duration,designspecs,datainputtype,dataoutputtype,isfrontend,isbackend,pid,snum) VALUES (97,'3/4/2018','5/25/2019',5,446.9910300926,'Stainless Steel Cleaner Vision','Indigo','Violet','true','false',68,4);
INSERT INTO task(taskid,dateass,datefin,difficulty,duration,designspecs,datainputtype,dataoutputtype,isfrontend,isbackend,pid,snum) VALUES (98,'12/24/2017','4/27/2019',1,489.0200347222,'Butter Balls Salted','Crimson','Orange','false','true',83,46);
INSERT INTO task(taskid,dateass,datefin,difficulty,duration,designspecs,datainputtype,dataoutputtype,isfrontend,isbackend,pid,snum) VALUES (99,'7/18/2018','2/16/2019',10,213.6840046296,'Ketchup - Tomato','Orange','Blue','false','true',25,5);
INSERT INTO task(taskid,dateass,datefin,difficulty,duration,designspecs,datainputtype,dataoutputtype,isfrontend,isbackend,pid,snum) VALUES (100,'1/7/2018','6/20/2019',2,529.034525463,'Bacon Strip Precooked','Red','Maroon',NULL,NULL,55,29);

--End of insert to task

INSERT INTO student_interns_company(snum,cname,year,salary,sem) VALUES (92,'Leenti',2012,53550,1);
INSERT INTO student_interns_company(snum,cname,year,salary,sem) VALUES (10,'Bluezoom',2008,82467,1);
INSERT INTO student_interns_company(snum,cname,year,salary,sem) VALUES (21,'Tagpad',1994,85573,2);
INSERT INTO student_interns_company(snum,cname,year,salary,sem) VALUES (12,'Wikizz',2002,61147,1);
INSERT INTO student_interns_company(snum,cname,year,salary,sem) VALUES (19,'Tagpad',1996,98267,2);
INSERT INTO student_interns_company(snum,cname,year,salary,sem) VALUES (87,'Shuffletag',2006,17521,2);
INSERT INTO student_interns_company(snum,cname,year,salary,sem) VALUES (87,'Oyope',2000,93549,2);
INSERT INTO student_interns_company(snum,cname,year,salary,sem) VALUES (13,'Riffwire',2003,37023,2);
INSERT INTO student_interns_company(snum,cname,year,salary,sem) VALUES (26,'Voolia',1992,73599,2);
INSERT INTO student_interns_company(snum,cname,year,salary,sem) VALUES (100,'Kwideo',2010,29992,1);
INSERT INTO student_interns_company(snum,cname,year,salary,sem) VALUES (16,'Trunyx',2006,70359,2);
INSERT INTO student_interns_company(snum,cname,year,salary,sem) VALUES (89,'Voolia',2011,81383,2);
INSERT INTO student_interns_company(snum,cname,year,salary,sem) VALUES (80,'Muxo',2000,33727,2);
INSERT INTO student_interns_company(snum,cname,year,salary,sem) VALUES (88,'Youspan',1997,99825,2);
INSERT INTO student_interns_company(snum,cname,year,salary,sem) VALUES (63,'Buzzdog',1998,30944,1);
INSERT INTO student_interns_company(snum,cname,year,salary,sem) VALUES (75,'Zoomlounge',1997,58091,1);
INSERT INTO student_interns_company(snum,cname,year,salary,sem) VALUES (20,'Quatz',1992,15965,1);
INSERT INTO student_interns_company(snum,cname,year,salary,sem) VALUES (97,'Zazio',2005,49106,1);
INSERT INTO student_interns_company(snum,cname,year,salary,sem) VALUES (5,'Dynabox',2012,79538,2);
INSERT INTO student_interns_company(snum,cname,year,salary,sem) VALUES (32,'Buzzshare',1978,31630,2);
INSERT INTO student_interns_company(snum,cname,year,salary,sem) VALUES (96,'Zoombeat',2012,86263,1);
INSERT INTO student_interns_company(snum,cname,year,salary,sem) VALUES (89,'Quatz',1993,27728,2);
INSERT INTO student_interns_company(snum,cname,year,salary,sem) VALUES (79,'Leenti',1993,30070,1);
INSERT INTO student_interns_company(snum,cname,year,salary,sem) VALUES (32,'Tagfeed',2006,72645,2);
INSERT INTO student_interns_company(snum,cname,year,salary,sem) VALUES (98,'Innotype',2011,23218,1);
INSERT INTO student_interns_company(snum,cname,year,salary,sem) VALUES (65,'Leenti',1999,47810,2);
INSERT INTO student_interns_company(snum,cname,year,salary,sem) VALUES (98,'Agivu',1993,72792,2);
INSERT INTO student_interns_company(snum,cname,year,salary,sem) VALUES (74,'Leenti',1986,49540,1);
INSERT INTO student_interns_company(snum,cname,year,salary,sem) VALUES (22,'Voolith',1997,25675,1);
INSERT INTO student_interns_company(snum,cname,year,salary,sem) VALUES (24,'Youfeed',2002,93565,1);
INSERT INTO student_interns_company(snum,cname,year,salary,sem) VALUES (14,'Zoozzy',2012,52658,2);
INSERT INTO student_interns_company(snum,cname,year,salary,sem) VALUES (36,'Eare',1997,30225,2);
INSERT INTO student_interns_company(snum,cname,year,salary,sem) VALUES (23,'Izio',2009,83119,1);
INSERT INTO student_interns_company(snum,cname,year,salary,sem) VALUES (21,'Gabvine',1995,63239,2);
INSERT INTO student_interns_company(snum,cname,year,salary,sem) VALUES (63,'Skyba',2006,71889,1);
INSERT INTO student_interns_company(snum,cname,year,salary,sem) VALUES (41,'Leenti',1997,30581,1);
INSERT INTO student_interns_company(snum,cname,year,salary,sem) VALUES (36,'Buzzdog',2008,96187,1);
INSERT INTO student_interns_company(snum,cname,year,salary,sem) VALUES (69,'Layo',1988,25428,2);
INSERT INTO student_interns_company(snum,cname,year,salary,sem) VALUES (41,'Thoughtmix',2009,58525,2);
INSERT INTO student_interns_company(snum,cname,year,salary,sem) VALUES (28,'Quire',2011,82927,1);
INSERT INTO student_interns_company(snum,cname,year,salary,sem) VALUES (100,'Twitterbridge',1994,50219,2);
INSERT INTO student_interns_company(snum,cname,year,salary,sem) VALUES (16,'Devshare',1988,57017,1);
INSERT INTO student_interns_company(snum,cname,year,salary,sem) VALUES (90,'LiveZ',1968,17887,2);
INSERT INTO student_interns_company(snum,cname,year,salary,sem) VALUES (11,'Shuffletag',1994,44627,1);
INSERT INTO student_interns_company(snum,cname,year,salary,sem) VALUES (65,'Topiclounge',1990,98007,2);
INSERT INTO student_interns_company(snum,cname,year,salary,sem) VALUES (57,'Voolith',1985,17667,1);
INSERT INTO student_interns_company(snum,cname,year,salary,sem) VALUES (36,'Agivu',2010,62608,1);
INSERT INTO student_interns_company(snum,cname,year,salary,sem) VALUES (59,'Dabtype',2011,52626,1);
INSERT INTO student_interns_company(snum,cname,year,salary,sem) VALUES (24,'Trunyx',1999,26721,1);
INSERT INTO student_interns_company(snum,cname,year,salary,sem) VALUES (93,'Linkbuzz',2003,81999,2);
INSERT INTO student_interns_company(snum,cname,year,salary,sem) VALUES (17,'Topicblab',1986,55517,1);
INSERT INTO student_interns_company(snum,cname,year,salary,sem) VALUES (41,'Demivee',2012,49162,2);
INSERT INTO student_interns_company(snum,cname,year,salary,sem) VALUES (25,'Devshare',2006,62662,1);
INSERT INTO student_interns_company(snum,cname,year,salary,sem) VALUES (73,'Skimia',2006,28351,1);
INSERT INTO student_interns_company(snum,cname,year,salary,sem) VALUES (93,'Riffwire',2010,24307,2);
INSERT INTO student_interns_company(snum,cname,year,salary,sem) VALUES (11,'Topiclounge',1995,41947,2);
INSERT INTO student_interns_company(snum,cname,year,salary,sem) VALUES (52,'Dablist',1993,37305,1);
INSERT INTO student_interns_company(snum,cname,year,salary,sem) VALUES (19,'Eayo',2002,19688,2);
INSERT INTO student_interns_company(snum,cname,year,salary,sem) VALUES (43,'Eayo',2004,84209,1);
INSERT INTO student_interns_company(snum,cname,year,salary,sem) VALUES (54,'Rhynoodle',2002,53692,1);
INSERT INTO student_interns_company(snum,cname,year,salary,sem) VALUES (87,'Meedoo',2008,60803,1);
INSERT INTO student_interns_company(snum,cname,year,salary,sem) VALUES (42,'Kwideo',1984,91834,2);
INSERT INTO student_interns_company(snum,cname,year,salary,sem) VALUES (39,'Quire',1996,72473,2);
INSERT INTO student_interns_company(snum,cname,year,salary,sem) VALUES (18,'Brainbox',2003,59511,2);
INSERT INTO student_interns_company(snum,cname,year,salary,sem) VALUES (52,'Gabvine',2011,98483,1);
INSERT INTO student_interns_company(snum,cname,year,salary,sem) VALUES (37,'Wikizz',2012,27868,1);
INSERT INTO student_interns_company(snum,cname,year,salary,sem) VALUES (51,'Layo',1994,60991,1);
INSERT INTO student_interns_company(snum,cname,year,salary,sem) VALUES (70,'Edgewire',2006,86813,1);
INSERT INTO student_interns_company(snum,cname,year,salary,sem) VALUES (69,'Voolia',2011,61034,2);
INSERT INTO student_interns_company(snum,cname,year,salary,sem) VALUES (26,'Devshare',2008,66643,1);
INSERT INTO student_interns_company(snum,cname,year,salary,sem) VALUES (71,'Gabvine',1992,32666,1);
INSERT INTO student_interns_company(snum,cname,year,salary,sem) VALUES (31,'Trunyx',2002,62478,1);
INSERT INTO student_interns_company(snum,cname,year,salary,sem) VALUES (13,'Riffwire',2010,94008,2);
INSERT INTO student_interns_company(snum,cname,year,salary,sem) VALUES (11,'Skajo',1998,72863,1);
INSERT INTO student_interns_company(snum,cname,year,salary,sem) VALUES (87,'Voolith',2009,55931,2);
INSERT INTO student_interns_company(snum,cname,year,salary,sem) VALUES (27,'Skimia',2007,72872,2);
INSERT INTO student_interns_company(snum,cname,year,salary,sem) VALUES (61,'Omba',1995,37835,2);
INSERT INTO student_interns_company(snum,cname,year,salary,sem) VALUES (40,'Edgetag',1967,49575,2);
INSERT INTO student_interns_company(snum,cname,year,salary,sem) VALUES (69,'Voolith',2002,25394,1);
INSERT INTO student_interns_company(snum,cname,year,salary,sem) VALUES (71,'Bluezoom',1981,76947,1);
INSERT INTO student_interns_company(snum,cname,year,salary,sem) VALUES (31,'Riffwire',2009,69942,2);
INSERT INTO student_interns_company(snum,cname,year,salary,sem) VALUES (15,'Rhynoodle',2008,97436,1);
INSERT INTO student_interns_company(snum,cname,year,salary,sem) VALUES (84,'Innotype',1995,81248,1);
INSERT INTO student_interns_company(snum,cname,year,salary,sem) VALUES (81,'Buzzdog',1993,21378,2);
INSERT INTO student_interns_company(snum,cname,year,salary,sem) VALUES (38,'Quire',2006,72889,1);
INSERT INTO student_interns_company(snum,cname,year,salary,sem) VALUES (21,'Buzzster',2001,16466,2);
INSERT INTO student_interns_company(snum,cname,year,salary,sem) VALUES (10,'Quire',1997,34904,1);
INSERT INTO student_interns_company(snum,cname,year,salary,sem) VALUES (92,'Dynabox',1993,68069,1);
INSERT INTO student_interns_company(snum,cname,year,salary,sem) VALUES (41,'Brainbox',1994,71018,1);
INSERT INTO student_interns_company(snum,cname,year,salary,sem) VALUES (15,'Trunyx',1995,71060,2);
INSERT INTO student_interns_company(snum,cname,year,salary,sem) VALUES (95,'Zoomdog',2000,68014,1);
INSERT INTO student_interns_company(snum,cname,year,salary,sem) VALUES (23,'Zoomlounge',2008,69650,1);
INSERT INTO student_interns_company(snum,cname,year,salary,sem) VALUES (81,'Youfeed',2002,31860,2);
INSERT INTO student_interns_company(snum,cname,year,salary,sem) VALUES (38,'Thoughtmix',1993,95323,1);
INSERT INTO student_interns_company(snum,cname,year,salary,sem) VALUES (90,'Dynabox',1926,41900,1);
INSERT INTO student_interns_company(snum,cname,year,salary,sem) VALUES (84,'Blogtags',2007,76829,2);
INSERT INTO student_interns_company(snum,cname,year,salary,sem) VALUES (31,'Eayo',2011,45590,2);
INSERT INTO student_interns_company(snum,cname,year,salary,sem) VALUES (96,'Dynabox',1991,66841,2);
INSERT INTO student_interns_company(snum,cname,year,salary,sem) VALUES (3,'Topiclounge',2010,24564,1);
INSERT INTO student_interns_company(snum,cname,year,salary,sem) VALUES (95,'Buzzdog',2003,77850,2);

--End of insert to student interns company

insert into student_assigned_task (snum, taskid) values (22, 67);
insert into student_assigned_task (snum, taskid) values (38, 23);
insert into student_assigned_task (snum, taskid) values (41, 83);
insert into student_assigned_task (snum, taskid) values (79, 42);
insert into student_assigned_task (snum, taskid) values (93, 100);
insert into student_assigned_task (snum, taskid) values (81, 94);
insert into student_assigned_task (snum, taskid) values (70, 92);
insert into student_assigned_task (snum, taskid) values (42, 100);
insert into student_assigned_task (snum, taskid) values (84, 61);
insert into student_assigned_task (snum, taskid) values (25, 87);
insert into student_assigned_task (snum, taskid) values (28, 24);
insert into student_assigned_task (snum, taskid) values (71, 54);
insert into student_assigned_task (snum, taskid) values (87, 42);
insert into student_assigned_task (snum, taskid) values (11, 27);
insert into student_assigned_task (snum, taskid) values (79, 51);
insert into student_assigned_task (snum, taskid) values (84, 20);
insert into student_assigned_task (snum, taskid) values (31, 6);
insert into student_assigned_task (snum, taskid) values (98, 26);
insert into student_assigned_task (snum, taskid) values (28, 26);
insert into student_assigned_task (snum, taskid) values (52, 28);
insert into student_assigned_task (snum, taskid) values (36, 49);
insert into student_assigned_task (snum, taskid) values (89, 36);
insert into student_assigned_task (snum, taskid) values (23, 79);
insert into student_assigned_task (snum, taskid) values (81, 51);
insert into student_assigned_task (snum, taskid) values (11, 54);
insert into student_assigned_task (snum, taskid) values (65, 23);
insert into student_assigned_task (snum, taskid) values (63, 8);
insert into student_assigned_task (snum, taskid) values (24, 4);
insert into student_assigned_task (snum, taskid) values (52, 33);
insert into student_assigned_task (snum, taskid) values (100, 10);
insert into student_assigned_task (snum, taskid) values (19, 36);
insert into student_assigned_task (snum, taskid) values (87, 84);
insert into student_assigned_task (snum, taskid) values (69, 24);
insert into student_assigned_task (snum, taskid) values (87, 62);
insert into student_assigned_task (snum, taskid) values (25, 48);
insert into student_assigned_task (snum, taskid) values (11, 84);
insert into student_assigned_task (snum, taskid) values (12, 25);
insert into student_assigned_task (snum, taskid) values (24, 27);
insert into student_assigned_task (snum, taskid) values (25, 78);
insert into student_assigned_task (snum, taskid) values (41, 92);
insert into student_assigned_task (snum, taskid) values (25, 50);
insert into student_assigned_task (snum, taskid) values (100, 31);
insert into student_assigned_task (snum, taskid) values (90, 49);
insert into student_assigned_task (snum, taskid) values (90, 42);
insert into student_assigned_task (snum, taskid) values (21, 41);
insert into student_assigned_task (snum, taskid) values (5, 2);
insert into student_assigned_task (snum, taskid) values (79, 5);
insert into student_assigned_task (snum, taskid) values (100, 81);
insert into student_assigned_task (snum, taskid) values (25, 76);
insert into student_assigned_task (snum, taskid) values (51, 15);
insert into student_assigned_task (snum, taskid) values (24, 4);
insert into student_assigned_task (snum, taskid) values (100, 66);
insert into student_assigned_task (snum, taskid) values (28, 93);
insert into student_assigned_task (snum, taskid) values (25, 31);
insert into student_assigned_task (snum, taskid) values (23, 46);
insert into student_assigned_task (snum, taskid) values (89, 15);
insert into student_assigned_task (snum, taskid) values (71, 38);
insert into student_assigned_task (snum, taskid) values (32, 12);
insert into student_assigned_task (snum, taskid) values (21, 30);
insert into student_assigned_task (snum, taskid) values (69, 34);
insert into student_assigned_task (snum, taskid) values (11, 61);
insert into student_assigned_task (snum, taskid) values (5, 41);
insert into student_assigned_task (snum, taskid) values (21, 96);
insert into student_assigned_task (snum, taskid) values (22, 1);
insert into student_assigned_task (snum, taskid) values (14, 52);
insert into student_assigned_task (snum, taskid) values (65, 35);
insert into student_assigned_task (snum, taskid) values (31, 48);
insert into student_assigned_task (snum, taskid) values (32, 97);
insert into student_assigned_task (snum, taskid) values (39, 74);
insert into student_assigned_task (snum, taskid) values (92, 1);
insert into student_assigned_task (snum, taskid) values (93, 67);
insert into student_assigned_task (snum, taskid) values (11, 24);
insert into student_assigned_task (snum, taskid) values (14, 30);
insert into student_assigned_task (snum, taskid) values (95, 86);
insert into student_assigned_task (snum, taskid) values (71, 6);
insert into student_assigned_task (snum, taskid) values (73, 79);
insert into student_assigned_task (snum, taskid) values (18, 22);
insert into student_assigned_task (snum, taskid) values (97, 56);
insert into student_assigned_task (snum, taskid) values (63, 97);
insert into student_assigned_task (snum, taskid) values (69, 65);
insert into student_assigned_task (snum, taskid) values (12, 51);
insert into student_assigned_task (snum, taskid) values (87, 29);
insert into student_assigned_task (snum, taskid) values (51, 18);
insert into student_assigned_task (snum, taskid) values (18, 64);
insert into student_assigned_task (snum, taskid) values (23, 66);
insert into student_assigned_task (snum, taskid) values (100, 10);
insert into student_assigned_task (snum, taskid) values (92, 88);
insert into student_assigned_task (snum, taskid) values (36, 10);
insert into student_assigned_task (snum, taskid) values (12, 16);
insert into student_assigned_task (snum, taskid) values (21, 5);
insert into student_assigned_task (snum, taskid) values (79, 38);
insert into student_assigned_task (snum, taskid) values (23, 31);
insert into student_assigned_task (snum, taskid) values (65, 33);
insert into student_assigned_task (snum, taskid) values (100, 39);
insert into student_assigned_task (snum, taskid) values (24, 96);
insert into student_assigned_task (snum, taskid) values (36, 41);
insert into student_assigned_task (snum, taskid) values (96, 66);
insert into student_assigned_task (snum, taskid) values (11, 33);
insert into student_assigned_task (snum, taskid) values (38, 58);
insert into student_assigned_task (snum, taskid) values (88, 13);

--End of insert to student_assigned_task
