INSERT INTO company(cname,cloc,usec,govdep,ceo,product) VALUES ('Bower','Otuzco','Casper Fishburn','Training',NULL,NULL);
INSERT INTO company(cname,cloc,usec,govdep,ceo,product) VALUES ('Kerr','Popielów','Natty Cridlon','Sales',NULL,NULL);
INSERT INTO company(cname,cloc,usec,govdep,ceo,product) VALUES ('Fraser','Nieszawa','Kiel Sculpher','Training',NULL,NULL);
INSERT INTO company(cname,cloc,usec,govdep,ceo,product) VALUES ('Gill','Jijiazhuang','Koo Rayman','Accounting',NULL,NULL);
INSERT INTO company(cname,cloc,usec,govdep,ceo,product) VALUES ('Dyer','Novi Sad','Florri Oke','Research and Development',NULL,NULL);
INSERT INTO company(cname,cloc,usec,govdep,ceo,product) VALUES ('Mackenzie','Bolotnoye',NULL,NULL,'Kerr Mewhirter','Automotive');
INSERT INTO company(cname,cloc,usec,govdep,ceo,product) VALUES ('Cornish','Hengfan',NULL,NULL,'Emanuele Pennings','Computers');
INSERT INTO company(cname,cloc,usec,govdep,ceo,product) VALUES ('Reid','San Diego',NULL,NULL,'Pete Turbayne','Toys');
INSERT INTO company(cname,cloc,usec,govdep,ceo,product) VALUES ('Parsons','Shanhou','Ardith Sheards','Marketing',NULL,NULL);
INSERT INTO company(cname,cloc,usec,govdep,ceo,product) VALUES ('Gray','Béré',NULL,NULL,'Jeane Giacometti','Garden');
INSERT INTO company(cname,cloc,usec,govdep,ceo,product) VALUES ('Underwood','Sidomulyo','Latrina Japp','Support',NULL,NULL);
INSERT INTO company(cname,cloc,usec,govdep,ceo,product) VALUES ('Howard','Novi Slankamen',NULL,NULL,'Ugo Rudolf','Jewelery');
INSERT INTO company(cname,cloc,usec,govdep,ceo,product) VALUES ('Carr','Trairi','Frederica Franscioni','Product Management',NULL,NULL);
INSERT INTO company(cname,cloc,usec,govdep,ceo,product) VALUES ('Cornish','Xianyang','Gibb Ethelstone','Product Management',NULL,NULL);
INSERT INTO company(cname,cloc,usec,govdep,ceo,product) VALUES ('Black','Massy','Earle Kettlestringe','Product Management',NULL,NULL);
INSERT INTO company(cname,cloc,usec,govdep,ceo,product) VALUES ('Harris','Lautaro','Morena Stoner','Engineering',NULL,NULL);
INSERT INTO company(cname,cloc,usec,govdep,ceo,product) VALUES ('McDonald','Brotas',NULL,NULL,'Nikolos Schulze','Clothing');
INSERT INTO company(cname,cloc,usec,govdep,ceo,product) VALUES ('Sanderson','Al Kittah',NULL,NULL,'Jolie Try','Shoes');
INSERT INTO company(cname,cloc,usec,govdep,ceo,product) VALUES ('Terry','Tianxin','Mersey Ladell','Business Development',NULL,NULL);
INSERT INTO company(cname,cloc,usec,govdep,ceo,product) VALUES ('Vance','Frontignan',NULL,NULL,'Katleen Lourens','Kids');
INSERT INTO company(cname,cloc,usec,govdep,ceo,product) VALUES ('Morrison','Tonghong','Peterus Chadwen','Human Resources',NULL,NULL);
INSERT INTO company(cname,cloc,usec,govdep,ceo,product) VALUES ('Peters','Pukkila','Frieda Nortunen','Product Management',NULL,NULL);
INSERT INTO company(cname,cloc,usec,govdep,ceo,product) VALUES ('Peake','Marsabit','Delbert Golds','Research and Development',NULL,NULL);
INSERT INTO company(cname,cloc,usec,govdep,ceo,product) VALUES ('Peters','København','Abigael Cominotti','Accounting',NULL,NULL);
INSERT INTO company(cname,cloc,usec,govdep,ceo,product) VALUES ('Hart','Xinji',NULL,NULL,'Belle Kermannes','Kids');
INSERT INTO company(cname,cloc,usec,govdep,ceo,product) VALUES ('Clarkson','Saint-Étienne','Carry Belleny','Training',NULL,NULL);
INSERT INTO company(cname,cloc,usec,govdep,ceo,product) VALUES ('Russell','Ningmute',NULL,NULL,'Federico Fardon','Beauty');
INSERT INTO company(cname,cloc,usec,govdep,ceo,product) VALUES ('Arnold','Kayangel','Dalis Eskrigg','Marketing',NULL,NULL);
INSERT INTO company(cname,cloc,usec,govdep,ceo,product) VALUES ('Bond','Zaojiacheng',NULL,NULL,'Val Ricciardello','Computers');
INSERT INTO company(cname,cloc,usec,govdep,ceo,product) VALUES ('Greene','Wahawaha','Lorne Polye','Business Development',NULL,NULL);
INSERT INTO company(cname,cloc,usec,govdep,ceo,product) VALUES ('King','Shënmëri',NULL,NULL,'Trixi Redwood','Games');
INSERT INTO company(cname,cloc,usec,govdep,ceo,product) VALUES ('Piper','Camiri',NULL,NULL,'Estevan McKinlay','Clothing');
INSERT INTO company(cname,cloc,usec,govdep,ceo,product) VALUES ('Payne','Veinticinco de Mayo',NULL,NULL,'Tallia Alam','Games');
INSERT INTO company(cname,cloc,usec,govdep,ceo,product) VALUES ('Lyman','Vilcún',NULL,NULL,'Bernardina Lode','Tools');
INSERT INTO company(cname,cloc,usec,govdep,ceo,product) VALUES ('Davidson','Gusong','Shem Rentz','Support',NULL,NULL);
INSERT INTO company(cname,cloc,usec,govdep,ceo,product) VALUES ('Black','San Pedro One',NULL,NULL,'Georgeta MacHoste','Electronics');
INSERT INTO company(cname,cloc,usec,govdep,ceo,product) VALUES ('Springer','Tundagan','Nona Espadas','Marketing',NULL,NULL);
INSERT INTO company(cname,cloc,usec,govdep,ceo,product) VALUES ('Stewart','Banjar Gunungpande','Noel Waggett','Business Development',NULL,NULL);
INSERT INTO company(cname,cloc,usec,govdep,ceo,product) VALUES ('James','Suchań','Hector Ticksall','Training',NULL,NULL);
INSERT INTO company(cname,cloc,usec,govdep,ceo,product) VALUES ('Clark','Tolotangga','Stan Hadingham','Accounting',NULL,NULL);
INSERT INTO company(cname,cloc,usec,govdep,ceo,product) VALUES ('Terry','Huanoquite','Barrie Wakelam','Research and Development',NULL,NULL);
INSERT INTO company(cname,cloc,usec,govdep,ceo,product) VALUES ('Glover','Capitán Solari',NULL,NULL,'Jeromy Kun','Computers');
INSERT INTO company(cname,cloc,usec,govdep,ceo,product) VALUES ('Bower','Krajan','Angelle Morican','Marketing',NULL,NULL);
INSERT INTO company(cname,cloc,usec,govdep,ceo,product) VALUES ('Dowd','Viškovci','Lorraine Chaize','Sales',NULL,NULL);
INSERT INTO company(cname,cloc,usec,govdep,ceo,product) VALUES ('Martin','Bugul’ma',NULL,NULL,'Jolyn Colliver','Tools');
INSERT INTO company(cname,cloc,usec,govdep,ceo,product) VALUES ('Howard','Mbalmayo','Bat Ewins','Legal',NULL,NULL);
INSERT INTO company(cname,cloc,usec,govdep,ceo,product) VALUES ('Turner','Yunfu','Cullin Sollett','Legal',NULL,NULL);
INSERT INTO company(cname,cloc,usec,govdep,ceo,product) VALUES ('Ince','Lisia Góra',NULL,NULL,'Ermentrude Andrioli','Home');
INSERT INTO company(cname,cloc,usec,govdep,ceo,product) VALUES ('Forsyth','Türkmenabat','Shani Franzke','Business Development',NULL,NULL);
INSERT INTO company(cname,cloc,usec,govdep,ceo,product) VALUES ('Vaughan','Manukaka',NULL,NULL,'Harlin Legendre','Music');
INSERT INTO company(cname,cloc,usec,govdep,ceo,product) VALUES ('Lawrence','Jampang Tengah','Maryann Kimbury','Services',NULL,NULL);
INSERT INTO company(cname,cloc,usec,govdep,ceo,product) VALUES ('Simpson','Lamas',NULL,NULL,'Starlin Burstow','Clothing');
INSERT INTO company(cname,cloc,usec,govdep,ceo,product) VALUES ('McDonald','Rokitno',NULL,NULL,'Lorenza Kiehl','Garden');
INSERT INTO company(cname,cloc,usec,govdep,ceo,product) VALUES ('Lewis','Əhmədbəyli',NULL,NULL,'Zara Banbrook','Industrial');
INSERT INTO company(cname,cloc,usec,govdep,ceo,product) VALUES ('Vaughan','San Antonio de los Cobres',NULL,NULL,'Consolata Zavattero','Music');
INSERT INTO company(cname,cloc,usec,govdep,ceo,product) VALUES ('Robertson','Umeå','Vance Doole','Marketing',NULL,NULL);
INSERT INTO company(cname,cloc,usec,govdep,ceo,product) VALUES ('Poole','Sulbiny Górne','Clerissa Cuttings','Legal',NULL,NULL);
INSERT INTO company(cname,cloc,usec,govdep,ceo,product) VALUES ('Dickens','Prince Albert',NULL,NULL,'Sibel Sparshett','Health');
INSERT INTO company(cname,cloc,usec,govdep,ceo,product) VALUES ('Quinn','Nantes','Jimmy Instrell','Support',NULL,NULL);
INSERT INTO company(cname,cloc,usec,govdep,ceo,product) VALUES ('Cameron','Mojimán','Dorotea Clemens','Legal',NULL,NULL);
INSERT INTO company(cname,cloc,usec,govdep,ceo,product) VALUES ('Payne','Kolmården',NULL,NULL,'Odette Filliskirk','Baby');
INSERT INTO company(cname,cloc,usec,govdep,ceo,product) VALUES ('Wilson','Sibiti','Kellen Gerrie','Support',NULL,NULL);
INSERT INTO company(cname,cloc,usec,govdep,ceo,product) VALUES ('Payne','Youkaichi',NULL,NULL,'Sly Inkpen','Grocery');
INSERT INTO company(cname,cloc,usec,govdep,ceo,product) VALUES ('Clarkson','Watodei','Zilvia Wolpert','Accounting',NULL,NULL);
INSERT INTO company(cname,cloc,usec,govdep,ceo,product) VALUES ('Gibson','Taizi',NULL,NULL,'Hilary Berzin','Tools');
INSERT INTO company(cname,cloc,usec,govdep,ceo,product) VALUES ('Russell','El Zapotal del Norte',NULL,NULL,'Tuesday Howard','Tools');
INSERT INTO company(cname,cloc,usec,govdep,ceo,product) VALUES ('Gibson','Jardia','Maisey Bilby','Support',NULL,NULL);
INSERT INTO company(cname,cloc,usec,govdep,ceo,product) VALUES ('Marshall','Waru','Corrina Laste','Services',NULL,NULL);
INSERT INTO company(cname,cloc,usec,govdep,ceo,product) VALUES ('Manning','Zavitinsk',NULL,NULL,'Jereme De Simone','Health');
INSERT INTO company(cname,cloc,usec,govdep,ceo,product) VALUES ('Gray','Solana','Lorin Beverley','Engineering',NULL,NULL);
INSERT INTO company(cname,cloc,usec,govdep,ceo,product) VALUES ('Burgess','Tsenher',NULL,NULL,'Morton Cargo','Clothing');
INSERT INTO company(cname,cloc,usec,govdep,ceo,product) VALUES ('Lambert','Ilihan',NULL,NULL,'Juieta Troutbeck','Baby');
INSERT INTO company(cname,cloc,usec,govdep,ceo,product) VALUES ('Lawrence','Senanga',NULL,NULL,'Camila Sapseed','Beauty');
INSERT INTO company(cname,cloc,usec,govdep,ceo,product) VALUES ('Rampling','Bayan','Jobey Bream','Accounting',NULL,NULL);
INSERT INTO company(cname,cloc,usec,govdep,ceo,product) VALUES ('Terry','Navan','Avictor Wilshin','Support',NULL,NULL);
INSERT INTO company(cname,cloc,usec,govdep,ceo,product) VALUES ('Forsyth','Sandweiler','Cassandry McKennan','Human Resources',NULL,NULL);
INSERT INTO company(cname,cloc,usec,govdep,ceo,product) VALUES ('Wright','Fundación','Fay Smitten','Training',NULL,NULL);
INSERT INTO company(cname,cloc,usec,govdep,ceo,product) VALUES ('Alsop','Aş Şalw',NULL,NULL,'Rozella Ambrus','Sports');
INSERT INTO company(cname,cloc,usec,govdep,ceo,product) VALUES ('Grant','Coaldale','Arden Van Zon','Human Resources',NULL,NULL);
INSERT INTO company(cname,cloc,usec,govdep,ceo,product) VALUES ('Baker','Conchagua','Lewiss Cunnington','Engineering',NULL,NULL);
INSERT INTO company(cname,cloc,usec,govdep,ceo,product) VALUES ('Wright','Jeponkrajan',NULL,NULL,'Horton Poynor','Books');
INSERT INTO company(cname,cloc,usec,govdep,ceo,product) VALUES ('Anderson','Polonne',NULL,NULL,'Maybelle Domb','Sports');
INSERT INTO company(cname,cloc,usec,govdep,ceo,product) VALUES ('Hudson','Bigoudine','Hally Paulich','Engineering',NULL,NULL);
INSERT INTO company(cname,cloc,usec,govdep,ceo,product) VALUES ('Reid','Gondifelos',NULL,NULL,'Darelle Bunworth','Music');
INSERT INTO company(cname,cloc,usec,govdep,ceo,product) VALUES ('Simpson','Dos Quebradas',NULL,NULL,'Ardis Mertsching','Health');
INSERT INTO company(cname,cloc,usec,govdep,ceo,product) VALUES ('Hardacre','Liulang',NULL,NULL,'Giustino Attwooll','Toys');
INSERT INTO company(cname,cloc,usec,govdep,ceo,product) VALUES ('Bell','Monte Plata','Doralynne Duchant','Services',NULL,NULL);
INSERT INTO company(cname,cloc,usec,govdep,ceo,product) VALUES ('Hill','Železný Brod','Riane Gavrieli','Support',NULL,NULL);
INSERT INTO company(cname,cloc,usec,govdep,ceo,product) VALUES ('Arnold','Novallas',NULL,NULL,'Rosalinda Paine','Tools');
INSERT INTO company(cname,cloc,usec,govdep,ceo,product) VALUES ('Welch','Menghe',NULL,NULL,'Kincaid Million','Home');
INSERT INTO company(cname,cloc,usec,govdep,ceo,product) VALUES ('White','Noyemberyan','Rozamond Levey','Business Development',NULL,NULL);
INSERT INTO company(cname,cloc,usec,govdep,ceo,product) VALUES ('Gray','Saratamata','Nanny Veltman','Marketing',NULL,NULL);
INSERT INTO company(cname,cloc,usec,govdep,ceo,product) VALUES ('Campbell','Bokong Timur','Frasquito Dungate','Services',NULL,NULL);
INSERT INTO company(cname,cloc,usec,govdep,ceo,product) VALUES ('Miller','Huaqiao','Drugi Dyott','Human Resources',NULL,NULL);
INSERT INTO company(cname,cloc,usec,govdep,ceo,product) VALUES ('Kelly','Jeseník',NULL,NULL,'Katy Beaton','Health');
INSERT INTO company(cname,cloc,usec,govdep,ceo,product) VALUES ('Hamilton','A dos Negros',NULL,NULL,'Max Jacobowicz','Games');
INSERT INTO company(cname,cloc,usec,govdep,ceo,product) VALUES ('Vance','Yong’an',NULL,NULL,'Claudianus Collick','Grocery');
INSERT INTO company(cname,cloc,usec,govdep,ceo,product) VALUES ('Sanderson','Hadapu Zhen','Fair Spittall','Marketing',NULL,NULL);
INSERT INTO company(cname,cloc,usec,govdep,ceo,product) VALUES ('Skinner','Moscow',NULL,NULL,'Elayne Week','Games');
INSERT INTO company(cname,cloc,usec,govdep,ceo,product) VALUES ('Howard','Nkoteng',NULL,NULL,'Raven Wilce','Kids');

INSERT INTO project(pid,goal,pdesc,pcodename,cname) VALUES (1,1994,'Mazda','Navajo','Bower');
INSERT INTO project(pid,goal,pdesc,pcodename,cname) VALUES (2,1999,'Hyundai','Accent','Kerr');
INSERT INTO project(pid,goal,pdesc,pcodename,cname) VALUES (3,2013,'Ford','Taurus','Fraser');
INSERT INTO project(pid,goal,pdesc,pcodename,cname) VALUES (4,1996,'Mazda','Protege','Gill');
INSERT INTO project(pid,goal,pdesc,pcodename,cname) VALUES (5,1994,'Mercury','Topaz','Dyer');
INSERT INTO project(pid,goal,pdesc,pcodename,cname) VALUES (6,2004,'Chevrolet','TrailBlazer','Mackenzie');
INSERT INTO project(pid,goal,pdesc,pcodename,cname) VALUES (7,2005,'Dodge','Dakota','Cornish');
INSERT INTO project(pid,goal,pdesc,pcodename,cname) VALUES (8,2005,'Pontiac','Aztek','Reid');
INSERT INTO project(pid,goal,pdesc,pcodename,cname) VALUES (9,1995,'Audi','S6','Parsons');
INSERT INTO project(pid,goal,pdesc,pcodename,cname) VALUES (10,2012,'Infiniti','G25','Gray');
INSERT INTO project(pid,goal,pdesc,pcodename,cname) VALUES (11,2001,'Hyundai','Tiburon','Underwood');
INSERT INTO project(pid,goal,pdesc,pcodename,cname) VALUES (12,2006,'Ford','Thunderbird','Howard');
INSERT INTO project(pid,goal,pdesc,pcodename,cname) VALUES (13,1999,'Nissan','Quest','Carr');
INSERT INTO project(pid,goal,pdesc,pcodename,cname) VALUES (14,2007,'Hyundai','Sonata','Cornish');
INSERT INTO project(pid,goal,pdesc,pcodename,cname) VALUES (15,1995,'Saab','9000','Black');
INSERT INTO project(pid,goal,pdesc,pcodename,cname) VALUES (16,2011,'Dodge','Ram','Harris');
INSERT INTO project(pid,goal,pdesc,pcodename,cname) VALUES (17,1998,'Mazda','B-Series','McDonald');
INSERT INTO project(pid,goal,pdesc,pcodename,cname) VALUES (18,2002,'Toyota','Tundra','Sanderson');
INSERT INTO project(pid,goal,pdesc,pcodename,cname) VALUES (19,1998,'Toyota','4Runner','Terry');
INSERT INTO project(pid,goal,pdesc,pcodename,cname) VALUES (20,1998,'Lexus','GS','Vance');
INSERT INTO project(pid,goal,pdesc,pcodename,cname) VALUES (21,2011,'Kia','Soul','Morrison');
INSERT INTO project(pid,goal,pdesc,pcodename,cname) VALUES (22,2001,'Ford','Escape','Peters');
INSERT INTO project(pid,goal,pdesc,pcodename,cname) VALUES (23,2010,'Lexus','IS-F','Peake');
INSERT INTO project(pid,goal,pdesc,pcodename,cname) VALUES (24,1998,'Volkswagen','Passat','Peters');
INSERT INTO project(pid,goal,pdesc,pcodename,cname) VALUES (25,1993,'Cadillac','Fleetwood','Hart');
INSERT INTO project(pid,goal,pdesc,pcodename,cname) VALUES (26,2000,'Land Rover','Discovery Series II','Clarkson');
INSERT INTO project(pid,goal,pdesc,pcodename,cname) VALUES (27,1999,'Subaru','Forester','Russell');
INSERT INTO project(pid,goal,pdesc,pcodename,cname) VALUES (28,1999,'Chevrolet','Express 2500','Arnold');
INSERT INTO project(pid,goal,pdesc,pcodename,cname) VALUES (29,2011,'Audi','A3','Bond');
INSERT INTO project(pid,goal,pdesc,pcodename,cname) VALUES (30,1992,'Land Rover','Range Rover','Greene');
INSERT INTO project(pid,goal,pdesc,pcodename,cname) VALUES (31,1998,'Jeep','Wrangler','King');
INSERT INTO project(pid,goal,pdesc,pcodename,cname) VALUES (32,1987,'Lincoln','Town Car','Piper');
INSERT INTO project(pid,goal,pdesc,pcodename,cname) VALUES (33,2007,'BMW','M5','Payne');
INSERT INTO project(pid,goal,pdesc,pcodename,cname) VALUES (34,1970,'Mercury','Cougar','Lyman');
INSERT INTO project(pid,goal,pdesc,pcodename,cname) VALUES (35,2013,'Lexus','LX','Davidson');
INSERT INTO project(pid,goal,pdesc,pcodename,cname) VALUES (36,1987,'Mercedes-Benz','SL-Class','Black');
INSERT INTO project(pid,goal,pdesc,pcodename,cname) VALUES (37,1976,'Dodge','Aspen','Springer');
INSERT INTO project(pid,goal,pdesc,pcodename,cname) VALUES (38,2011,'Subaru','Impreza WRX','Stewart');
INSERT INTO project(pid,goal,pdesc,pcodename,cname) VALUES (39,1992,'Pontiac','Sunbird','James');
INSERT INTO project(pid,goal,pdesc,pcodename,cname) VALUES (40,2012,'Nissan','Murano','Clark');
INSERT INTO project(pid,goal,pdesc,pcodename,cname) VALUES (41,2005,'Chevrolet','Malibu','Terry');
INSERT INTO project(pid,goal,pdesc,pcodename,cname) VALUES (42,2005,'Jeep','Liberty','Glover');
INSERT INTO project(pid,goal,pdesc,pcodename,cname) VALUES (43,2004,'Ford','Windstar','Bower');
INSERT INTO project(pid,goal,pdesc,pcodename,cname) VALUES (44,2008,'Suzuki','XL7','Dowd');
INSERT INTO project(pid,goal,pdesc,pcodename,cname) VALUES (45,1991,'Ford','Festiva','Martin');
INSERT INTO project(pid,goal,pdesc,pcodename,cname) VALUES (46,1990,'Mercedes-Benz','E-Class','Howard');
INSERT INTO project(pid,goal,pdesc,pcodename,cname) VALUES (47,2011,'BMW','7 Series','Turner');
INSERT INTO project(pid,goal,pdesc,pcodename,cname) VALUES (48,2010,'Honda','Accord Crosstour','Ince');
INSERT INTO project(pid,goal,pdesc,pcodename,cname) VALUES (49,1993,'Chevrolet','S10 Blazer','Forsyth');
INSERT INTO project(pid,goal,pdesc,pcodename,cname) VALUES (50,2011,'Chevrolet','Suburban 1500','Vaughan');
INSERT INTO project(pid,goal,pdesc,pcodename,cname) VALUES (51,1991,'Buick','Century','Lawrence');
INSERT INTO project(pid,goal,pdesc,pcodename,cname) VALUES (52,1997,'Dodge','Ram Van 1500','Simpson');
INSERT INTO project(pid,goal,pdesc,pcodename,cname) VALUES (53,2005,'BMW','7 Series','McDonald');
INSERT INTO project(pid,goal,pdesc,pcodename,cname) VALUES (54,2009,'Ford','Explorer Sport Trac','Lewis');
INSERT INTO project(pid,goal,pdesc,pcodename,cname) VALUES (55,1990,'Suzuki','SJ','Vaughan');
INSERT INTO project(pid,goal,pdesc,pcodename,cname) VALUES (56,1963,'Chevrolet','Corvair 500','Robertson');
INSERT INTO project(pid,goal,pdesc,pcodename,cname) VALUES (57,2011,'BMW','X5 M','Poole');
INSERT INTO project(pid,goal,pdesc,pcodename,cname) VALUES (58,2011,'Jaguar','XF','Dickens');
INSERT INTO project(pid,goal,pdesc,pcodename,cname) VALUES (59,1992,'Toyota','Camry','Quinn');
INSERT INTO project(pid,goal,pdesc,pcodename,cname) VALUES (60,2003,'Buick','Park Avenue','Cameron');
INSERT INTO project(pid,goal,pdesc,pcodename,cname) VALUES (61,2004,'Oldsmobile','Silhouette','Payne');
INSERT INTO project(pid,goal,pdesc,pcodename,cname) VALUES (62,2012,'Lexus','HS','Wilson');
INSERT INTO project(pid,goal,pdesc,pcodename,cname) VALUES (63,2012,'Mitsubishi','Eclipse','Payne');
INSERT INTO project(pid,goal,pdesc,pcodename,cname) VALUES (64,2005,'Audi','A8','Clarkson');
INSERT INTO project(pid,goal,pdesc,pcodename,cname) VALUES (65,2008,'Mercedes-Benz','GL-Class','Gibson');
INSERT INTO project(pid,goal,pdesc,pcodename,cname) VALUES (66,2007,'Volkswagen','Eos','Russell');
INSERT INTO project(pid,goal,pdesc,pcodename,cname) VALUES (67,1994,'Land Rover','Defender','Gibson');
INSERT INTO project(pid,goal,pdesc,pcodename,cname) VALUES (68,2004,'GMC','Sonoma','Marshall');
INSERT INTO project(pid,goal,pdesc,pcodename,cname) VALUES (69,1968,'Ford','Mustang','Manning');
INSERT INTO project(pid,goal,pdesc,pcodename,cname) VALUES (70,1999,'Dodge','Intrepid','Gray');
INSERT INTO project(pid,goal,pdesc,pcodename,cname) VALUES (71,1993,'Dodge','Ram 50','Burgess');
INSERT INTO project(pid,goal,pdesc,pcodename,cname) VALUES (72,2009,'Audi','TT','Lambert');
INSERT INTO project(pid,goal,pdesc,pcodename,cname) VALUES (73,2010,'Mazda','CX-7','Lawrence');
INSERT INTO project(pid,goal,pdesc,pcodename,cname) VALUES (74,2010,'Infiniti','G37','Rampling');
INSERT INTO project(pid,goal,pdesc,pcodename,cname) VALUES (75,2008,'Aston Martin','DBS','Terry');
INSERT INTO project(pid,goal,pdesc,pcodename,cname) VALUES (76,2006,'Chevrolet','Malibu Maxx','Forsyth');
INSERT INTO project(pid,goal,pdesc,pcodename,cname) VALUES (77,2010,'GMC','Sierra','Wright');
INSERT INTO project(pid,goal,pdesc,pcodename,cname) VALUES (78,2001,'Hyundai','XG300','Alsop');
INSERT INTO project(pid,goal,pdesc,pcodename,cname) VALUES (79,1998,'Lotus','Esprit','Grant');
INSERT INTO project(pid,goal,pdesc,pcodename,cname) VALUES (80,1995,'Honda','Odyssey','Baker');
INSERT INTO project(pid,goal,pdesc,pcodename,cname) VALUES (81,2003,'Toyota','Camry','Wright');
INSERT INTO project(pid,goal,pdesc,pcodename,cname) VALUES (82,2005,'Buick','Rainier','Anderson');
INSERT INTO project(pid,goal,pdesc,pcodename,cname) VALUES (83,2011,'Cadillac','Escalade EXT','Hudson');
INSERT INTO project(pid,goal,pdesc,pcodename,cname) VALUES (84,1990,'Ford','Thunderbird','Reid');
INSERT INTO project(pid,goal,pdesc,pcodename,cname) VALUES (85,1995,'Toyota','Camry','Simpson');
INSERT INTO project(pid,goal,pdesc,pcodename,cname) VALUES (86,2009,'Hummer','H3T','Hardacre');
INSERT INTO project(pid,goal,pdesc,pcodename,cname) VALUES (87,1993,'Chrysler','LeBaron','Bell');
INSERT INTO project(pid,goal,pdesc,pcodename,cname) VALUES (88,2003,'Cadillac','Escalade','Hill');
INSERT INTO project(pid,goal,pdesc,pcodename,cname) VALUES (89,2005,'Pontiac','Daewoo Kalos','Arnold');
INSERT INTO project(pid,goal,pdesc,pcodename,cname) VALUES (90,1994,'GMC','Vandura 2500','Welch');
INSERT INTO project(pid,goal,pdesc,pcodename,cname) VALUES (91,2009,'BMW','M6','White');
INSERT INTO project(pid,goal,pdesc,pcodename,cname) VALUES (92,2005,'Toyota','Tundra','Gray');
INSERT INTO project(pid,goal,pdesc,pcodename,cname) VALUES (93,1985,'Buick','LeSabre','Campbell');
INSERT INTO project(pid,goal,pdesc,pcodename,cname) VALUES (94,2006,'Dodge','Magnum','Miller');
INSERT INTO project(pid,goal,pdesc,pcodename,cname) VALUES (95,1999,'Volkswagen','Jetta','Kelly');
INSERT INTO project(pid,goal,pdesc,pcodename,cname) VALUES (96,2000,'Mercedes-Benz','M-Class','Hamilton');
INSERT INTO project(pid,goal,pdesc,pcodename,cname) VALUES (97,2002,'Ford','E-Series','Vance');
INSERT INTO project(pid,goal,pdesc,pcodename,cname) VALUES (98,2002,'Acura','CL','Sanderson');
INSERT INTO project(pid,goal,pdesc,pcodename,cname) VALUES (99,2008,'Cadillac','CTS','Skinner');
INSERT INTO project(pid,goal,pdesc,pcodename,cname) VALUES (100,2002,'Nissan','Altima','Howard');


INSERT INTO company_receives_project(pid,cname,startdate,enddate) VALUES (1,'Bower','2/28/2018 15:40','2/28/2019 16:57');
INSERT INTO company_receives_project(pid,cname,startdate,enddate) VALUES (2,'Kerr','10/21/2018 15:04','1/7/2019 18:13');
INSERT INTO company_receives_project(pid,cname,startdate,enddate) VALUES (3,'Fraser','8/12/2018 11:13','5/27/2019 3:43');
INSERT INTO company_receives_project(pid,cname,startdate,enddate) VALUES (4,'Gill','7/11/2018 10:31','7/23/2019 3:12');
INSERT INTO company_receives_project(pid,cname,startdate,enddate) VALUES (5,'Dyer','11/16/2018 15:00','10/2/2019 8:57');
INSERT INTO company_receives_project(pid,cname,startdate,enddate) VALUES (6,'Mackenzie','8/28/2018 16:35','10/11/2019 22:42');
INSERT INTO company_receives_project(pid,cname,startdate,enddate) VALUES (7,'Cornish','8/26/2018 20:36','7/9/2019 19:23');
INSERT INTO company_receives_project(pid,cname,startdate,enddate) VALUES (8,'Reid','2/10/2018 7:44','11/22/2019 13:57');
INSERT INTO company_receives_project(pid,cname,startdate,enddate) VALUES (9,'Parsons','9/14/2018 21:53','2/23/2019 10:18');
INSERT INTO company_receives_project(pid,cname,startdate,enddate) VALUES (10,'Gray','1/28/2018 5:22','8/27/2019 14:26');
INSERT INTO company_receives_project(pid,cname,startdate,enddate) VALUES (11,'Underwood','5/31/2018 15:38','7/29/2019 2:11');
INSERT INTO company_receives_project(pid,cname,startdate,enddate) VALUES (12,'Howard','6/16/2018 1:35','1/11/2019 18:04');
INSERT INTO company_receives_project(pid,cname,startdate,enddate) VALUES (13,'Carr','7/18/2018 8:15','9/21/2019 2:40');
INSERT INTO company_receives_project(pid,cname,startdate,enddate) VALUES (14,'Cornish','8/15/2018 10:22','3/31/2019 1:27');
INSERT INTO company_receives_project(pid,cname,startdate,enddate) VALUES (15,'Black','1/5/2018 3:40','8/20/2019 12:23');
INSERT INTO company_receives_project(pid,cname,startdate,enddate) VALUES (16,'Harris','3/14/2018 20:50','2/8/2019 17:16');
INSERT INTO company_receives_project(pid,cname,startdate,enddate) VALUES (17,'McDonald','2/9/2018 2:40','1/2/2019 0:55');
INSERT INTO company_receives_project(pid,cname,startdate,enddate) VALUES (18,'Sanderson','8/9/2018 16:06','12/16/2018 11:34');
INSERT INTO company_receives_project(pid,cname,startdate,enddate) VALUES (19,'Terry','11/15/2018 3:12','6/1/2019 4:47');
INSERT INTO company_receives_project(pid,cname,startdate,enddate) VALUES (20,'Vance','6/18/2018 16:31','9/24/2019 1:52');
INSERT INTO company_receives_project(pid,cname,startdate,enddate) VALUES (21,'Morrison','11/2/2018 13:02','4/7/2019 19:20');
INSERT INTO company_receives_project(pid,cname,startdate,enddate) VALUES (22,'Peters','2/4/2018 22:22','4/17/2019 1:04');
INSERT INTO company_receives_project(pid,cname,startdate,enddate) VALUES (23,'Peake','6/27/2018 21:26','1/16/2019 21:15');
INSERT INTO company_receives_project(pid,cname,startdate,enddate) VALUES (24,'Peters','12/20/2017 9:04','10/20/2019 22:26');
INSERT INTO company_receives_project(pid,cname,startdate,enddate) VALUES (25,'Hart','3/27/2018 20:54','6/30/2019 5:15');
INSERT INTO company_receives_project(pid,cname,startdate,enddate) VALUES (26,'Clarkson','6/10/2018 12:34','3/5/2019 3:51');
INSERT INTO company_receives_project(pid,cname,startdate,enddate) VALUES (27,'Russell','2/27/2018 14:03','3/1/2019 15:27');
INSERT INTO company_receives_project(pid,cname,startdate,enddate) VALUES (28,'Arnold','5/4/2018 1:40','8/2/2019 12:40');
INSERT INTO company_receives_project(pid,cname,startdate,enddate) VALUES (29,'Bond','9/22/2018 8:47','3/20/2019 7:03');
INSERT INTO company_receives_project(pid,cname,startdate,enddate) VALUES (30,'Greene','7/27/2018 23:31','10/5/2019 23:46');
INSERT INTO company_receives_project(pid,cname,startdate,enddate) VALUES (31,'King','12/8/2017 21:31','10/11/2019 19:06');
INSERT INTO company_receives_project(pid,cname,startdate,enddate) VALUES (32,'Piper','9/4/2018 1:42','1/15/2019 4:49');
INSERT INTO company_receives_project(pid,cname,startdate,enddate) VALUES (33,'Payne','2/9/2018 7:50','12/13/2018 6:03');
INSERT INTO company_receives_project(pid,cname,startdate,enddate) VALUES (34,'Lyman','3/27/2018 3:37','6/13/2019 11:57');
INSERT INTO company_receives_project(pid,cname,startdate,enddate) VALUES (35,'Davidson','2/12/2018 17:17','6/14/2019 20:26');
INSERT INTO company_receives_project(pid,cname,startdate,enddate) VALUES (36,'Black','3/28/2018 16:41','3/17/2019 11:49');
INSERT INTO company_receives_project(pid,cname,startdate,enddate) VALUES (37,'Springer','9/27/2018 7:29','2/28/2019 14:19');
INSERT INTO company_receives_project(pid,cname,startdate,enddate) VALUES (38,'Stewart','6/27/2018 19:41','9/30/2019 5:28');
INSERT INTO company_receives_project(pid,cname,startdate,enddate) VALUES (39,'James','9/7/2018 16:53','10/11/2019 3:44');
INSERT INTO company_receives_project(pid,cname,startdate,enddate) VALUES (40,'Clark','8/18/2018 18:09','5/21/2019 7:48');
INSERT INTO company_receives_project(pid,cname,startdate,enddate) VALUES (41,'Terry','7/22/2018 20:44','6/17/2019 10:07');
INSERT INTO company_receives_project(pid,cname,startdate,enddate) VALUES (42,'Glover','4/21/2018 23:56','11/14/2019 11:28');
INSERT INTO company_receives_project(pid,cname,startdate,enddate) VALUES (43,'Bower','4/26/2018 3:10','3/12/2019 0:17');
INSERT INTO company_receives_project(pid,cname,startdate,enddate) VALUES (44,'Dowd','11/8/2018 3:01','5/1/2019 18:28');
INSERT INTO company_receives_project(pid,cname,startdate,enddate) VALUES (45,'Martin','2/6/2018 7:32','7/11/2019 4:18');
INSERT INTO company_receives_project(pid,cname,startdate,enddate) VALUES (46,'Howard','8/12/2018 10:26','8/9/2019 16:32');
INSERT INTO company_receives_project(pid,cname,startdate,enddate) VALUES (47,'Turner','4/9/2018 15:20','12/3/2018 22:44');
INSERT INTO company_receives_project(pid,cname,startdate,enddate) VALUES (48,'Ince','8/22/2018 2:37','5/18/2019 12:07');
INSERT INTO company_receives_project(pid,cname,startdate,enddate) VALUES (49,'Forsyth','2/22/2018 13:18','2/27/2019 6:08');
INSERT INTO company_receives_project(pid,cname,startdate,enddate) VALUES (50,'Vaughan','4/20/2018 3:01','6/18/2019 11:26');
INSERT INTO company_receives_project(pid,cname,startdate,enddate) VALUES (51,'Lawrence','12/8/2017 13:33','11/15/2019 12:29');
INSERT INTO company_receives_project(pid,cname,startdate,enddate) VALUES (52,'Simpson','4/28/2018 19:24','3/19/2019 9:46');
INSERT INTO company_receives_project(pid,cname,startdate,enddate) VALUES (53,'McDonald','5/6/2018 0:42','6/8/2019 22:12');
INSERT INTO company_receives_project(pid,cname,startdate,enddate) VALUES (54,'Lewis','12/2/2017 18:28','1/26/2019 1:41');
INSERT INTO company_receives_project(pid,cname,startdate,enddate) VALUES (55,'Vaughan','11/12/2018 12:29','7/2/2019 3:41');
INSERT INTO company_receives_project(pid,cname,startdate,enddate) VALUES (56,'Robertson','12/20/2017 15:32','5/19/2019 4:49');
INSERT INTO company_receives_project(pid,cname,startdate,enddate) VALUES (57,'Poole','10/12/2018 15:33','2/24/2019 13:28');
INSERT INTO company_receives_project(pid,cname,startdate,enddate) VALUES (58,'Dickens','8/10/2018 18:54','12/7/2018 13:26');
INSERT INTO company_receives_project(pid,cname,startdate,enddate) VALUES (59,'Quinn','3/13/2018 4:57','8/5/2019 7:53');
INSERT INTO company_receives_project(pid,cname,startdate,enddate) VALUES (60,'Cameron','12/29/2017 7:04','5/1/2019 6:52');
INSERT INTO company_receives_project(pid,cname,startdate,enddate) VALUES (61,'Payne','12/14/2017 5:07','5/13/2019 23:01');
INSERT INTO company_receives_project(pid,cname,startdate,enddate) VALUES (62,'Wilson','7/17/2018 18:05','12/16/2018 13:15');
INSERT INTO company_receives_project(pid,cname,startdate,enddate) VALUES (63,'Payne','10/14/2018 17:13','8/13/2019 16:52');
INSERT INTO company_receives_project(pid,cname,startdate,enddate) VALUES (64,'Clarkson','7/30/2018 5:57','5/17/2019 15:24');
INSERT INTO company_receives_project(pid,cname,startdate,enddate) VALUES (65,'Gibson','1/30/2018 4:28','3/2/2019 20:14');
INSERT INTO company_receives_project(pid,cname,startdate,enddate) VALUES (66,'Russell','2/25/2018 21:54','12/30/2018 11:34');
INSERT INTO company_receives_project(pid,cname,startdate,enddate) VALUES (67,'Gibson','7/1/2018 17:37','2/13/2019 8:40');
INSERT INTO company_receives_project(pid,cname,startdate,enddate) VALUES (68,'Marshall','1/16/2018 17:35','10/7/2019 22:10');
INSERT INTO company_receives_project(pid,cname,startdate,enddate) VALUES (69,'Manning','8/10/2018 1:26','3/1/2019 5:55');
INSERT INTO company_receives_project(pid,cname,startdate,enddate) VALUES (70,'Gray','8/29/2018 18:39','9/16/2019 1:49');
INSERT INTO company_receives_project(pid,cname,startdate,enddate) VALUES (71,'Burgess','3/8/2018 22:08','11/9/2019 4:07');
INSERT INTO company_receives_project(pid,cname,startdate,enddate) VALUES (72,'Lambert','10/14/2018 7:54','8/25/2019 13:51');
INSERT INTO company_receives_project(pid,cname,startdate,enddate) VALUES (73,'Lawrence','6/21/2018 17:05','7/10/2019 13:59');
INSERT INTO company_receives_project(pid,cname,startdate,enddate) VALUES (74,'Rampling','3/26/2018 17:46','12/13/2018 11:16');
INSERT INTO company_receives_project(pid,cname,startdate,enddate) VALUES (75,'Terry','10/7/2018 20:43','6/19/2019 13:53');
INSERT INTO company_receives_project(pid,cname,startdate,enddate) VALUES (76,'Forsyth','8/15/2018 13:33','11/4/2019 15:46');
INSERT INTO company_receives_project(pid,cname,startdate,enddate) VALUES (77,'Wright','10/7/2018 1:17','10/21/2019 9:56');
INSERT INTO company_receives_project(pid,cname,startdate,enddate) VALUES (78,'Alsop','12/23/2017 5:40','6/18/2019 18:49');
INSERT INTO company_receives_project(pid,cname,startdate,enddate) VALUES (79,'Grant','5/24/2018 23:20','11/2/2019 17:55');
INSERT INTO company_receives_project(pid,cname,startdate,enddate) VALUES (80,'Baker','7/18/2018 9:14','4/16/2019 16:34');
INSERT INTO company_receives_project(pid,cname,startdate,enddate) VALUES (81,'Wright','6/18/2018 17:45','2/12/2019 13:36');
INSERT INTO company_receives_project(pid,cname,startdate,enddate) VALUES (82,'Anderson','5/20/2018 10:13','11/6/2019 2:22');
INSERT INTO company_receives_project(pid,cname,startdate,enddate) VALUES (83,'Hudson','5/6/2018 1:12','8/9/2019 11:06');
INSERT INTO company_receives_project(pid,cname,startdate,enddate) VALUES (84,'Reid','2/1/2018 7:47','11/18/2019 17:29');
INSERT INTO company_receives_project(pid,cname,startdate,enddate) VALUES (85,'Simpson','7/31/2018 18:52','10/25/2019 2:07');
INSERT INTO company_receives_project(pid,cname,startdate,enddate) VALUES (86,'Hardacre','1/8/2018 13:04','12/19/2018 10:39');
INSERT INTO company_receives_project(pid,cname,startdate,enddate) VALUES (87,'Bell','1/11/2018 11:31','5/24/2019 12:35');
INSERT INTO company_receives_project(pid,cname,startdate,enddate) VALUES (88,'Hill','12/9/2017 20:49','7/3/2019 4:43');
INSERT INTO company_receives_project(pid,cname,startdate,enddate) VALUES (89,'Arnold','6/2/2018 3:18','7/31/2019 19:24');
INSERT INTO company_receives_project(pid,cname,startdate,enddate) VALUES (90,'Welch','2/12/2018 0:22','9/20/2019 19:21');
INSERT INTO company_receives_project(pid,cname,startdate,enddate) VALUES (91,'White','8/5/2018 18:51','6/13/2019 13:30');
INSERT INTO company_receives_project(pid,cname,startdate,enddate) VALUES (92,'Gray','9/21/2018 6:27','1/5/2019 8:18');
INSERT INTO company_receives_project(pid,cname,startdate,enddate) VALUES (93,'Campbell','11/11/2018 11:01','12/8/2018 11:43');
INSERT INTO company_receives_project(pid,cname,startdate,enddate) VALUES (94,'Miller','9/7/2018 5:19','10/5/2019 17:50');
INSERT INTO company_receives_project(pid,cname,startdate,enddate) VALUES (95,'Kelly','4/30/2018 23:07','1/14/2019 1:37');
INSERT INTO company_receives_project(pid,cname,startdate,enddate) VALUES (96,'Hamilton','1/4/2018 13:26','3/16/2019 11:27');
INSERT INTO company_receives_project(pid,cname,startdate,enddate) VALUES (97,'Vance','9/2/2018 22:03','10/12/2019 22:28');
INSERT INTO company_receives_project(pid,cname,startdate,enddate) VALUES (98,'Sanderson','9/17/2018 13:04','6/14/2019 12:58');
INSERT INTO company_receives_project(pid,cname,startdate,enddate) VALUES (99,'Skinner','7/26/2018 7:01','6/24/2019 2:49');
INSERT INTO company_receives_project(pid,cname,startdate,enddate) VALUES (100,'Howard','12/27/2017 21:43','3/11/2019 20:03');


INSERT INTO adviser(pid,cname,startdate,enddate) VALUES (1,'Clinical Specialist','Manuel Pennigar','87');
INSERT INTO adviser(pid,cname,startdate,enddate) VALUES (2,'Food Chemist','Charlean Monnoyer','40');
INSERT INTO adviser(pid,cname,startdate,enddate) VALUES (3,'Senior Cost Accountant','Elise Iscowitz','73');
INSERT INTO adviser(pid,cname,startdate,enddate) VALUES (4,'Structural Analysis Engineer','Eryn Cureton','3');
INSERT INTO adviser(pid,cname,startdate,enddate) VALUES (5,'Technical Writer','Theo Posselow','78');
INSERT INTO adviser(pid,cname,startdate,enddate) VALUES (6,'Research Assistant III','Filmer Rymer','42');
INSERT INTO adviser(pid,cname,startdate,enddate) VALUES (7,'Help Desk Operator','Costa Tarplee','89');
INSERT INTO adviser(pid,cname,startdate,enddate) VALUES (8,'Chemical Engineer','Fergus Levane','97');
INSERT INTO adviser(pid,cname,startdate,enddate) VALUES (9,'Geological Engineer','Julie Wiffen','69');
INSERT INTO adviser(pid,cname,startdate,enddate) VALUES (10,'Graphic Designer','Neall Witherop','23');
INSERT INTO adviser(pid,cname,startdate,enddate) VALUES (11,'Web Designer I','Eleonore McShea','62');
INSERT INTO adviser(pid,cname,startdate,enddate) VALUES (12,'Automation Specialist I','Mirna Airlie','43');
INSERT INTO adviser(pid,cname,startdate,enddate) VALUES (13,'Paralegal','Goldarina Chaffin','99');
INSERT INTO adviser(pid,cname,startdate,enddate) VALUES (14,'Senior Financial Analyst','Fern Joannic','50');
INSERT INTO adviser(pid,cname,startdate,enddate) VALUES (15,'Structural Engineer','Opal Sterley','3');
INSERT INTO adviser(pid,cname,startdate,enddate) VALUES (16,'Recruiter','Forest Morteo','11');
INSERT INTO adviser(pid,cname,startdate,enddate) VALUES (17,'Assistant Professor','Melantha Knevit','17');
INSERT INTO adviser(pid,cname,startdate,enddate) VALUES (18,'Assistant Manager','Greta Hillyatt','73');
INSERT INTO adviser(pid,cname,startdate,enddate) VALUES (19,'Pharmacist','Giovanna Masding','88');
INSERT INTO adviser(pid,cname,startdate,enddate) VALUES (20,'Human Resources Assistant IV','Mercy Sallows','60');
INSERT INTO adviser(pid,cname,startdate,enddate) VALUES (21,'VP Product Management','Vittoria Purchon','21');
INSERT INTO adviser(pid,cname,startdate,enddate) VALUES (22,'Office Assistant II','Britte McCome','16');
INSERT INTO adviser(pid,cname,startdate,enddate) VALUES (23,'Assistant Professor','Etty Minero','13');
INSERT INTO adviser(pid,cname,startdate,enddate) VALUES (24,'Programmer III','Baxter Leathard','73');
INSERT INTO adviser(pid,cname,startdate,enddate) VALUES (25,'Automation Specialist I','Rikki Louisot','51');
INSERT INTO adviser(pid,cname,startdate,enddate) VALUES (26,'Senior Sales Associate','Giacomo Cumberbatch','23');
INSERT INTO adviser(pid,cname,startdate,enddate) VALUES (27,'Internal Auditor','Winfred Gowdie','70');
INSERT INTO adviser(pid,cname,startdate,enddate) VALUES (28,'Structural Analysis Engineer','Goldie Smithers','29');
INSERT INTO adviser(pid,cname,startdate,enddate) VALUES (29,'Budget/Accounting Analyst IV','Margarethe Frank','17');
INSERT INTO adviser(pid,cname,startdate,enddate) VALUES (30,'Research Nurse','Sean Manjot','47');
INSERT INTO adviser(pid,cname,startdate,enddate) VALUES (31,'General Manager','Miguel Abel','85');
INSERT INTO adviser(pid,cname,startdate,enddate) VALUES (32,'Automation Specialist III','Kelbee Velareal','99');
INSERT INTO adviser(pid,cname,startdate,enddate) VALUES (33,'Food Chemist','Beverly MacAllester','41');
INSERT INTO adviser(pid,cname,startdate,enddate) VALUES (34,'Engineer II','Melisent Piller','69');
INSERT INTO adviser(pid,cname,startdate,enddate) VALUES (35,'Occupational Therapist','Alexis Trumper','5');
INSERT INTO adviser(pid,cname,startdate,enddate) VALUES (36,'Research Assistant IV','Galvan Cholton','84');
INSERT INTO adviser(pid,cname,startdate,enddate) VALUES (37,'Systems Administrator I','Gianna Turney','50');
INSERT INTO adviser(pid,cname,startdate,enddate) VALUES (38,'Financial Analyst','Izaak Di Angelo','48');
INSERT INTO adviser(pid,cname,startdate,enddate) VALUES (39,'Administrative Officer','Lewes Beavington','89');
INSERT INTO adviser(pid,cname,startdate,enddate) VALUES (40,'Research Associate','Tedman Kampshell','61');
INSERT INTO adviser(pid,cname,startdate,enddate) VALUES (41,'Help Desk Operator','Salaidh Goreisr','55');
INSERT INTO adviser(pid,cname,startdate,enddate) VALUES (42,'Software Engineer III','Anne Haig','37');
INSERT INTO adviser(pid,cname,startdate,enddate) VALUES (43,'Software Consultant','Rayna Newlin','9');
INSERT INTO adviser(pid,cname,startdate,enddate) VALUES (44,'Chief Design Engineer','Frazer Dunnan','76');
INSERT INTO adviser(pid,cname,startdate,enddate) VALUES (45,'Quality Engineer','Retha McCready','27');
INSERT INTO adviser(pid,cname,startdate,enddate) VALUES (46,'Web Developer II','Jayme Jerdon','100');
INSERT INTO adviser(pid,cname,startdate,enddate) VALUES (47,'Nuclear Power Engineer','Melodie Bolley','56');
INSERT INTO adviser(pid,cname,startdate,enddate) VALUES (48,'Structural Analysis Engineer','Ced Kix','39');
INSERT INTO adviser(pid,cname,startdate,enddate) VALUES (49,'Senior Editor','Nealon O''Spillane','73');
INSERT INTO adviser(pid,cname,startdate,enddate) VALUES (50,'Staff Accountant II','Patrizius Stelli','97');
INSERT INTO adviser(pid,cname,startdate,enddate) VALUES (51,'Assistant Media Planner','Tabina Kauble','21');
INSERT INTO adviser(pid,cname,startdate,enddate) VALUES (52,'Human Resources Manager','Juana Raistrick','52');
INSERT INTO adviser(pid,cname,startdate,enddate) VALUES (53,'Internal Auditor','Denys Shemmin','81');
INSERT INTO adviser(pid,cname,startdate,enddate) VALUES (54,'Automation Specialist I','Norri Bynold','47');
INSERT INTO adviser(pid,cname,startdate,enddate) VALUES (55,'Research Associate','Tabatha Cearley','65');
INSERT INTO adviser(pid,cname,startdate,enddate) VALUES (56,'Web Designer I','Joan Garahan','84');
INSERT INTO adviser(pid,cname,startdate,enddate) VALUES (57,'Nuclear Power Engineer','Roderic Como','64');
INSERT INTO adviser(pid,cname,startdate,enddate) VALUES (58,'Data Coordiator','Thornie Foynes','8');
INSERT INTO adviser(pid,cname,startdate,enddate) VALUES (59,'Assistant Professor','Hardy Broadberrie','71');
INSERT INTO adviser(pid,cname,startdate,enddate) VALUES (60,'VP Marketing','Jase Lansbury','55');
INSERT INTO adviser(pid,cname,startdate,enddate) VALUES (61,'Staff Scientist','Anderson Redhole','86');
INSERT INTO adviser(pid,cname,startdate,enddate) VALUES (62,'Senior Sales Associate','Korie Rillatt','86');
INSERT INTO adviser(pid,cname,startdate,enddate) VALUES (63,'VP Quality Control','Kendricks Kinleyside','43');
INSERT INTO adviser(pid,cname,startdate,enddate) VALUES (64,'Staff Accountant III','Agace Fawckner','1');
INSERT INTO adviser(pid,cname,startdate,enddate) VALUES (65,'Project Manager','Tirrell Edelheid','69');
INSERT INTO adviser(pid,cname,startdate,enddate) VALUES (66,'Research Associate','Jeanne Brewin','27');
INSERT INTO adviser(pid,cname,startdate,enddate) VALUES (67,'Physical Therapy Assistant','Minerva Latter','10');
INSERT INTO adviser(pid,cname,startdate,enddate) VALUES (68,'Staff Accountant II','Venita Gameson','50');
INSERT INTO adviser(pid,cname,startdate,enddate) VALUES (69,'Accounting Assistant I','Morgan Slobom','6');
INSERT INTO adviser(pid,cname,startdate,enddate) VALUES (70,'Chemical Engineer','Garrott Bruckstein','15');
INSERT INTO adviser(pid,cname,startdate,enddate) VALUES (71,'Geologist II','Clara Brewis','75');
INSERT INTO adviser(pid,cname,startdate,enddate) VALUES (72,'Community Outreach Specialist','Janos Brickham','67');
INSERT INTO adviser(pid,cname,startdate,enddate) VALUES (73,'Mechanical Systems Engineer','Luigi Sperling','46');
INSERT INTO adviser(pid,cname,startdate,enddate) VALUES (74,'Desktop Support Technician','Nevin Truter','24');
INSERT INTO adviser(pid,cname,startdate,enddate) VALUES (75,'Staff Scientist','Cooper Blue','42');
INSERT INTO adviser(pid,cname,startdate,enddate) VALUES (76,'Nurse','Nicol Ogilvy','28');
INSERT INTO adviser(pid,cname,startdate,enddate) VALUES (77,'Office Assistant II','Nannie Oxenford','27');
INSERT INTO adviser(pid,cname,startdate,enddate) VALUES (78,'Registered Nurse','Rosaleen Aickin','48');
INSERT INTO adviser(pid,cname,startdate,enddate) VALUES (79,'Senior Editor','Moyra Patman','76');
INSERT INTO adviser(pid,cname,startdate,enddate) VALUES (80,'Assistant Professor','Alix Wroughton','56');
INSERT INTO adviser(pid,cname,startdate,enddate) VALUES (81,'Software Test Engineer I','Anne-corinne Claisse','92');
INSERT INTO adviser(pid,cname,startdate,enddate) VALUES (82,'Chemical Engineer','Thelma MacKenney','37');
INSERT INTO adviser(pid,cname,startdate,enddate) VALUES (83,'VP Product Management','Brantley Shires','13');
INSERT INTO adviser(pid,cname,startdate,enddate) VALUES (84,'Software Engineer II','Brenda Worley','83');
INSERT INTO adviser(pid,cname,startdate,enddate) VALUES (85,'Actuary','Almeria Hilland','34');
INSERT INTO adviser(pid,cname,startdate,enddate) VALUES (86,'Desktop Support Technician','L;urette Chadney','93');
INSERT INTO adviser(pid,cname,startdate,enddate) VALUES (87,'Account Representative IV','Caty Weale','59');
INSERT INTO adviser(pid,cname,startdate,enddate) VALUES (88,'VP Quality Control','Danika Ondricek','53');
INSERT INTO adviser(pid,cname,startdate,enddate) VALUES (89,'Geologist II','Iris Sennett','91');
INSERT INTO adviser(pid,cname,startdate,enddate) VALUES (90,'GIS Technical Architect','Dimitry Gordon-Giles','56');
INSERT INTO adviser(pid,cname,startdate,enddate) VALUES (91,'Sales Associate','Kristoffer Balchin','80');
INSERT INTO adviser(pid,cname,startdate,enddate) VALUES (92,'Senior Developer','Mabelle Robberts','70');
INSERT INTO adviser(pid,cname,startdate,enddate) VALUES (93,'Health Coach II','Hartley Albery','83');
INSERT INTO adviser(pid,cname,startdate,enddate) VALUES (94,'Senior Quality Engineer','Lisha O''Shevlin','87');
INSERT INTO adviser(pid,cname,startdate,enddate) VALUES (95,'Account Representative IV','Curt Meeson','10');
INSERT INTO adviser(pid,cname,startdate,enddate) VALUES (96,'Food Chemist','Alta Dubery','27');
INSERT INTO adviser(pid,cname,startdate,enddate) VALUES (97,'Marketing Assistant','Carmon Pesticcio','58');
INSERT INTO adviser(pid,cname,startdate,enddate) VALUES (98,'Design Engineer','Levon Laurenzi','14');
INSERT INTO adviser(pid,cname,startdate,enddate) VALUES (99,'Payment Adjustment Coordinator','Adi Rozea','93');
INSERT INTO adviser(pid,cname,startdate,enddate) VALUES (100,'GIS Technical Architect','Jethro Cronk','26');


INSERT INTO adviser_specialties(pid,cname,startdate,enddate) VALUES (18,'Manuel Pennigar','45','Clinical Specialist');
INSERT INTO adviser_specialties(pid,cname,startdate,enddate) VALUES (9,'Charlean Monnoyer','96','Food Chemist');
INSERT INTO adviser_specialties(pid,cname,startdate,enddate) VALUES (89,'Elise Iscowitz','90','Senior Cost Accountant');
INSERT INTO adviser_specialties(pid,cname,startdate,enddate) VALUES (87,'Eryn Cureton','7','Structural Analysis Engineer');
INSERT INTO adviser_specialties(pid,cname,startdate,enddate) VALUES (38,'Theo Posselow','28','Technical Writer');
INSERT INTO adviser_specialties(pid,cname,startdate,enddate) VALUES (47,'Filmer Rymer','65','Research Assistant III');
INSERT INTO adviser_specialties(pid,cname,startdate,enddate) VALUES (34,'Costa Tarplee','18','Help Desk Operator');
INSERT INTO adviser_specialties(pid,cname,startdate,enddate) VALUES (75,'Fergus Levane','13','Chemical Engineer');
INSERT INTO adviser_specialties(pid,cname,startdate,enddate) VALUES (28,'Julie Wiffen','70','Geological Engineer');
INSERT INTO adviser_specialties(pid,cname,startdate,enddate) VALUES (66,'Neall Witherop','98','Graphic Designer');
INSERT INTO adviser_specialties(pid,cname,startdate,enddate) VALUES (94,'Eleonore McShea','15','Web Designer I');
INSERT INTO adviser_specialties(pid,cname,startdate,enddate) VALUES (32,'Mirna Airlie','19','Automation Specialist I');
INSERT INTO adviser_specialties(pid,cname,startdate,enddate) VALUES (31,'Goldarina Chaffin','64','Paralegal');
INSERT INTO adviser_specialties(pid,cname,startdate,enddate) VALUES (69,'Fern Joannic','47','Senior Financial Analyst');
INSERT INTO adviser_specialties(pid,cname,startdate,enddate) VALUES (33,'Opal Sterley','17','Structural Engineer');
INSERT INTO adviser_specialties(pid,cname,startdate,enddate) VALUES (72,'Forest Morteo','6','Recruiter');
INSERT INTO adviser_specialties(pid,cname,startdate,enddate) VALUES (22,'Melantha Knevit','85','Assistant Professor');
INSERT INTO adviser_specialties(pid,cname,startdate,enddate) VALUES (97,'Greta Hillyatt','24','Assistant Manager');
INSERT INTO adviser_specialties(pid,cname,startdate,enddate) VALUES (34,'Giovanna Masding','18','Pharmacist');
INSERT INTO adviser_specialties(pid,cname,startdate,enddate) VALUES (60,'Mercy Sallows','7','Human Resources Assistant IV');
INSERT INTO adviser_specialties(pid,cname,startdate,enddate) VALUES (7,'Vittoria Purchon','73','VP Product Management');
INSERT INTO adviser_specialties(pid,cname,startdate,enddate) VALUES (86,'Britte McCome','43','Office Assistant II');
INSERT INTO adviser_specialties(pid,cname,startdate,enddate) VALUES (14,'Etty Minero','85','Assistant Professor');
INSERT INTO adviser_specialties(pid,cname,startdate,enddate) VALUES (77,'Baxter Leathard','77','Programmer III');
INSERT INTO adviser_specialties(pid,cname,startdate,enddate) VALUES (31,'Rikki Louisot','64','Automation Specialist I');
INSERT INTO adviser_specialties(pid,cname,startdate,enddate) VALUES (37,'Giacomo Cumberbatch','31','Senior Sales Associate');
INSERT INTO adviser_specialties(pid,cname,startdate,enddate) VALUES (2,'Winfred Gowdie','46','Internal Auditor');
INSERT INTO adviser_specialties(pid,cname,startdate,enddate) VALUES (60,'Goldie Smithers','7','Structural Analysis Engineer');
INSERT INTO adviser_specialties(pid,cname,startdate,enddate) VALUES (74,'Margarethe Frank','45','Budget/Accounting Analyst IV');
INSERT INTO adviser_specialties(pid,cname,startdate,enddate) VALUES (18,'Sean Manjot','45','Research Nurse');
INSERT INTO adviser_specialties(pid,cname,startdate,enddate) VALUES (68,'Miguel Abel','32','General Manager');
INSERT INTO adviser_specialties(pid,cname,startdate,enddate) VALUES (89,'Kelbee Velareal','90','Automation Specialist III');
INSERT INTO adviser_specialties(pid,cname,startdate,enddate) VALUES (81,'Beverly MacAllester','30','Food Chemist');
INSERT INTO adviser_specialties(pid,cname,startdate,enddate) VALUES (89,'Melisent Piller','90','Engineer II');
INSERT INTO adviser_specialties(pid,cname,startdate,enddate) VALUES (100,'Alexis Trumper','24','Occupational Therapist');
INSERT INTO adviser_specialties(pid,cname,startdate,enddate) VALUES (6,'Galvan Cholton','6','Research Assistant IV');
INSERT INTO adviser_specialties(pid,cname,startdate,enddate) VALUES (91,'Gianna Turney','2','Systems Administrator I');
INSERT INTO adviser_specialties(pid,cname,startdate,enddate) VALUES (3,'Izaak Di Angelo','3','Financial Analyst');
INSERT INTO adviser_specialties(pid,cname,startdate,enddate) VALUES (10,'Lewes Beavington','52','Administrative Officer');
INSERT INTO adviser_specialties(pid,cname,startdate,enddate) VALUES (89,'Tedman Kampshell','90','Research Associate');
INSERT INTO adviser_specialties(pid,cname,startdate,enddate) VALUES (29,'Salaidh Goreisr','38','Help Desk Operator');
INSERT INTO adviser_specialties(pid,cname,startdate,enddate) VALUES (54,'Anne Haig','82','Software Engineer III');
INSERT INTO adviser_specialties(pid,cname,startdate,enddate) VALUES (91,'Rayna Newlin','2','Software Consultant');
INSERT INTO adviser_specialties(pid,cname,startdate,enddate) VALUES (26,'Frazer Dunnan','7','Chief Design Engineer');
INSERT INTO adviser_specialties(pid,cname,startdate,enddate) VALUES (98,'Retha McCready','56','Quality Engineer');
INSERT INTO adviser_specialties(pid,cname,startdate,enddate) VALUES (42,'Jayme Jerdon','28','Web Developer II');
INSERT INTO adviser_specialties(pid,cname,startdate,enddate) VALUES (72,'Melodie Bolley','6','Nuclear Power Engineer');
INSERT INTO adviser_specialties(pid,cname,startdate,enddate) VALUES (61,'Ced Kix','1','Structural Analysis Engineer');
INSERT INTO adviser_specialties(pid,cname,startdate,enddate) VALUES (32,'Nealon O''Spillane','19','Senior Editor');
INSERT INTO adviser_specialties(pid,cname,startdate,enddate) VALUES (18,'Patrizius Stelli','45','Staff Accountant II');
INSERT INTO adviser_specialties(pid,cname,startdate,enddate) VALUES (35,'Tabina Kauble','95','Assistant Media Planner');
INSERT INTO adviser_specialties(pid,cname,startdate,enddate) VALUES (70,'Juana Raistrick','50','Human Resources Manager');
INSERT INTO adviser_specialties(pid,cname,startdate,enddate) VALUES (40,'Denys Shemmin','8','Internal Auditor');
INSERT INTO adviser_specialties(pid,cname,startdate,enddate) VALUES (1,'Norri Bynold','46','Automation Specialist I');
INSERT INTO adviser_specialties(pid,cname,startdate,enddate) VALUES (71,'Tabatha Cearley','71','Research Associate');
INSERT INTO adviser_specialties(pid,cname,startdate,enddate) VALUES (69,'Joan Garahan','47','Web Designer I');
INSERT INTO adviser_specialties(pid,cname,startdate,enddate) VALUES (68,'Roderic Como','32','Nuclear Power Engineer');
INSERT INTO adviser_specialties(pid,cname,startdate,enddate) VALUES (81,'Thornie Foynes','30','Data Coordiator');
INSERT INTO adviser_specialties(pid,cname,startdate,enddate) VALUES (100,'Hardy Broadberrie','24','Assistant Professor');
INSERT INTO adviser_specialties(pid,cname,startdate,enddate) VALUES (96,'Jase Lansbury','39','VP Marketing');
INSERT INTO adviser_specialties(pid,cname,startdate,enddate) VALUES (76,'Anderson Redhole','21','Staff Scientist');
INSERT INTO adviser_specialties(pid,cname,startdate,enddate) VALUES (82,'Korie Rillatt','43','Senior Sales Associate');
INSERT INTO adviser_specialties(pid,cname,startdate,enddate) VALUES (6,'Kendricks Kinleyside','6','VP Quality Control');
INSERT INTO adviser_specialties(pid,cname,startdate,enddate) VALUES (94,'Agace Fawckner','15','Staff Accountant III');
INSERT INTO adviser_specialties(pid,cname,startdate,enddate) VALUES (8,'Tirrell Edelheid','91','Project Manager');
INSERT INTO adviser_specialties(pid,cname,startdate,enddate) VALUES (91,'Jeanne Brewin','2','Research Associate');
INSERT INTO adviser_specialties(pid,cname,startdate,enddate) VALUES (23,'Minerva Latter','96','Physical Therapy Assistant');
INSERT INTO adviser_specialties(pid,cname,startdate,enddate) VALUES (86,'Venita Gameson','43','Staff Accountant II');
INSERT INTO adviser_specialties(pid,cname,startdate,enddate) VALUES (60,'Morgan Slobom','7','Accounting Assistant I');
INSERT INTO adviser_specialties(pid,cname,startdate,enddate) VALUES (68,'Garrott Bruckstein','32','Chemical Engineer');
INSERT INTO adviser_specialties(pid,cname,startdate,enddate) VALUES (40,'Clara Brewis','8','Geologist II');
INSERT INTO adviser_specialties(pid,cname,startdate,enddate) VALUES (64,'Janos Brickham','82','Community Outreach Specialist');
INSERT INTO adviser_specialties(pid,cname,startdate,enddate) VALUES (22,'Luigi Sperling','85','Mechanical Systems Engineer');
INSERT INTO adviser_specialties(pid,cname,startdate,enddate) VALUES (54,'Nevin Truter','82','Desktop Support Technician');
INSERT INTO adviser_specialties(pid,cname,startdate,enddate) VALUES (100,'Cooper Blue','24','Staff Scientist');
INSERT INTO adviser_specialties(pid,cname,startdate,enddate) VALUES (70,'Nicol Ogilvy','50','Nurse');
INSERT INTO adviser_specialties(pid,cname,startdate,enddate) VALUES (49,'Nannie Oxenford','56','Office Assistant II');
INSERT INTO adviser_specialties(pid,cname,startdate,enddate) VALUES (38,'Rosaleen Aickin','28','Registered Nurse');
INSERT INTO adviser_specialties(pid,cname,startdate,enddate) VALUES (54,'Moyra Patman','82','Senior Editor');
INSERT INTO adviser_specialties(pid,cname,startdate,enddate) VALUES (89,'Alix Wroughton','90','Assistant Professor');
INSERT INTO adviser_specialties(pid,cname,startdate,enddate) VALUES (33,'Anne-corinne Claisse','17','Software Test Engineer I');
INSERT INTO adviser_specialties(pid,cname,startdate,enddate) VALUES (79,'Thelma MacKenney','81','Chemical Engineer');
INSERT INTO adviser_specialties(pid,cname,startdate,enddate) VALUES (42,'Brantley Shires','28','VP Product Management');
INSERT INTO adviser_specialties(pid,cname,startdate,enddate) VALUES (56,'Brenda Worley','8','Software Engineer II');
INSERT INTO adviser_specialties(pid,cname,startdate,enddate) VALUES (95,'Almeria Hilland','3','Actuary');
INSERT INTO adviser_specialties(pid,cname,startdate,enddate) VALUES (95,'L;urette Chadney','3','Desktop Support Technician');
INSERT INTO adviser_specialties(pid,cname,startdate,enddate) VALUES (3,'Caty Weale','3','Account Representative IV');
INSERT INTO adviser_specialties(pid,cname,startdate,enddate) VALUES (9,'Danika Ondricek','96','VP Quality Control');
INSERT INTO adviser_specialties(pid,cname,startdate,enddate) VALUES (8,'Iris Sennett','91','Geologist II');
INSERT INTO adviser_specialties(pid,cname,startdate,enddate) VALUES (44,'Dimitry Gordon-Giles','41','GIS Technical Architect');
INSERT INTO adviser_specialties(pid,cname,startdate,enddate) VALUES (96,'Kristoffer Balchin','39','Sales Associate');
INSERT INTO adviser_specialties(pid,cname,startdate,enddate) VALUES (18,'Mabelle Robberts','45','Senior Developer');
INSERT INTO adviser_specialties(pid,cname,startdate,enddate) VALUES (77,'Hartley Albery','77','Health Coach II');
INSERT INTO adviser_specialties(pid,cname,startdate,enddate) VALUES (88,'Lisha O''Shevlin','66','Senior Quality Engineer');
INSERT INTO adviser_specialties(pid,cname,startdate,enddate) VALUES (26,'Curt Meeson','7','Account Representative IV');
INSERT INTO adviser_specialties(pid,cname,startdate,enddate) VALUES (3,'Alta Dubery','3','Food Chemist');
INSERT INTO adviser_specialties(pid,cname,startdate,enddate) VALUES (65,'Carmon Pesticcio','96','Marketing Assistant');
INSERT INTO adviser_specialties(pid,cname,startdate,enddate) VALUES (10,'Levon Laurenzi','52','Design Engineer');
INSERT INTO adviser_specialties(pid,cname,startdate,enddate) VALUES (66,'Adi Rozea','98','Payment Adjustment Coordinator');
INSERT INTO adviser_specialties(pid,cname,startdate,enddate) VALUES (62,'Jethro Cronk','24','GIS Technical Architect');


INSERT INTO student(snum,sname,course,bday,empno,cname,pid) VALUES (1,'Tonie McUre','Consumer Durables','4/16/2019 0:58',73,'Bower',38);
INSERT INTO student(snum,sname,course,bday,empno,cname,pid) VALUES (2,'Indira Body','Consumer Services','8/22/2019 16:46',87,'Kerr',71);
INSERT INTO student(snum,sname,course,bday,empno,cname,pid) VALUES (3,'Sylvester Kehri','Computer Science','10/6/2019 4:44',95,'Fraser',80);
INSERT INTO student(snum,sname,course,bday,empno,cname,pid) VALUES (4,'Briant Jevon','Health Care','2/3/2019 1:21',67,'Gill',83);
INSERT INTO student(snum,sname,course,bday,empno,cname,pid) VALUES (5,'Giralda Flintuff','Technology','7/4/2019 15:26',93,'Dyer',80);
INSERT INTO student(snum,sname,course,bday,empno,cname,pid) VALUES (6,'Lorie Ricson','Health Care','10/23/2019 12:00',35,'Mackenzie',72);
INSERT INTO student(snum,sname,course,bday,empno,cname,pid) VALUES (7,'Gwenette Dakers','Transportation','8/22/2019 18:41',13,'Cornish',66);
INSERT INTO student(snum,sname,course,bday,empno,cname,pid) VALUES (8,'Peyton Sandaver','Basic Industries','12/23/2018 0:26',61,'Reid',20);
INSERT INTO student(snum,sname,course,bday,empno,cname,pid) VALUES (9,'Ardra Jocic','Transportation','11/18/2019 11:23',15,'Parsons',44);
INSERT INTO student(snum,sname,course,bday,empno,cname,pid) VALUES (10,'Melisse Beebe','Finance','2/15/2019 17:46',52,'Gray',6);
INSERT INTO student(snum,sname,course,bday,empno,cname,pid) VALUES (11,'Fletch Tofpik','Health Care','9/15/2019 16:34',33,'Underwood',5);
INSERT INTO student(snum,sname,course,bday,empno,cname,pid) VALUES (12,'Buckie Dewett','Computer Science','4/19/2019 14:44',41,'Howard',96);
INSERT INTO student(snum,sname,course,bday,empno,cname,pid) VALUES (13,'Sharlene Abbado','Miscellaneous','2/27/2019 8:23',80,'Carr',57);
INSERT INTO student(snum,sname,course,bday,empno,cname,pid) VALUES (14,'Arlina Bunney','Finance','10/10/2019 12:14',92,'Cornish',98);
INSERT INTO student(snum,sname,course,bday,empno,cname,pid) VALUES (15,'Sutherland Edgerly','Consumer Durables','8/17/2019 14:20',48,'Black',56);
INSERT INTO student(snum,sname,course,bday,empno,cname,pid) VALUES (16,'Teodoor Bende','Computer Science','12/12/2018 7:34',32,'Harris',54);
INSERT INTO student(snum,sname,course,bday,empno,cname,pid) VALUES (17,'Natalie Archibould','Technology','6/9/2019 13:11',36,'McDonald',50);
INSERT INTO student(snum,sname,course,bday,empno,cname,pid) VALUES (18,'Biddie Rieme','Consumer Services','7/15/2019 10:19',62,'Sanderson',8);
INSERT INTO student(snum,sname,course,bday,empno,cname,pid) VALUES (19,'Nathan Breadmore','Consumer Services','6/17/2019 1:48',26,'Terry',4);
INSERT INTO student(snum,sname,course,bday,empno,cname,pid) VALUES (20,'Cole Vase','Finance','6/29/2019 7:39',76,'Vance',18);
INSERT INTO student(snum,sname,course,bday,empno,cname,pid) VALUES (21,'Sasha Petriello','Health Care','4/7/2019 19:11',34,'Morrison',76);
INSERT INTO student(snum,sname,course,bday,empno,cname,pid) VALUES (22,'Bernard Lafee','Consumer Services','2/16/2019 9:38',30,'Peters',10);
INSERT INTO student(snum,sname,course,bday,empno,cname,pid) VALUES (23,'Shane Bruhn','Computer Science','1/3/2019 1:31',16,'Peake',79);
INSERT INTO student(snum,sname,course,bday,empno,cname,pid) VALUES (24,'Kit Riedel','Health Care','1/13/2019 23:19',26,'Peters',89);
INSERT INTO student(snum,sname,course,bday,empno,cname,pid) VALUES (25,'Isac Rablen','Consumer Services','1/22/2019 9:50',35,'Hart',34);
INSERT INTO student(snum,sname,course,bday,empno,cname,pid) VALUES (26,'Bernadine Everington','Capital Goods','2/17/2019 4:59',68,'Clarkson',29);
INSERT INTO student(snum,sname,course,bday,empno,cname,pid) VALUES (27,'Lief Van der Mark','Energy','3/28/2019 17:26',68,'Russell',5);
INSERT INTO student(snum,sname,course,bday,empno,cname,pid) VALUES (28,'Giorgi Gooding','Computer Science','2/19/2019 21:16',22,'Arnold',64);
INSERT INTO student(snum,sname,course,bday,empno,cname,pid) VALUES (29,'Dannie Harradine','Transportation','9/5/2019 10:09',18,'Bond',38);
INSERT INTO student(snum,sname,course,bday,empno,cname,pid) VALUES (30,'Mort Skoate','Consumer Durables','10/26/2019 15:58',99,'Greene',68);
INSERT INTO student(snum,sname,course,bday,empno,cname,pid) VALUES (31,'Eloisa Balke','Consumer Services','4/9/2019 20:27',1,'King',54);
INSERT INTO student(snum,sname,course,bday,empno,cname,pid) VALUES (32,'Phip Melonby','Finance','2/14/2019 6:06',22,'Piper',42);
INSERT INTO student(snum,sname,course,bday,empno,cname,pid) VALUES (33,'Isidro Stigger','Miscellaneous','9/11/2019 15:38',4,'Payne',93);
INSERT INTO student(snum,sname,course,bday,empno,cname,pid) VALUES (34,'Barnabas McNickle','Basic Industries','11/11/2019 23:00',53,'Lyman',29);
INSERT INTO student(snum,sname,course,bday,empno,cname,pid) VALUES (35,'Rodrique Pentecost','Capital Goods','2/26/2019 5:46',40,'Davidson',51);
INSERT INTO student(snum,sname,course,bday,empno,cname,pid) VALUES (36,'Tanhya Bushrod','Miscellaneous','1/1/2019 8:46',87,'Black',37);
INSERT INTO student(snum,sname,course,bday,empno,cname,pid) VALUES (37,'Gasper Haste','Computer Science','2/12/2019 19:08',53,'Springer',78);
INSERT INTO student(snum,sname,course,bday,empno,cname,pid) VALUES (38,'Genni Seager','Health Care','6/22/2019 4:04',54,'Stewart',47);
INSERT INTO student(snum,sname,course,bday,empno,cname,pid) VALUES (39,'Elaina Mehmet','Consumer Services','7/16/2019 2:55',11,'James',80);
INSERT INTO student(snum,sname,course,bday,empno,cname,pid) VALUES (40,'Holly-anne Berrow','Health Care','4/15/2019 6:02',81,'Clark',2);
INSERT INTO student(snum,sname,course,bday,empno,cname,pid) VALUES (41,'Pattie Pyrke','Health Care','6/23/2019 1:29',65,'Terry',22);
INSERT INTO student(snum,sname,course,bday,empno,cname,pid) VALUES (42,'Clemence MacAless','Computer Science','3/26/2019 11:45',56,'Glover',72);
INSERT INTO student(snum,sname,course,bday,empno,cname,pid) VALUES (43,'Carley Zettler','Computer Science','3/5/2019 5:29',77,'Bower',3);
INSERT INTO student(snum,sname,course,bday,empno,cname,pid) VALUES (44,'Phedra Lavington','Computer Science','3/29/2019 17:25',33,'Dowd',76);
INSERT INTO student(snum,sname,course,bday,empno,cname,pid) VALUES (45,'Elnar Giraudoux','Consumer Non-Durables','11/22/2019 4:47',78,'Martin',70);
INSERT INTO student(snum,sname,course,bday,empno,cname,pid) VALUES (46,'Isaac Possa','Computer Science','8/11/2019 1:35',14,'Howard',83);
INSERT INTO student(snum,sname,course,bday,empno,cname,pid) VALUES (47,'Charley Perceval','Technology','7/30/2019 16:55',33,'Turner',63);
INSERT INTO student(snum,sname,course,bday,empno,cname,pid) VALUES (48,'Caspar Robiou','Computer Science','8/13/2019 11:18',74,'Ince',41);
INSERT INTO student(snum,sname,course,bday,empno,cname,pid) VALUES (49,'Codie Hamshere','Computer Science','10/10/2019 6:48',94,'Forsyth',3);
INSERT INTO student(snum,sname,course,bday,empno,cname,pid) VALUES (50,'Earvin Castana','Energy','8/16/2019 23:19',27,'Vaughan',4);
INSERT INTO student(snum,sname,course,bday,empno,cname,pid) VALUES (51,'Melly Tidcombe','Finance','4/4/2019 8:43',7,'Lawrence',45);
INSERT INTO student(snum,sname,course,bday,empno,cname,pid) VALUES (52,'Reinald Keough','Computer Science','8/31/2019 4:50',65,'Simpson',14);
INSERT INTO student(snum,sname,course,bday,empno,cname,pid) VALUES (53,'Allene Giamuzzo','Computer Science','3/25/2019 21:50',3,'McDonald',32);
INSERT INTO student(snum,sname,course,bday,empno,cname,pid) VALUES (54,'Mirabelle Ottley','Consumer Services','11/20/2019 16:04',20,'Lewis',74);
INSERT INTO student(snum,sname,course,bday,empno,cname,pid) VALUES (55,'Neysa La Torre','Finance','10/17/2019 21:28',33,'Vaughan',33);
INSERT INTO student(snum,sname,course,bday,empno,cname,pid) VALUES (56,'Salli Mainstone','Finance','1/31/2019 13:59',32,'Robertson',59);
INSERT INTO student(snum,sname,course,bday,empno,cname,pid) VALUES (57,'Fayina Yakob','Basic Industries','5/21/2019 2:31',6,'Poole',28);
INSERT INTO student(snum,sname,course,bday,empno,cname,pid) VALUES (58,'Lisa Giacopini','Health Care','6/14/2019 17:18',45,'Dickens',80);
INSERT INTO student(snum,sname,course,bday,empno,cname,pid) VALUES (59,'Adara Gaddes','Computer Science','1/3/2019 14:33',17,'Quinn',15);
INSERT INTO student(snum,sname,course,bday,empno,cname,pid) VALUES (60,'Parrnell Pillington','Technology','9/2/2019 17:24',99,'Cameron',9);
INSERT INTO student(snum,sname,course,bday,empno,cname,pid) VALUES (61,'Pippy Studholme','Health Care','6/12/2019 20:48',91,'Payne',55);
INSERT INTO student(snum,sname,course,bday,empno,cname,pid) VALUES (62,'Iver Cormack','Computer Science','7/22/2019 6:58',30,'Wilson',36);
INSERT INTO student(snum,sname,course,bday,empno,cname,pid) VALUES (63,'Marty Pevsner','Finance','7/11/2019 9:51',4,'Payne',86);
INSERT INTO student(snum,sname,course,bday,empno,cname,pid) VALUES (64,'Lindon Langstone','Finance','11/9/2019 8:57',68,'Clarkson',34);
INSERT INTO student(snum,sname,course,bday,empno,cname,pid) VALUES (65,'Berty Stubbert','Finance','9/27/2019 5:02',63,'Gibson',44);
INSERT INTO student(snum,sname,course,bday,empno,cname,pid) VALUES (66,'Joelynn Lapping','Computer Science','5/8/2019 12:25',83,'Russell',9);
INSERT INTO student(snum,sname,course,bday,empno,cname,pid) VALUES (67,'Elfrieda McLise','Computer Science','3/14/2019 2:19',98,'Gibson',99);
INSERT INTO student(snum,sname,course,bday,empno,cname,pid) VALUES (68,'Anette Pardy','Technology','8/26/2019 8:19',65,'Marshall',20);
INSERT INTO student(snum,sname,course,bday,empno,cname,pid) VALUES (69,'Lucinda Hasker','Capital Goods','4/12/2019 18:25',41,'Manning',25);
INSERT INTO student(snum,sname,course,bday,empno,cname,pid) VALUES (70,'Jacki Ferrino','Consumer Services','3/14/2019 18:48',85,'Gray',46);
INSERT INTO student(snum,sname,course,bday,empno,cname,pid) VALUES (71,'Gennifer Kilshall','Consumer Non-Durables','7/22/2019 18:24',49,'Burgess',80);
INSERT INTO student(snum,sname,course,bday,empno,cname,pid) VALUES (72,'Moshe Chadwell','Health Care','1/13/2019 21:31',27,'Lambert',92);
INSERT INTO student(snum,sname,course,bday,empno,cname,pid) VALUES (73,'Darleen Sherrin','Consumer Services','1/11/2019 8:07',53,'Lawrence',55);
INSERT INTO student(snum,sname,course,bday,empno,cname,pid) VALUES (74,'Chelsie Bexley','Technology','2/7/2019 7:43',96,'Rampling',76);
INSERT INTO student(snum,sname,course,bday,empno,cname,pid) VALUES (75,'Geoffry McEllen','Health Care','4/27/2019 23:50',66,'Terry',24);
INSERT INTO student(snum,sname,course,bday,empno,cname,pid) VALUES (76,'Charis Harrad','Consumer Services','4/28/2019 14:09',75,'Forsyth',70);
INSERT INTO student(snum,sname,course,bday,empno,cname,pid) VALUES (77,'Karissa Rushbrooke','Consumer Services','10/1/2019 21:29',82,'Wright',82);
INSERT INTO student(snum,sname,course,bday,empno,cname,pid) VALUES (78,'Cirillo Rutledge','Capital Goods','7/17/2019 22:37',35,'Alsop',100);
INSERT INTO student(snum,sname,course,bday,empno,cname,pid) VALUES (79,'Hailey Bardnam','Consumer Durables','4/22/2019 9:38',16,'Grant',4);
INSERT INTO student(snum,sname,course,bday,empno,cname,pid) VALUES (80,'Margaretha Balcon','Finance','3/10/2019 8:46',99,'Baker',76);
INSERT INTO student(snum,sname,course,bday,empno,cname,pid) VALUES (81,'Rickard Worden','Technology','3/22/2019 1:41',88,'Wright',34);
INSERT INTO student(snum,sname,course,bday,empno,cname,pid) VALUES (82,'Cecily Hambleton','Finance','9/17/2019 12:54',92,'Anderson',14);
INSERT INTO student(snum,sname,course,bday,empno,cname,pid) VALUES (83,'Benni Geeves','Finance','2/27/2019 11:10',50,'Hudson',67);
INSERT INTO student(snum,sname,course,bday,empno,cname,pid) VALUES (84,'Westleigh Whetson','Public Utilities','11/18/2019 5:26',19,'Reid',93);
INSERT INTO student(snum,sname,course,bday,empno,cname,pid) VALUES (85,'Willie Klimkin','Technology','3/31/2019 23:46',30,'Simpson',22);
INSERT INTO student(snum,sname,course,bday,empno,cname,pid) VALUES (86,'Reyna McCague','Computer Science','3/31/2019 10:16',84,'Hardacre',33);
INSERT INTO student(snum,sname,course,bday,empno,cname,pid) VALUES (87,'Hewie Caird','Public Utilities','7/26/2019 22:48',4,'Bell',44);
INSERT INTO student(snum,sname,course,bday,empno,cname,pid) VALUES (88,'Shena Raynes','Computer Science','4/10/2019 17:17',5,'Hill',44);
INSERT INTO student(snum,sname,course,bday,empno,cname,pid) VALUES (89,'Wally Meiklem','Computer Science','8/12/2019 10:52',55,'Arnold',18);
INSERT INTO student(snum,sname,course,bday,empno,cname,pid) VALUES (90,'Niels Baudasso','Consumer Non-Durables','6/17/2019 18:45',72,'Welch',82);
INSERT INTO student(snum,sname,course,bday,empno,cname,pid) VALUES (91,'Wallis Valsler','Health Care','4/27/2019 8:25',37,'White',56);
INSERT INTO student(snum,sname,course,bday,empno,cname,pid) VALUES (92,'Larisa Blinerman','Finance','11/16/2019 13:11',38,'Gray',56);
INSERT INTO student(snum,sname,course,bday,empno,cname,pid) VALUES (93,'Angelina Testin','Public Utilities','3/17/2019 15:35',50,'Campbell',57);
INSERT INTO student(snum,sname,course,bday,empno,cname,pid) VALUES (94,'Warren Yushankin','Computer Science','1/7/2019 8:57',70,'Miller',6);
INSERT INTO student(snum,sname,course,bday,empno,cname,pid) VALUES (95,'Jemima Clendening','Capital Goods','5/14/2019 8:41',46,'Kelly',98);
INSERT INTO student(snum,sname,course,bday,empno,cname,pid) VALUES (96,'Kipp Waddams','Consumer Services','8/26/2019 19:20',60,'Hamilton',73);
INSERT INTO student(snum,sname,course,bday,empno,cname,pid) VALUES (97,'Margi Deacon','Consumer Services','1/30/2019 13:45',84,'Vance',7);
INSERT INTO student(snum,sname,course,bday,empno,cname,pid) VALUES (98,'Nikki Blackley','Computer Science','10/18/2019 11:38',25,'Sanderson',47);
INSERT INTO student(snum,sname,course,bday,empno,cname,pid) VALUES (99,'Timmie Gilder','Finance','11/27/2018 0:57',46,'Skinner',66);
INSERT INTO student(snum,sname,course,bday,empno,cname,pid) VALUES (100,'Powell Saturley','Consumer Services','11/22/2019 20:12',30,'Howard',98);


INSERT INTO task(taskid,dateass,datefin,difficulty,duration,designspecs,datainputtype,dataoutputtype,isfrontend,isbackend,pid,snum) VALUES (1,'3/30/2018','8/10/2019',5,498.6642593,'Cape Capensis - Fillet','Crimson','Crimson',NULL,NULL,86,46);
INSERT INTO task(taskid,dateass,datefin,difficulty,duration,designspecs,datainputtype,dataoutputtype,isfrontend,isbackend,pid,snum) VALUES (2,'6/2/2018','11/28/2018',1,179.008125,'Appetizer - Spring Roll, Veg','Maroon','Indigo',NULL,NULL,1,97);
INSERT INTO task(taskid,dateass,datefin,difficulty,duration,designspecs,datainputtype,dataoutputtype,isfrontend,isbackend,pid,snum) VALUES (3,'6/12/2018','6/27/2019',8,380.2112731,'Sparkling Wine - Rose, Freixenet','Teal','Purple','FALSE','TRUE',47,88);
INSERT INTO task(taskid,dateass,datefin,difficulty,duration,designspecs,datainputtype,dataoutputtype,isfrontend,isbackend,pid,snum) VALUES (4,'10/6/2018','12/8/2018',8,62.54474537,'Tumeric','Khaki','Green',NULL,NULL,20,33);
INSERT INTO task(taskid,dateass,datefin,difficulty,duration,designspecs,datainputtype,dataoutputtype,isfrontend,isbackend,pid,snum) VALUES (5,'1/2/2018','1/20/2019',3,382.598287,'Wine - Red Oakridge Merlot','Teal','Teal',NULL,NULL,93,87);
INSERT INTO task(taskid,dateass,datefin,difficulty,duration,designspecs,datainputtype,dataoutputtype,isfrontend,isbackend,pid,snum) VALUES (6,'9/11/2018','5/14/2019',4,244.9306944,'Wine - Remy Pannier Rose','Turquoise','Purple','TRUE','FALSE',25,20);
INSERT INTO task(taskid,dateass,datefin,difficulty,duration,designspecs,datainputtype,dataoutputtype,isfrontend,isbackend,pid,snum) VALUES (7,'8/19/2018','10/29/2019',7,435.9361921,'Melon - Honey Dew','Aquamarine','Fuscia','TRUE','FALSE',21,13);
INSERT INTO task(taskid,dateass,datefin,difficulty,duration,designspecs,datainputtype,dataoutputtype,isfrontend,isbackend,pid,snum) VALUES (8,'11/14/2018','4/2/2019',5,138.7886921,'Sauce Tomato Pouch','Fuscia','Purple',NULL,NULL,7,73);
INSERT INTO task(taskid,dateass,datefin,difficulty,duration,designspecs,datainputtype,dataoutputtype,isfrontend,isbackend,pid,snum) VALUES (9,'12/2/2017','3/5/2019',1,458.3892708,'Oregano - Fresh','Khaki','Green',NULL,NULL,97,89);
INSERT INTO task(taskid,dateass,datefin,difficulty,duration,designspecs,datainputtype,dataoutputtype,isfrontend,isbackend,pid,snum) VALUES (10,'1/16/2018','3/12/2019',5,420.6241551,'Langers - Cranberry Cocktail','Mauv','Pink','FALSE','FALSE',28,80);
INSERT INTO task(taskid,dateass,datefin,difficulty,duration,designspecs,datainputtype,dataoutputtype,isfrontend,isbackend,pid,snum) VALUES (11,'5/18/2018','3/26/2019',3,312.0529861,'Wine - Red, Wolf Blass, Yellow','Red','Blue','FALSE','TRUE',54,86);
INSERT INTO task(taskid,dateass,datefin,difficulty,duration,designspecs,datainputtype,dataoutputtype,isfrontend,isbackend,pid,snum) VALUES (12,'12/23/2017','1/20/2019',9,392.8695255,'Beef - Prime Rib Aaa','Red','Aquamarine',NULL,NULL,5,97);
INSERT INTO task(taskid,dateass,datefin,difficulty,duration,designspecs,datainputtype,dataoutputtype,isfrontend,isbackend,pid,snum) VALUES (13,'5/1/2018','3/22/2019',2,324.8212269,'Curry Powder','Aquamarine','Maroon',NULL,NULL,84,48);
INSERT INTO task(taskid,dateass,datefin,difficulty,duration,designspecs,datainputtype,dataoutputtype,isfrontend,isbackend,pid,snum) VALUES (14,'8/7/2018','2/26/2019',5,202.2573032,'Melon - Watermelon, Seedless','Indigo','Puce',NULL,NULL,70,86);
INSERT INTO task(taskid,dateass,datefin,difficulty,duration,designspecs,datainputtype,dataoutputtype,isfrontend,isbackend,pid,snum) VALUES (15,'5/9/2018','8/6/2019',2,453.6720023,'Appetizer - Asian Shrimp Roll','Blue','Blue',NULL,NULL,73,68);
INSERT INTO task(taskid,dateass,datefin,difficulty,duration,designspecs,datainputtype,dataoutputtype,isfrontend,isbackend,pid,snum) VALUES (16,'11/19/2018','9/5/2019',9,290.1716088,'Rice - Jasmine Sented','Teal','Yellow',NULL,NULL,46,6);
INSERT INTO task(taskid,dateass,datefin,difficulty,duration,designspecs,datainputtype,dataoutputtype,isfrontend,isbackend,pid,snum) VALUES (17,'1/12/2018','12/25/2018',8,347.7799306,'Puree - Mango','Violet','Indigo','FALSE','FALSE',34,92);
INSERT INTO task(taskid,dateass,datefin,difficulty,duration,designspecs,datainputtype,dataoutputtype,isfrontend,isbackend,pid,snum) VALUES (18,'6/10/2018','5/8/2019',8,332.2224537,'Cookies - Fortune','Violet','Puce',NULL,NULL,15,2);
INSERT INTO task(taskid,dateass,datefin,difficulty,duration,designspecs,datainputtype,dataoutputtype,isfrontend,isbackend,pid,snum) VALUES (19,'5/14/2018','5/12/2019',5,363.5436574,'Beans - Fava, Canned','Puce','Khaki','TRUE','FALSE',29,71);
INSERT INTO task(taskid,dateass,datefin,difficulty,duration,designspecs,datainputtype,dataoutputtype,isfrontend,isbackend,pid,snum) VALUES (20,'7/17/2018','11/29/2018',3,134.9670139,'Muffin Mix - Raisin Bran','Purple','Teal',NULL,NULL,41,68);
INSERT INTO task(taskid,dateass,datefin,difficulty,duration,designspecs,datainputtype,dataoutputtype,isfrontend,isbackend,pid,snum) VALUES (21,'4/24/2018','6/25/2019',5,426.7405324,'Beets - Golden','Red','Turquoise','TRUE','FALSE',90,16);
INSERT INTO task(taskid,dateass,datefin,difficulty,duration,designspecs,datainputtype,dataoutputtype,isfrontend,isbackend,pid,snum) VALUES (22,'2/17/2018','2/13/2019',3,360.5731019,'Flour - Whole Wheat','Khaki','Mauv','FALSE','TRUE',32,99);
INSERT INTO task(taskid,dateass,datefin,difficulty,duration,designspecs,datainputtype,dataoutputtype,isfrontend,isbackend,pid,snum) VALUES (23,'8/23/2018','4/6/2019',4,225.3570949,'Papadam','Maroon','Indigo','TRUE','FALSE',79,54);
INSERT INTO task(taskid,dateass,datefin,difficulty,duration,designspecs,datainputtype,dataoutputtype,isfrontend,isbackend,pid,snum) VALUES (24,'3/29/2018','3/21/2019',4,357.3847917,'Pears - Anjou','Aquamarine','Teal',NULL,NULL,3,53);
INSERT INTO task(taskid,dateass,datefin,difficulty,duration,designspecs,datainputtype,dataoutputtype,isfrontend,isbackend,pid,snum) VALUES (25,'3/6/2018','4/2/2019',5,391.7299769,'Venison - Racks Frenched','Orange','Puce','FALSE','TRUE',2,87);
INSERT INTO task(taskid,dateass,datefin,difficulty,duration,designspecs,datainputtype,dataoutputtype,isfrontend,isbackend,pid,snum) VALUES (26,'4/27/2018','10/3/2019',1,524.2971181,'Wine - Mondavi Coastal Private','Aquamarine','Teal','FALSE','FALSE',96,57);
INSERT INTO task(taskid,dateass,datefin,difficulty,duration,designspecs,datainputtype,dataoutputtype,isfrontend,isbackend,pid,snum) VALUES (27,'7/7/2018','6/6/2019',9,334.3348958,'Sausage - Chorizo','Pink','Purple',NULL,NULL,31,83);
INSERT INTO task(taskid,dateass,datefin,difficulty,duration,designspecs,datainputtype,dataoutputtype,isfrontend,isbackend,pid,snum) VALUES (28,'1/31/2018','4/20/2019',3,444.8456134,'Greens Mustard','Mauv','Maroon',NULL,NULL,67,28);
INSERT INTO task(taskid,dateass,datefin,difficulty,duration,designspecs,datainputtype,dataoutputtype,isfrontend,isbackend,pid,snum) VALUES (29,'3/15/2018','2/28/2019',5,350.2713194,'Ice Cream Bar - Rolo Cone','Teal','Pink',NULL,NULL,98,3);
INSERT INTO task(taskid,dateass,datefin,difficulty,duration,designspecs,datainputtype,dataoutputtype,isfrontend,isbackend,pid,snum) VALUES (30,'3/17/2018','2/22/2019',5,341.3513889,'Yucca','Violet','Crimson','TRUE','FALSE',35,39);
INSERT INTO task(taskid,dateass,datefin,difficulty,duration,designspecs,datainputtype,dataoutputtype,isfrontend,isbackend,pid,snum) VALUES (31,'5/12/2018','10/13/2019',10,518.8847222,'Nut - Pine Nuts, Whole','Puce','Turquoise','FALSE','FALSE',58,44);
INSERT INTO task(taskid,dateass,datefin,difficulty,duration,designspecs,datainputtype,dataoutputtype,isfrontend,isbackend,pid,snum) VALUES (32,'12/7/2017','1/19/2019',9,408.088831,'Beer - Moosehead','Blue','Red','FALSE','TRUE',83,65);
INSERT INTO task(taskid,dateass,datefin,difficulty,duration,designspecs,datainputtype,dataoutputtype,isfrontend,isbackend,pid,snum) VALUES (33,'4/14/2018','3/2/2019',5,321.9427662,'Bamboo Shoots - Sliced','Green','Crimson',NULL,NULL,77,12);
INSERT INTO task(taskid,dateass,datefin,difficulty,duration,designspecs,datainputtype,dataoutputtype,isfrontend,isbackend,pid,snum) VALUES (34,'4/30/2018','8/25/2019',7,482.3051968,'Chocolate - Pistoles, White','Goldenrod','Purple','FALSE','TRUE',30,3);
INSERT INTO task(taskid,dateass,datefin,difficulty,duration,designspecs,datainputtype,dataoutputtype,isfrontend,isbackend,pid,snum) VALUES (35,'4/7/2018','1/24/2019',4,291.5715162,'Red Snapper - Fillet, Skin On','Pink','Khaki',NULL,NULL,51,17);
INSERT INTO task(taskid,dateass,datefin,difficulty,duration,designspecs,datainputtype,dataoutputtype,isfrontend,isbackend,pid,snum) VALUES (36,'8/13/2018','3/23/2019',6,221.7938194,'Sugar - Fine','Turquoise','Green',NULL,NULL,78,90);
INSERT INTO task(taskid,dateass,datefin,difficulty,duration,designspecs,datainputtype,dataoutputtype,isfrontend,isbackend,pid,snum) VALUES (37,'7/29/2018','5/29/2019',9,304.2000463,'Artichokes - Jerusalem','Teal','Aquamarine','FALSE','FALSE',84,34);
INSERT INTO task(taskid,dateass,datefin,difficulty,duration,designspecs,datainputtype,dataoutputtype,isfrontend,isbackend,pid,snum) VALUES (38,'6/29/2018','1/14/2019',1,198.1933218,'Muffin Hinge Container 6','Pink','Blue',NULL,NULL,72,20);
INSERT INTO task(taskid,dateass,datefin,difficulty,duration,designspecs,datainputtype,dataoutputtype,isfrontend,isbackend,pid,snum) VALUES (39,'5/28/2018','10/11/2019',10,501.7126389,'Mushroom - Enoki, Dry','Mauv','Yellow',NULL,NULL,37,19);
INSERT INTO task(taskid,dateass,datefin,difficulty,duration,designspecs,datainputtype,dataoutputtype,isfrontend,isbackend,pid,snum) VALUES (40,'4/23/2018','10/27/2019',3,552.0678819,'Peas Snow','Khaki','Goldenrod','FALSE','FALSE',87,53);
INSERT INTO task(taskid,dateass,datefin,difficulty,duration,designspecs,datainputtype,dataoutputtype,isfrontend,isbackend,pid,snum) VALUES (41,'8/7/2018','2/20/2019',3,196.7756713,'Bar - Granola Trail Mix Fruit Nut','Orange','Aquamarine','FALSE','FALSE',81,93);
INSERT INTO task(taskid,dateass,datefin,difficulty,duration,designspecs,datainputtype,dataoutputtype,isfrontend,isbackend,pid,snum) VALUES (42,'1/25/2018','10/24/2019',2,636.8933912,'Sorrel - Fresh','Yellow','Fuscia',NULL,NULL,1,66);
INSERT INTO task(taskid,dateass,datefin,difficulty,duration,designspecs,datainputtype,dataoutputtype,isfrontend,isbackend,pid,snum) VALUES (43,'9/22/2018','4/10/2019',5,199.4193287,'Carbonated Water - Blackberry','Turquoise','Crimson','FALSE','TRUE',60,61);
INSERT INTO task(taskid,dateass,datefin,difficulty,duration,designspecs,datainputtype,dataoutputtype,isfrontend,isbackend,pid,snum) VALUES (44,'5/3/2018','8/3/2019',9,457.5990972,'Cake - Pancake','Purple','Turquoise',NULL,NULL,70,42);
INSERT INTO task(taskid,dateass,datefin,difficulty,duration,designspecs,datainputtype,dataoutputtype,isfrontend,isbackend,pid,snum) VALUES (45,'2/21/2018','8/30/2019',7,555.4595949,'Wine - Niagara,vqa Reisling','Puce','Crimson','TRUE','FALSE',12,38);
INSERT INTO task(taskid,dateass,datefin,difficulty,duration,designspecs,datainputtype,dataoutputtype,isfrontend,isbackend,pid,snum) VALUES (46,'7/28/2018','9/10/2019',4,408.4924653,'Cake Sheet Combo Party Pack','Crimson','Maroon',NULL,NULL,64,62);
INSERT INTO task(taskid,dateass,datefin,difficulty,duration,designspecs,datainputtype,dataoutputtype,isfrontend,isbackend,pid,snum) VALUES (47,'7/5/2018','7/25/2019',6,384.3820139,'Creme De Menth - White','Puce','Puce',NULL,NULL,98,40);
INSERT INTO task(taskid,dateass,datefin,difficulty,duration,designspecs,datainputtype,dataoutputtype,isfrontend,isbackend,pid,snum) VALUES (48,'5/11/2018','12/7/2018',3,209.6175116,'Turnip - White','Fuscia','Indigo',NULL,NULL,77,29);
INSERT INTO task(taskid,dateass,datefin,difficulty,duration,designspecs,datainputtype,dataoutputtype,isfrontend,isbackend,pid,snum) VALUES (49,'10/8/2018','1/9/2019',2,92.92811343,'Lychee - Canned','Maroon','Blue','TRUE','TRUE',17,99);
INSERT INTO task(taskid,dateass,datefin,difficulty,duration,designspecs,datainputtype,dataoutputtype,isfrontend,isbackend,pid,snum) VALUES (50,'3/2/2018','3/18/2019',4,380.7436227,'Cup Translucent 9 Oz','Fuscia','Yellow',NULL,NULL,90,56);
INSERT INTO task(taskid,dateass,datefin,difficulty,duration,designspecs,datainputtype,dataoutputtype,isfrontend,isbackend,pid,snum) VALUES (51,'3/29/2018','12/20/2018',4,265.4703704,'Stock - Veal, White','Aquamarine','Fuscia','TRUE','TRUE',10,15);
INSERT INTO task(taskid,dateass,datefin,difficulty,duration,designspecs,datainputtype,dataoutputtype,isfrontend,isbackend,pid,snum) VALUES (52,'7/25/2018','9/24/2019',1,426.0280787,'Chevril','Violet','Puce','FALSE','TRUE',46,25);
INSERT INTO task(taskid,dateass,datefin,difficulty,duration,designspecs,datainputtype,dataoutputtype,isfrontend,isbackend,pid,snum) VALUES (53,'9/19/2018','2/24/2019',9,158.6264005,'Sambuca - Opal Nera','Indigo','Blue',NULL,NULL,4,7);
INSERT INTO task(taskid,dateass,datefin,difficulty,duration,designspecs,datainputtype,dataoutputtype,isfrontend,isbackend,pid,snum) VALUES (54,'6/10/2018','10/21/2019',4,498.4625231,'Pheasants - Whole','Goldenrod','Goldenrod',NULL,NULL,60,77);
INSERT INTO task(taskid,dateass,datefin,difficulty,duration,designspecs,datainputtype,dataoutputtype,isfrontend,isbackend,pid,snum) VALUES (55,'10/12/2018','2/9/2019',6,120.3001042,'Cake Circle, Foil, Scallop','Crimson','Red','TRUE','FALSE',54,7);
INSERT INTO task(taskid,dateass,datefin,difficulty,duration,designspecs,datainputtype,dataoutputtype,isfrontend,isbackend,pid,snum) VALUES (56,'10/29/2018','10/2/2019',5,338.147338,'Soup - Campbells, Beef Barley','Orange','Crimson','FALSE','TRUE',38,66);
INSERT INTO task(taskid,dateass,datefin,difficulty,duration,designspecs,datainputtype,dataoutputtype,isfrontend,isbackend,pid,snum) VALUES (57,'5/17/2018','10/15/2019',3,516.1449074,'Tandoori Curry Paste','Fuscia','Teal','FALSE','TRUE',83,76);
INSERT INTO task(taskid,dateass,datefin,difficulty,duration,designspecs,datainputtype,dataoutputtype,isfrontend,isbackend,pid,snum) VALUES (58,'10/7/2018','11/11/2019',1,399.9944792,'Lamb - Rack','Indigo','Maroon',NULL,NULL,42,60);
INSERT INTO task(taskid,dateass,datefin,difficulty,duration,designspecs,datainputtype,dataoutputtype,isfrontend,isbackend,pid,snum) VALUES (59,'5/20/2018','4/19/2019',10,334.28625,'Ham - Cooked Italian','Indigo','Red','TRUE','FALSE',62,90);
INSERT INTO task(taskid,dateass,datefin,difficulty,duration,designspecs,datainputtype,dataoutputtype,isfrontend,isbackend,pid,snum) VALUES (60,'4/28/2018','2/25/2019',8,302.6545139,'Egg - Salad Premix','Purple','Khaki','FALSE','TRUE',39,83);
INSERT INTO task(taskid,dateass,datefin,difficulty,duration,designspecs,datainputtype,dataoutputtype,isfrontend,isbackend,pid,snum) VALUES (61,'10/15/2018','5/26/2019',10,222.2756366,'Vanilla Beans','Mauv','Crimson',NULL,NULL,78,30);
INSERT INTO task(taskid,dateass,datefin,difficulty,duration,designspecs,datainputtype,dataoutputtype,isfrontend,isbackend,pid,snum) VALUES (62,'9/1/2018','6/28/2019',6,299.7378588,'Wine - Pinot Noir Pond Haddock','Blue','Fuscia','FALSE','FALSE',37,28);
INSERT INTO task(taskid,dateass,datefin,difficulty,duration,designspecs,datainputtype,dataoutputtype,isfrontend,isbackend,pid,snum) VALUES (63,'10/10/2018','7/20/2019',5,282.5803935,'Wine - Two Oceans Cabernet','Puce','Violet',NULL,NULL,31,39);
INSERT INTO task(taskid,dateass,datefin,difficulty,duration,designspecs,datainputtype,dataoutputtype,isfrontend,isbackend,pid,snum) VALUES (64,'8/28/2018','4/15/2019',6,230.2663079,'Fudge - Cream Fudge','Orange','Maroon',NULL,NULL,73,25);
INSERT INTO task(taskid,dateass,datefin,difficulty,duration,designspecs,datainputtype,dataoutputtype,isfrontend,isbackend,pid,snum) VALUES (65,'12/4/2017','7/21/2019',3,593.9351852,'Orange - Tangerine','Fuscia','Green',NULL,NULL,40,78);
INSERT INTO task(taskid,dateass,datefin,difficulty,duration,designspecs,datainputtype,dataoutputtype,isfrontend,isbackend,pid,snum) VALUES (66,'6/6/2018','10/28/2019',1,509.316088,'Longos - Chicken Caeser Salad','Aquamarine','Red',NULL,NULL,18,12);
INSERT INTO task(taskid,dateass,datefin,difficulty,duration,designspecs,datainputtype,dataoutputtype,isfrontend,isbackend,pid,snum) VALUES (67,'9/9/2018','11/7/2019',3,423.8655556,'Onion Powder','Teal','Teal',NULL,NULL,89,5);
INSERT INTO task(taskid,dateass,datefin,difficulty,duration,designspecs,datainputtype,dataoutputtype,isfrontend,isbackend,pid,snum) VALUES (68,'3/19/2018','11/24/2018',1,249.8663542,'Salt - Seasoned','Crimson','Maroon',NULL,NULL,85,12);
INSERT INTO task(taskid,dateass,datefin,difficulty,duration,designspecs,datainputtype,dataoutputtype,isfrontend,isbackend,pid,snum) VALUES (69,'10/14/2018','10/6/2019',9,357.5647569,'Garlic','Aquamarine','Indigo',NULL,NULL,53,59);
INSERT INTO task(taskid,dateass,datefin,difficulty,duration,designspecs,datainputtype,dataoutputtype,isfrontend,isbackend,pid,snum) VALUES (70,'11/24/2017','7/9/2019',10,592.2264236,'Turkey - Breast, Bone - In','Aquamarine','Maroon',NULL,NULL,45,77);
INSERT INTO task(taskid,dateass,datefin,difficulty,duration,designspecs,datainputtype,dataoutputtype,isfrontend,isbackend,pid,snum) VALUES (71,'1/16/2018','6/9/2019',6,509.4806019,'Wine - Delicato Merlot','Puce','Mauv',NULL,NULL,74,80);
INSERT INTO task(taskid,dateass,datefin,difficulty,duration,designspecs,datainputtype,dataoutputtype,isfrontend,isbackend,pid,snum) VALUES (72,'11/13/2018','5/8/2019',6,175.6447917,'Mushroom - Shitake, Dry','Indigo','Mauv',NULL,NULL,10,92);
INSERT INTO task(taskid,dateass,datefin,difficulty,duration,designspecs,datainputtype,dataoutputtype,isfrontend,isbackend,pid,snum) VALUES (73,'9/4/2018','10/17/2019',5,408.2695139,'Guinea Fowl','Khaki','Teal',NULL,NULL,70,65);
INSERT INTO task(taskid,dateass,datefin,difficulty,duration,designspecs,datainputtype,dataoutputtype,isfrontend,isbackend,pid,snum) VALUES (74,'8/16/2018','6/14/2019',2,302.0715394,'Zucchini - Mini, Green','Purple','Fuscia',NULL,NULL,93,40);
INSERT INTO task(taskid,dateass,datefin,difficulty,duration,designspecs,datainputtype,dataoutputtype,isfrontend,isbackend,pid,snum) VALUES (75,'6/14/2018','5/22/2019',4,341.9035648,'Beef - Rouladin, Sliced','Teal','Green','TRUE','FALSE',66,49);
INSERT INTO task(taskid,dateass,datefin,difficulty,duration,designspecs,datainputtype,dataoutputtype,isfrontend,isbackend,pid,snum) VALUES (76,'5/10/2018','3/31/2019',5,325.0961343,'Broom - Push','Mauv','Pink',NULL,NULL,42,96);
INSERT INTO task(taskid,dateass,datefin,difficulty,duration,designspecs,datainputtype,dataoutputtype,isfrontend,isbackend,pid,snum) VALUES (77,'3/25/2018','11/10/2019',5,594.5771065,'Dish Towel','Turquoise','Red','TRUE','FALSE',52,57);
INSERT INTO task(taskid,dateass,datefin,difficulty,duration,designspecs,datainputtype,dataoutputtype,isfrontend,isbackend,pid,snum) VALUES (78,'2/26/2018','2/12/2019',7,350.8954861,'Coffee - French Vanilla Frothy','Goldenrod','Mauv','FALSE','TRUE',68,7);
INSERT INTO task(taskid,dateass,datefin,difficulty,duration,designspecs,datainputtype,dataoutputtype,isfrontend,isbackend,pid,snum) VALUES (79,'1/23/2018','10/17/2019',5,632.6177083,'Wine - Vineland Estate Semi - Dry','Goldenrod','Aquamarine',NULL,NULL,46,39);
INSERT INTO task(taskid,dateass,datefin,difficulty,duration,designspecs,datainputtype,dataoutputtype,isfrontend,isbackend,pid,snum) VALUES (80,'5/25/2018','12/20/2018',10,209.3211921,'Shopper Bag - S - 4','Purple','Puce','FALSE','FALSE',36,67);
INSERT INTO task(taskid,dateass,datefin,difficulty,duration,designspecs,datainputtype,dataoutputtype,isfrontend,isbackend,pid,snum) VALUES (81,'12/25/2017','1/21/2019',6,392.647037,'Tart - Butter Plain Squares','Maroon','Blue','TRUE','TRUE',17,83);
INSERT INTO task(taskid,dateass,datefin,difficulty,duration,designspecs,datainputtype,dataoutputtype,isfrontend,isbackend,pid,snum) VALUES (82,'9/23/2018','4/6/2019',8,195.2051273,'Gelatine Leaves - Envelopes','Crimson','Puce','FALSE','FALSE',62,26);
INSERT INTO task(taskid,dateass,datefin,difficulty,duration,designspecs,datainputtype,dataoutputtype,isfrontend,isbackend,pid,snum) VALUES (83,'8/24/2018','3/29/2019',2,217.2247106,'Lobster - Canned Premium','Orange','Red','FALSE','TRUE',35,15);
INSERT INTO task(taskid,dateass,datefin,difficulty,duration,designspecs,datainputtype,dataoutputtype,isfrontend,isbackend,pid,snum) VALUES (84,'9/21/2018','10/8/2019',3,382.8177778,'Cheese - Cottage Cheese','Fuscia','Turquoise','FALSE','FALSE',37,57);
INSERT INTO task(taskid,dateass,datefin,difficulty,duration,designspecs,datainputtype,dataoutputtype,isfrontend,isbackend,pid,snum) VALUES (85,'7/7/2018','9/2/2019',5,421.8561343,'English Muffin','Crimson','Maroon',NULL,NULL,85,70);
INSERT INTO task(taskid,dateass,datefin,difficulty,duration,designspecs,datainputtype,dataoutputtype,isfrontend,isbackend,pid,snum) VALUES (86,'9/21/2018','5/20/2019',8,240.9680903,'Urban Zen Drinks','Maroon','Teal',NULL,NULL,39,51);
INSERT INTO task(taskid,dateass,datefin,difficulty,duration,designspecs,datainputtype,dataoutputtype,isfrontend,isbackend,pid,snum) VALUES (87,'8/20/2018','8/9/2019',7,354.1957755,'Chips Potato Salt Vinegar 43g','Aquamarine','Pink',NULL,NULL,34,81);
INSERT INTO task(taskid,dateass,datefin,difficulty,duration,designspecs,datainputtype,dataoutputtype,isfrontend,isbackend,pid,snum) VALUES (88,'12/23/2017','4/20/2019',6,482.4305787,'Parsley - Dried','Turquoise','Green',NULL,NULL,25,74);
INSERT INTO task(taskid,dateass,datefin,difficulty,duration,designspecs,datainputtype,dataoutputtype,isfrontend,isbackend,pid,snum) VALUES (89,'12/2/2017','6/21/2019',5,566.0140625,'Pepper - Black, Whole','Fuscia','Crimson',NULL,NULL,10,44);
INSERT INTO task(taskid,dateass,datefin,difficulty,duration,designspecs,datainputtype,dataoutputtype,isfrontend,isbackend,pid,snum) VALUES (90,'8/11/2018','8/12/2019',6,365.9623611,'Mushroom - Morel Frozen','Goldenrod','Blue','FALSE','TRUE',79,57);
INSERT INTO task(taskid,dateass,datefin,difficulty,duration,designspecs,datainputtype,dataoutputtype,isfrontend,isbackend,pid,snum) VALUES (91,'11/14/2018','4/30/2019',5,166.7640162,'Beef - Baby, Liver','Khaki','Maroon','TRUE','TRUE',18,52);
INSERT INTO task(taskid,dateass,datefin,difficulty,duration,designspecs,datainputtype,dataoutputtype,isfrontend,isbackend,pid,snum) VALUES (92,'3/23/2018','7/13/2019',8,477.0531829,'Wine - Red, Antinori Santa','Puce','Mauv',NULL,NULL,98,16);
INSERT INTO task(taskid,dateass,datefin,difficulty,duration,designspecs,datainputtype,dataoutputtype,isfrontend,isbackend,pid,snum) VALUES (93,'12/26/2017','6/11/2019',9,532.5741204,'Water - San Pellegrino','Purple','Goldenrod','FALSE','FALSE',80,70);
INSERT INTO task(taskid,dateass,datefin,difficulty,duration,designspecs,datainputtype,dataoutputtype,isfrontend,isbackend,pid,snum) VALUES (94,'6/7/2018','1/29/2019',5,235.7109606,'Cheese - Parmigiano Reggiano','Pink','Puce',NULL,NULL,75,89);
INSERT INTO task(taskid,dateass,datefin,difficulty,duration,designspecs,datainputtype,dataoutputtype,isfrontend,isbackend,pid,snum) VALUES (95,'9/12/2018','1/15/2019',7,124.9674769,'Green Tea Refresher','Violet','Red',NULL,NULL,20,38);
INSERT INTO task(taskid,dateass,datefin,difficulty,duration,designspecs,datainputtype,dataoutputtype,isfrontend,isbackend,pid,snum) VALUES (96,'3/16/2018','4/22/2019',10,402.1300694,'Water - Tonic','Pink','Yellow','FALSE','FALSE',55,6);
INSERT INTO task(taskid,dateass,datefin,difficulty,duration,designspecs,datainputtype,dataoutputtype,isfrontend,isbackend,pid,snum) VALUES (97,'11/14/2018','12/14/2018',7,30.31216435,'Melon - Cantaloupe','Fuscia','Turquoise','FALSE','FALSE',54,9);
INSERT INTO task(taskid,dateass,datefin,difficulty,duration,designspecs,datainputtype,dataoutputtype,isfrontend,isbackend,pid,snum) VALUES (98,'12/28/2017','4/29/2019',6,487.7209375,'Wine - Vidal Icewine Magnotta','Teal','Pink','TRUE','FALSE',86,79);
INSERT INTO task(taskid,dateass,datefin,difficulty,duration,designspecs,datainputtype,dataoutputtype,isfrontend,isbackend,pid,snum) VALUES (99,'6/29/2018','2/8/2019',2,224.1736574,'Bread Foccacia Whole','Aquamarine','Goldenrod','FALSE','FALSE',57,70);
INSERT INTO task(taskid,dateass,datefin,difficulty,duration,designspecs,datainputtype,dataoutputtype,isfrontend,isbackend,pid,snum) VALUES (100,'4/27/2018','10/20/2019',3,541.4325694,'Cream - 18%','Pink','Violet',NULL,NULL,15,66);


INSERT INTO student_interns_company(snum,cname,year,salary,sem) VALUES (66,'Bower',2005,65857,2);
INSERT INTO student_interns_company(snum,cname,year,salary,sem) VALUES (48,'Kerr',2012,17633,1);
INSERT INTO student_interns_company(snum,cname,year,salary,sem) VALUES (31,'Fraser',1986,47906,2);
INSERT INTO student_interns_company(snum,cname,year,salary,sem) VALUES (82,'Gill',1992,19596,2);
INSERT INTO student_interns_company(snum,cname,year,salary,sem) VALUES (22,'Dyer',1994,50160,1);
INSERT INTO student_interns_company(snum,cname,year,salary,sem) VALUES (25,'Mackenzie',2003,75284,2);
INSERT INTO student_interns_company(snum,cname,year,salary,sem) VALUES (10,'Cornish',1993,49320,2);
INSERT INTO student_interns_company(snum,cname,year,salary,sem) VALUES (65,'Reid',2009,93577,1);
INSERT INTO student_interns_company(snum,cname,year,salary,sem) VALUES (59,'Parsons',1993,35084,2);
INSERT INTO student_interns_company(snum,cname,year,salary,sem) VALUES (47,'Gray',2010,23645,2);
INSERT INTO student_interns_company(snum,cname,year,salary,sem) VALUES (91,'Underwood',2011,78978,1);
INSERT INTO student_interns_company(snum,cname,year,salary,sem) VALUES (36,'Howard',2001,26953,1);
INSERT INTO student_interns_company(snum,cname,year,salary,sem) VALUES (30,'Carr',2008,91511,2);
INSERT INTO student_interns_company(snum,cname,year,salary,sem) VALUES (81,'Cornish',1996,33580,2);
INSERT INTO student_interns_company(snum,cname,year,salary,sem) VALUES (92,'Black',2011,64988,2);
INSERT INTO student_interns_company(snum,cname,year,salary,sem) VALUES (86,'Harris',1989,91764,2);
INSERT INTO student_interns_company(snum,cname,year,salary,sem) VALUES (59,'McDonald',1993,92059,2);
INSERT INTO student_interns_company(snum,cname,year,salary,sem) VALUES (98,'Sanderson',2007,40065,2);
INSERT INTO student_interns_company(snum,cname,year,salary,sem) VALUES (75,'Terry',1998,23353,2);
INSERT INTO student_interns_company(snum,cname,year,salary,sem) VALUES (81,'Vance',2002,51918,1);
INSERT INTO student_interns_company(snum,cname,year,salary,sem) VALUES (15,'Morrison',1993,47562,1);
INSERT INTO student_interns_company(snum,cname,year,salary,sem) VALUES (29,'Peters',1999,44990,1);
INSERT INTO student_interns_company(snum,cname,year,salary,sem) VALUES (35,'Peake',1993,69136,1);
INSERT INTO student_interns_company(snum,cname,year,salary,sem) VALUES (44,'Peters',2012,66074,2);
INSERT INTO student_interns_company(snum,cname,year,salary,sem) VALUES (41,'Hart',1997,51082,2);
INSERT INTO student_interns_company(snum,cname,year,salary,sem) VALUES (20,'Clarkson',2013,25502,1);
INSERT INTO student_interns_company(snum,cname,year,salary,sem) VALUES (79,'Russell',1994,62663,1);
INSERT INTO student_interns_company(snum,cname,year,salary,sem) VALUES (21,'Arnold',2008,85429,1);
INSERT INTO student_interns_company(snum,cname,year,salary,sem) VALUES (59,'Bond',2012,84014,2);
INSERT INTO student_interns_company(snum,cname,year,salary,sem) VALUES (18,'Greene',2010,90864,1);
INSERT INTO student_interns_company(snum,cname,year,salary,sem) VALUES (68,'King',2007,52501,1);
INSERT INTO student_interns_company(snum,cname,year,salary,sem) VALUES (56,'Piper',2004,99811,2);
INSERT INTO student_interns_company(snum,cname,year,salary,sem) VALUES (48,'Payne',1999,47156,2);
INSERT INTO student_interns_company(snum,cname,year,salary,sem) VALUES (28,'Lyman',2006,66566,2);
INSERT INTO student_interns_company(snum,cname,year,salary,sem) VALUES (48,'Davidson',2003,86433,2);
INSERT INTO student_interns_company(snum,cname,year,salary,sem) VALUES (90,'Black',1993,93028,1);
INSERT INTO student_interns_company(snum,cname,year,salary,sem) VALUES (90,'Springer',1997,51027,1);
INSERT INTO student_interns_company(snum,cname,year,salary,sem) VALUES (89,'Stewart',1999,48090,2);
INSERT INTO student_interns_company(snum,cname,year,salary,sem) VALUES (26,'James',2009,78119,2);
INSERT INTO student_interns_company(snum,cname,year,salary,sem) VALUES (31,'Clark',2004,32979,2);
INSERT INTO student_interns_company(snum,cname,year,salary,sem) VALUES (75,'Terry',2000,57560,2);
INSERT INTO student_interns_company(snum,cname,year,salary,sem) VALUES (49,'Glover',1999,52492,1);
INSERT INTO student_interns_company(snum,cname,year,salary,sem) VALUES (28,'Bower',2011,81386,1);
INSERT INTO student_interns_company(snum,cname,year,salary,sem) VALUES (82,'Dowd',2012,46602,2);
INSERT INTO student_interns_company(snum,cname,year,salary,sem) VALUES (49,'Martin',2012,36391,1);
INSERT INTO student_interns_company(snum,cname,year,salary,sem) VALUES (58,'Howard',2011,95947,2);
INSERT INTO student_interns_company(snum,cname,year,salary,sem) VALUES (84,'Turner',2001,46917,2);
INSERT INTO student_interns_company(snum,cname,year,salary,sem) VALUES (98,'Ince',2003,27959,2);
INSERT INTO student_interns_company(snum,cname,year,salary,sem) VALUES (33,'Forsyth',1968,18328,1);
INSERT INTO student_interns_company(snum,cname,year,salary,sem) VALUES (96,'Vaughan',2002,26051,1);
INSERT INTO student_interns_company(snum,cname,year,salary,sem) VALUES (84,'Lawrence',1992,49469,2);
INSERT INTO student_interns_company(snum,cname,year,salary,sem) VALUES (12,'Simpson',2003,79688,2);
INSERT INTO student_interns_company(snum,cname,year,salary,sem) VALUES (1,'McDonald',2007,49946,1);
INSERT INTO student_interns_company(snum,cname,year,salary,sem) VALUES (96,'Lewis',2002,65399,1);
INSERT INTO student_interns_company(snum,cname,year,salary,sem) VALUES (74,'Vaughan',2001,86971,1);
INSERT INTO student_interns_company(snum,cname,year,salary,sem) VALUES (13,'Robertson',1988,52477,1);
INSERT INTO student_interns_company(snum,cname,year,salary,sem) VALUES (95,'Poole',2011,57269,2);
INSERT INTO student_interns_company(snum,cname,year,salary,sem) VALUES (4,'Dickens',1996,45347,1);
INSERT INTO student_interns_company(snum,cname,year,salary,sem) VALUES (32,'Quinn',1995,31095,2);
INSERT INTO student_interns_company(snum,cname,year,salary,sem) VALUES (45,'Cameron',2008,95847,1);
INSERT INTO student_interns_company(snum,cname,year,salary,sem) VALUES (64,'Payne',2002,75467,2);
INSERT INTO student_interns_company(snum,cname,year,salary,sem) VALUES (19,'Wilson',1996,22636,1);
INSERT INTO student_interns_company(snum,cname,year,salary,sem) VALUES (48,'Payne',2005,46262,1);
INSERT INTO student_interns_company(snum,cname,year,salary,sem) VALUES (98,'Clarkson',1964,84872,2);
INSERT INTO student_interns_company(snum,cname,year,salary,sem) VALUES (74,'Gibson',1995,78130,2);
INSERT INTO student_interns_company(snum,cname,year,salary,sem) VALUES (79,'Russell',2008,79354,1);
INSERT INTO student_interns_company(snum,cname,year,salary,sem) VALUES (43,'Gibson',2003,77169,2);
INSERT INTO student_interns_company(snum,cname,year,salary,sem) VALUES (51,'Marshall',2002,17815,1);
INSERT INTO student_interns_company(snum,cname,year,salary,sem) VALUES (72,'Manning',2001,91244,2);
INSERT INTO student_interns_company(snum,cname,year,salary,sem) VALUES (13,'Gray',2006,58882,1);
INSERT INTO student_interns_company(snum,cname,year,salary,sem) VALUES (46,'Burgess',1989,19920,2);
INSERT INTO student_interns_company(snum,cname,year,salary,sem) VALUES (88,'Lambert',1990,79412,1);
INSERT INTO student_interns_company(snum,cname,year,salary,sem) VALUES (13,'Lawrence',2010,79692,2);
INSERT INTO student_interns_company(snum,cname,year,salary,sem) VALUES (16,'Rampling',1986,90508,1);
INSERT INTO student_interns_company(snum,cname,year,salary,sem) VALUES (7,'Terry',1996,91061,1);
INSERT INTO student_interns_company(snum,cname,year,salary,sem) VALUES (1,'Forsyth',1989,31824,1);
INSERT INTO student_interns_company(snum,cname,year,salary,sem) VALUES (95,'Wright',1993,80487,1);
INSERT INTO student_interns_company(snum,cname,year,salary,sem) VALUES (53,'Alsop',1992,63440,1);
INSERT INTO student_interns_company(snum,cname,year,salary,sem) VALUES (51,'Grant',1991,77706,2);
INSERT INTO student_interns_company(snum,cname,year,salary,sem) VALUES (71,'Baker',2005,31808,1);
INSERT INTO student_interns_company(snum,cname,year,salary,sem) VALUES (36,'Wright',1996,93217,2);
INSERT INTO student_interns_company(snum,cname,year,salary,sem) VALUES (63,'Anderson',2011,50103,1);
INSERT INTO student_interns_company(snum,cname,year,salary,sem) VALUES (56,'Hudson',2009,45144,1);
INSERT INTO student_interns_company(snum,cname,year,salary,sem) VALUES (73,'Reid',1992,23344,2);
INSERT INTO student_interns_company(snum,cname,year,salary,sem) VALUES (59,'Simpson',2002,77238,2);
INSERT INTO student_interns_company(snum,cname,year,salary,sem) VALUES (57,'Hardacre',1985,87911,2);
INSERT INTO student_interns_company(snum,cname,year,salary,sem) VALUES (51,'Bell',2007,25635,2);
INSERT INTO student_interns_company(snum,cname,year,salary,sem) VALUES (90,'Hill',1987,77583,2);
INSERT INTO student_interns_company(snum,cname,year,salary,sem) VALUES (91,'Arnold',2003,39958,2);
INSERT INTO student_interns_company(snum,cname,year,salary,sem) VALUES (34,'Welch',1989,45151,1);
INSERT INTO student_interns_company(snum,cname,year,salary,sem) VALUES (97,'White',2009,18822,2);
INSERT INTO student_interns_company(snum,cname,year,salary,sem) VALUES (28,'Gray',1996,93703,1);
INSERT INTO student_interns_company(snum,cname,year,salary,sem) VALUES (41,'Campbell',2008,78344,1);
INSERT INTO student_interns_company(snum,cname,year,salary,sem) VALUES (37,'Miller',2006,27460,1);
INSERT INTO student_interns_company(snum,cname,year,salary,sem) VALUES (10,'Kelly',1995,17086,1);
INSERT INTO student_interns_company(snum,cname,year,salary,sem) VALUES (38,'Hamilton',2004,84452,1);
INSERT INTO student_interns_company(snum,cname,year,salary,sem) VALUES (92,'Vance',1994,15778,2);
INSERT INTO student_interns_company(snum,cname,year,salary,sem) VALUES (67,'Sanderson',2009,15240,1);
INSERT INTO student_interns_company(snum,cname,year,salary,sem) VALUES (17,'Skinner',1995,98031,1);
INSERT INTO student_interns_company(snum,cname,year,salary,sem) VALUES (65,'Howard',1987,16712,2);


INSERT INTO student_assigned_task(snum,taskid) VALUES (12,59);
INSERT INTO student_assigned_task(snum,taskid) VALUES (13,96);
INSERT INTO student_assigned_task(snum,taskid) VALUES (51,89);
INSERT INTO student_assigned_task(snum,taskid) VALUES (15,33);
INSERT INTO student_assigned_task(snum,taskid) VALUES (37,94);
INSERT INTO student_assigned_task(snum,taskid) VALUES (31,28);
INSERT INTO student_assigned_task(snum,taskid) VALUES (57,43);
INSERT INTO student_assigned_task(snum,taskid) VALUES (11,99);
INSERT INTO student_assigned_task(snum,taskid) VALUES (11,100);
INSERT INTO student_assigned_task(snum,taskid) VALUES (13,10);
INSERT INTO student_assigned_task(snum,taskid) VALUES (31,35);
INSERT INTO student_assigned_task(snum,taskid) VALUES (31,61);
INSERT INTO student_assigned_task(snum,taskid) VALUES (51,82);
INSERT INTO student_assigned_task(snum,taskid) VALUES (37,45);
INSERT INTO student_assigned_task(snum,taskid) VALUES (98,51);
INSERT INTO student_assigned_task(snum,taskid) VALUES (41,14);
INSERT INTO student_assigned_task(snum,taskid) VALUES (21,84);
INSERT INTO student_assigned_task(snum,taskid) VALUES (36,95);
INSERT INTO student_assigned_task(snum,taskid) VALUES (63,24);
INSERT INTO student_assigned_task(snum,taskid) VALUES (79,19);
INSERT INTO student_assigned_task(snum,taskid) VALUES (36,99);
INSERT INTO student_assigned_task(snum,taskid) VALUES (97,64);
INSERT INTO student_assigned_task(snum,taskid) VALUES (81,39);
INSERT INTO student_assigned_task(snum,taskid) VALUES (42,39);
INSERT INTO student_assigned_task(snum,taskid) VALUES (26,38);
INSERT INTO student_assigned_task(snum,taskid) VALUES (61,2);
INSERT INTO student_assigned_task(snum,taskid) VALUES (41,50);
INSERT INTO student_assigned_task(snum,taskid) VALUES (42,96);
INSERT INTO student_assigned_task(snum,taskid) VALUES (24,37);
INSERT INTO student_assigned_task(snum,taskid) VALUES (21,4);
INSERT INTO student_assigned_task(snum,taskid) VALUES (19,23);
INSERT INTO student_assigned_task(snum,taskid) VALUES (81,57);
INSERT INTO student_assigned_task(snum,taskid) VALUES (36,84);
INSERT INTO student_assigned_task(snum,taskid) VALUES (54,23);
INSERT INTO student_assigned_task(snum,taskid) VALUES (63,22);
INSERT INTO student_assigned_task(snum,taskid) VALUES (41,87);
INSERT INTO student_assigned_task(snum,taskid) VALUES (88,22);
INSERT INTO student_assigned_task(snum,taskid) VALUES (41,48);
INSERT INTO student_assigned_task(snum,taskid) VALUES (87,62);
INSERT INTO student_assigned_task(snum,taskid) VALUES (84,41);
INSERT INTO student_assigned_task(snum,taskid) VALUES (36,96);
INSERT INTO student_assigned_task(snum,taskid) VALUES (93,70);
INSERT INTO student_assigned_task(snum,taskid) VALUES (24,37);
INSERT INTO student_assigned_task(snum,taskid) VALUES (11,6);
INSERT INTO student_assigned_task(snum,taskid) VALUES (13,42);
INSERT INTO student_assigned_task(snum,taskid) VALUES (18,57);
INSERT INTO student_assigned_task(snum,taskid) VALUES (69,13);
INSERT INTO student_assigned_task(snum,taskid) VALUES (27,79);
INSERT INTO student_assigned_task(snum,taskid) VALUES (87,5);
INSERT INTO student_assigned_task(snum,taskid) VALUES (88,95);
INSERT INTO student_assigned_task(snum,taskid) VALUES (32,12);
INSERT INTO student_assigned_task(snum,taskid) VALUES (20,4);
INSERT INTO student_assigned_task(snum,taskid) VALUES (89,57);
INSERT INTO student_assigned_task(snum,taskid) VALUES (52,67);
INSERT INTO student_assigned_task(snum,taskid) VALUES (24,77);
INSERT INTO student_assigned_task(snum,taskid) VALUES (16,41);
INSERT INTO student_assigned_task(snum,taskid) VALUES (57,16);
INSERT INTO student_assigned_task(snum,taskid) VALUES (59,30);
INSERT INTO student_assigned_task(snum,taskid) VALUES (81,19);
INSERT INTO student_assigned_task(snum,taskid) VALUES (69,74);
INSERT INTO student_assigned_task(snum,taskid) VALUES (15,13);
INSERT INTO student_assigned_task(snum,taskid) VALUES (26,40);
INSERT INTO student_assigned_task(snum,taskid) VALUES (87,72);
INSERT INTO student_assigned_task(snum,taskid) VALUES (51,52);
INSERT INTO student_assigned_task(snum,taskid) VALUES (22,18);
INSERT INTO student_assigned_task(snum,taskid) VALUES (65,67);
INSERT INTO student_assigned_task(snum,taskid) VALUES (95,8);
INSERT INTO student_assigned_task(snum,taskid) VALUES (63,2);
INSERT INTO student_assigned_task(snum,taskid) VALUES (90,63);
INSERT INTO student_assigned_task(snum,taskid) VALUES (41,33);
INSERT INTO student_assigned_task(snum,taskid) VALUES (84,61);
INSERT INTO student_assigned_task(snum,taskid) VALUES (36,44);
INSERT INTO student_assigned_task(snum,taskid) VALUES (36,94);
INSERT INTO student_assigned_task(snum,taskid) VALUES (87,68);
INSERT INTO student_assigned_task(snum,taskid) VALUES (87,15);
INSERT INTO student_assigned_task(snum,taskid) VALUES (90,46);
INSERT INTO student_assigned_task(snum,taskid) VALUES (36,89);
INSERT INTO student_assigned_task(snum,taskid) VALUES (84,88);
INSERT INTO student_assigned_task(snum,taskid) VALUES (81,41);
INSERT INTO student_assigned_task(snum,taskid) VALUES (87,66);
INSERT INTO student_assigned_task(snum,taskid) VALUES (40,29);
INSERT INTO student_assigned_task(snum,taskid) VALUES (41,7);
INSERT INTO student_assigned_task(snum,taskid) VALUES (16,47);
INSERT INTO student_assigned_task(snum,taskid) VALUES (23,25);
INSERT INTO student_assigned_task(snum,taskid) VALUES (65,39);
INSERT INTO student_assigned_task(snum,taskid) VALUES (13,6);
INSERT INTO student_assigned_task(snum,taskid) VALUES (11,25);
INSERT INTO student_assigned_task(snum,taskid) VALUES (32,87);
INSERT INTO student_assigned_task(snum,taskid) VALUES (13,12);
INSERT INTO student_assigned_task(snum,taskid) VALUES (90,7);
INSERT INTO student_assigned_task(snum,taskid) VALUES (38,10);
INSERT INTO student_assigned_task(snum,taskid) VALUES (98,75);
INSERT INTO student_assigned_task(snum,taskid) VALUES (31,50);
INSERT INTO student_assigned_task(snum,taskid) VALUES (21,34);
INSERT INTO student_assigned_task(snum,taskid) VALUES (26,2);
INSERT INTO student_assigned_task(snum,taskid) VALUES (36,5);
INSERT INTO student_assigned_task(snum,taskid) VALUES (17,65);
INSERT INTO student_assigned_task(snum,taskid) VALUES (100,39);
INSERT INTO student_assigned_task(snum,taskid) VALUES (63,27);
INSERT INTO student_assigned_task(snum,taskid) VALUES (25,73);
