INSERT INTO adviser(empno,dept,aname,pid) VALUES (1,'Clinical Specialist','Manuel Pennigar',87);
INSERT INTO adviser(empno,dept,aname,pid) VALUES (2,'Food Chemist','Charlean Monnoyer',40);
INSERT INTO adviser(empno,dept,aname,pid) VALUES (3,'Senior Cost Accountant','Elise Iscowitz',73);
INSERT INTO adviser(empno,dept,aname,pid) VALUES (4,'Structural Analysis Engineer','Eryn Cureton',3);
INSERT INTO adviser(empno,dept,aname,pid) VALUES (5,'Technical Writer','Theo Posselow',78);
INSERT INTO adviser(empno,dept,aname,pid) VALUES (6,'Research Assistant III','Filmer Rymer',42);
INSERT INTO adviser(empno,dept,aname,pid) VALUES (7,'Help Desk Operator','Costa Tarplee',89);
INSERT INTO adviser(empno,dept,aname,pid) VALUES (8,'Chemical Engineer','Fergus Levane',97);
INSERT INTO adviser(empno,dept,aname,pid) VALUES (9,'Geological Engineer','Julie Wiffen',69);
INSERT INTO adviser(empno,dept,aname,pid) VALUES (10,'Graphic Designer','Neall Witherop',23);
INSERT INTO adviser(empno,dept,aname,pid) VALUES (11,'Web Designer I','Eleonore McShea',62);
INSERT INTO adviser(empno,dept,aname,pid) VALUES (12,'Automation Specialist I','Mirna Airlie',43);
INSERT INTO adviser(empno,dept,aname,pid) VALUES (13,'Paralegal','Goldarina Chaffin',99);
INSERT INTO adviser(empno,dept,aname,pid) VALUES (14,'Senior Financial Analyst','Fern Joannic',50);
INSERT INTO adviser(empno,dept,aname,pid) VALUES (15,'Structural Engineer','Opal Sterley',3);
INSERT INTO adviser(empno,dept,aname,pid) VALUES (16,'Recruiter','Forest Morteo',11);
INSERT INTO adviser(empno,dept,aname,pid) VALUES (17,'Assistant Professor','Melantha Knevit',17);
INSERT INTO adviser(empno,dept,aname,pid) VALUES (18,'Assistant Manager','Greta Hillyatt',73);
INSERT INTO adviser(empno,dept,aname,pid) VALUES (19,'Pharmacist','Giovanna Masding',88);
INSERT INTO adviser(empno,dept,aname,pid) VALUES (20,'Human Resources Assistant IV','Mercy Sallows',60);
INSERT INTO adviser(empno,dept,aname,pid) VALUES (21,'VP Product Management','Vittoria Purchon',21);
INSERT INTO adviser(empno,dept,aname,pid) VALUES (22,'Office Assistant II','Britte McCome',16);
INSERT INTO adviser(empno,dept,aname,pid) VALUES (23,'Assistant Professor','Etty Minero',13);
INSERT INTO adviser(empno,dept,aname,pid) VALUES (24,'Programmer III','Baxter Leathard',73);
INSERT INTO adviser(empno,dept,aname,pid) VALUES (25,'Automation Specialist I','Rikki Louisot',51);
INSERT INTO adviser(empno,dept,aname,pid) VALUES (26,'Senior Sales Associate','Giacomo Cumberbatch',23);
INSERT INTO adviser(empno,dept,aname,pid) VALUES (27,'Internal Auditor','Winfred Gowdie',70);
INSERT INTO adviser(empno,dept,aname,pid) VALUES (28,'Structural Analysis Engineer','Goldie Smithers',29);
INSERT INTO adviser(empno,dept,aname,pid) VALUES (29,'Budget/Accounting Analyst IV','Margarethe Frank',17);
INSERT INTO adviser(empno,dept,aname,pid) VALUES (30,'Research Nurse','Sean Manjot',47);
INSERT INTO adviser(empno,dept,aname,pid) VALUES (31,'General Manager','Miguel Abel',85);
INSERT INTO adviser(empno,dept,aname,pid) VALUES (32,'Automation Specialist III','Kelbee Velareal',99);
INSERT INTO adviser(empno,dept,aname,pid) VALUES (33,'Food Chemist','Beverly MacAllester',41);
INSERT INTO adviser(empno,dept,aname,pid) VALUES (34,'Engineer II','Melisent Piller',69);
INSERT INTO adviser(empno,dept,aname,pid) VALUES (35,'Occupational Therapist','Alexis Trumper',5);
INSERT INTO adviser(empno,dept,aname,pid) VALUES (36,'Research Assistant IV','Galvan Cholton',84);
INSERT INTO adviser(empno,dept,aname,pid) VALUES (37,'Systems Administrator I','Gianna Turney',50);
INSERT INTO adviser(empno,dept,aname,pid) VALUES (38,'Financial Analyst','Izaak Di Angelo',48);
INSERT INTO adviser(empno,dept,aname,pid) VALUES (39,'Administrative Officer','Lewes Beavington',89);
INSERT INTO adviser(empno,dept,aname,pid) VALUES (40,'Research Associate','Tedman Kampshell',61);
INSERT INTO adviser(empno,dept,aname,pid) VALUES (41,'Help Desk Operator','Salaidh Goreisr',55);
INSERT INTO adviser(empno,dept,aname,pid) VALUES (42,'Software Engineer III','Anne Haig',37);
INSERT INTO adviser(empno,dept,aname,pid) VALUES (43,'Software Consultant','Rayna Newlin',9);
INSERT INTO adviser(empno,dept,aname,pid) VALUES (44,'Chief Design Engineer','Frazer Dunnan',76);
INSERT INTO adviser(empno,dept,aname,pid) VALUES (45,'Quality Engineer','Retha McCready',27);
INSERT INTO adviser(empno,dept,aname,pid) VALUES (46,'Web Developer II','Jayme Jerdon',100);
INSERT INTO adviser(empno,dept,aname,pid) VALUES (47,'Nuclear Power Engineer','Melodie Bolley',56);
INSERT INTO adviser(empno,dept,aname,pid) VALUES (48,'Structural Analysis Engineer','Ced Kix',39);
INSERT INTO adviser(empno,dept,aname,pid) VALUES (49,'Senior Editor','Nealon O''Spillane',73);
INSERT INTO adviser(empno,dept,aname,pid) VALUES (50,'Staff Accountant II','Patrizius Stelli',97);
INSERT INTO adviser(empno,dept,aname,pid) VALUES (51,'Assistant Media Planner','Tabina Kauble',21);
INSERT INTO adviser(empno,dept,aname,pid) VALUES (52,'Human Resources Manager','Juana Raistrick',52);
INSERT INTO adviser(empno,dept,aname,pid) VALUES (53,'Internal Auditor','Denys Shemmin',81);
INSERT INTO adviser(empno,dept,aname,pid) VALUES (54,'Automation Specialist I','Norri Bynold',47);
INSERT INTO adviser(empno,dept,aname,pid) VALUES (55,'Research Associate','Tabatha Cearley',65);
INSERT INTO adviser(empno,dept,aname,pid) VALUES (56,'Web Designer I','Joan Garahan',84);
INSERT INTO adviser(empno,dept,aname,pid) VALUES (57,'Nuclear Power Engineer','Roderic Como',64);
INSERT INTO adviser(empno,dept,aname,pid) VALUES (58,'Data Coordiator','Thornie Foynes',8);
INSERT INTO adviser(empno,dept,aname,pid) VALUES (59,'Assistant Professor','Hardy Broadberrie',71);
INSERT INTO adviser(empno,dept,aname,pid) VALUES (60,'VP Marketing','Jase Lansbury',55);
INSERT INTO adviser(empno,dept,aname,pid) VALUES (61,'Staff Scientist','Anderson Redhole',86);
INSERT INTO adviser(empno,dept,aname,pid) VALUES (62,'Senior Sales Associate','Korie Rillatt',86);
INSERT INTO adviser(empno,dept,aname,pid) VALUES (63,'VP Quality Control','Kendricks Kinleyside',43);
INSERT INTO adviser(empno,dept,aname,pid) VALUES (64,'Staff Accountant III','Agace Fawckner',1);
INSERT INTO adviser(empno,dept,aname,pid) VALUES (65,'Project Manager','Tirrell Edelheid',69);
INSERT INTO adviser(empno,dept,aname,pid) VALUES (66,'Research Associate','Jeanne Brewin',27);
INSERT INTO adviser(empno,dept,aname,pid) VALUES (67,'Physical Therapy Assistant','Minerva Latter',10);
INSERT INTO adviser(empno,dept,aname,pid) VALUES (68,'Staff Accountant II','Venita Gameson',50);
INSERT INTO adviser(empno,dept,aname,pid) VALUES (69,'Accounting Assistant I','Morgan Slobom',6);
INSERT INTO adviser(empno,dept,aname,pid) VALUES (70,'Chemical Engineer','Garrott Bruckstein',15);
INSERT INTO adviser(empno,dept,aname,pid) VALUES (71,'Geologist II','Clara Brewis',75);
INSERT INTO adviser(empno,dept,aname,pid) VALUES (72,'Community Outreach Specialist','Janos Brickham',67);
INSERT INTO adviser(empno,dept,aname,pid) VALUES (73,'Mechanical Systems Engineer','Luigi Sperling',46);
INSERT INTO adviser(empno,dept,aname,pid) VALUES (74,'Desktop Support Technician','Nevin Truter',24);
INSERT INTO adviser(empno,dept,aname,pid) VALUES (75,'Staff Scientist','Cooper Blue',42);
INSERT INTO adviser(empno,dept,aname,pid) VALUES (76,'Nurse','Nicol Ogilvy',28);
INSERT INTO adviser(empno,dept,aname,pid) VALUES (77,'Office Assistant II','Nannie Oxenford',27);
INSERT INTO adviser(empno,dept,aname,pid) VALUES (78,'Registered Nurse','Rosaleen Aickin',48);
INSERT INTO adviser(empno,dept,aname,pid) VALUES (79,'Senior Editor','Moyra Patman',76);
INSERT INTO adviser(empno,dept,aname,pid) VALUES (80,'Assistant Professor','Alix Wroughton',56);
INSERT INTO adviser(empno,dept,aname,pid) VALUES (81,'Software Test Engineer I','Anne-corinne Claisse',92);
INSERT INTO adviser(empno,dept,aname,pid) VALUES (82,'Chemical Engineer','Thelma MacKenney',37);
INSERT INTO adviser(empno,dept,aname,pid) VALUES (83,'VP Product Management','Brantley Shires',13);
INSERT INTO adviser(empno,dept,aname,pid) VALUES (84,'Software Engineer II','Brenda Worley',83);
INSERT INTO adviser(empno,dept,aname,pid) VALUES (85,'Actuary','Almeria Hilland',34);
INSERT INTO adviser(empno,dept,aname,pid) VALUES (86,'Desktop Support Technician','L;urette Chadney',93);
INSERT INTO adviser(empno,dept,aname,pid) VALUES (87,'Account Representative IV','Caty Weale',59);
INSERT INTO adviser(empno,dept,aname,pid) VALUES (88,'VP Quality Control','Danika Ondricek',53);
INSERT INTO adviser(empno,dept,aname,pid) VALUES (89,'Geologist II','Iris Sennett',91);
INSERT INTO adviser(empno,dept,aname,pid) VALUES (90,'GIS Technical Architect','Dimitry Gordon-Giles',56);
INSERT INTO adviser(empno,dept,aname,pid) VALUES (91,'Sales Associate','Kristoffer Balchin',80);
INSERT INTO adviser(empno,dept,aname,pid) VALUES (92,'Senior Developer','Mabelle Robberts',70);
INSERT INTO adviser(empno,dept,aname,pid) VALUES (93,'Health Coach II','Hartley Albery',83);
INSERT INTO adviser(empno,dept,aname,pid) VALUES (94,'Senior Quality Engineer','Lisha O''Shevlin',87);
INSERT INTO adviser(empno,dept,aname,pid) VALUES (95,'Account Representative IV','Curt Meeson',10);
INSERT INTO adviser(empno,dept,aname,pid) VALUES (96,'Food Chemist','Alta Dubery',27);
INSERT INTO adviser(empno,dept,aname,pid) VALUES (97,'Marketing Assistant','Carmon Pesticcio',58);
INSERT INTO adviser(empno,dept,aname,pid) VALUES (98,'Design Engineer','Levon Laurenzi',14);
INSERT INTO adviser(empno,dept,aname,pid) VALUES (99,'Payment Adjustment Coordinator','Adi Rozea',93);
INSERT INTO adviser(empno,dept,aname,pid) VALUES (100,'GIS Technical Architect','Jethro Cronk',26);

INSERT INTO company(cname,cloc,usec,govdep,ceo,product) VALUES ('Oyoyo','Otuzco','Casper Fishburn','Training',NULL,NULL);
INSERT INTO company(cname,cloc,usec,govdep,ceo,product) VALUES ('Dabtype','Popielów','Natty Cridlon','Sales',NULL,NULL);
INSERT INTO company(cname,cloc,usec,govdep,ceo,product) VALUES ('Ainyx','Nieszawa','Kiel Sculpher','Training',NULL,NULL);
INSERT INTO company(cname,cloc,usec,govdep,ceo,product) VALUES ('Photospace','Jijiazhuang','Koo Rayman','Accounting',NULL,NULL);
INSERT INTO company(cname,cloc,usec,govdep,ceo,product) VALUES ('Fanoodle','Novi Sad','Florri Oke','Research and Development',NULL,NULL);
INSERT INTO company(cname,cloc,usec,govdep,ceo,product) VALUES ('Ailane','Bolotnoye',NULL,NULL,'Kerr Mewhirter','Automotive');
INSERT INTO company(cname,cloc,usec,govdep,ceo,product) VALUES ('Voonix','Hengfan',NULL,NULL,'Emanuele Pennings','Computers');
INSERT INTO company(cname,cloc,usec,govdep,ceo,product) VALUES ('Shuffletag','San Diego',NULL,NULL,'Pete Turbayne','Toys');
INSERT INTO company(cname,cloc,usec,govdep,ceo,product) VALUES ('Eabox','Shanhou','Ardith Sheards','Marketing',NULL,NULL);
INSERT INTO company(cname,cloc,usec,govdep,ceo,product) VALUES ('Digitube','Béré',NULL,NULL,'Jeane Giacometti','Garden');
INSERT INTO company(cname,cloc,usec,govdep,ceo,product) VALUES ('Jayo','Sidomulyo','Latrina Japp','Support',NULL,NULL);
INSERT INTO company(cname,cloc,usec,govdep,ceo,product) VALUES ('Fiveclub','Novi Slankamen',NULL,NULL,'Ugo Rudolf','Jewelery');
INSERT INTO company(cname,cloc,usec,govdep,ceo,product) VALUES ('Cogibox','Trairi','Frederica Franscioni','Product Management',NULL,NULL);
INSERT INTO company(cname,cloc,usec,govdep,ceo,product) VALUES ('Ntags','Xianyang','Gibb Ethelstone','Product Management',NULL,NULL);
INSERT INTO company(cname,cloc,usec,govdep,ceo,product) VALUES ('Yakitri','Massy','Earle Kettlestringe','Product Management',NULL,NULL);
INSERT INTO company(cname,cloc,usec,govdep,ceo,product) VALUES ('Abata','Lautaro','Morena Stoner','Engineering',NULL,NULL);
INSERT INTO company(cname,cloc,usec,govdep,ceo,product) VALUES ('Voolith','Brotas',NULL,NULL,'Nikolos Schulze','Clothing');
INSERT INTO company(cname,cloc,usec,govdep,ceo,product) VALUES ('Realmix','Al Kittah',NULL,NULL,'Jolie Try','Shoes');
INSERT INTO company(cname,cloc,usec,govdep,ceo,product) VALUES ('Topicstorm','Tianxin','Mersey Ladell','Business Development',NULL,NULL);
INSERT INTO company(cname,cloc,usec,govdep,ceo,product) VALUES ('Zazio','Frontignan',NULL,NULL,'Katleen Lourens','Kids');
INSERT INTO company(cname,cloc,usec,govdep,ceo,product) VALUES ('Kimia','Tonghong','Peterus Chadwen','Human Resources',NULL,NULL);
INSERT INTO company(cname,cloc,usec,govdep,ceo,product) VALUES ('Twiyo','Pukkila','Frieda Nortunen','Product Management',NULL,NULL);
INSERT INTO company(cname,cloc,usec,govdep,ceo,product) VALUES ('Rhynoodle','Marsabit','Delbert Golds','Research and Development',NULL,NULL);
INSERT INTO company(cname,cloc,usec,govdep,ceo,product) VALUES ('DabZ','København','Abigael Cominotti','Accounting',NULL,NULL);
INSERT INTO company(cname,cloc,usec,govdep,ceo,product) VALUES ('Devpulse','Xinji',NULL,NULL,'Belle Kermannes','Kids');
INSERT INTO company(cname,cloc,usec,govdep,ceo,product) VALUES ('Mudo','Saint-Étienne','Carry Belleny','Training',NULL,NULL);
INSERT INTO company(cname,cloc,usec,govdep,ceo,product) VALUES ('Leexo','Ningmute',NULL,NULL,'Federico Fardon','Beauty');
INSERT INTO company(cname,cloc,usec,govdep,ceo,product) VALUES ('Quimba','Kayangel','Dalis Eskrigg','Marketing',NULL,NULL);
INSERT INTO company(cname,cloc,usec,govdep,ceo,product) VALUES ('Thoughtbeat','Zaojiacheng',NULL,NULL,'Val Ricciardello','Computers');
INSERT INTO company(cname,cloc,usec,govdep,ceo,product) VALUES ('Agivu','Wahawaha','Lorne Polye','Business Development',NULL,NULL);
INSERT INTO company(cname,cloc,usec,govdep,ceo,product) VALUES ('Babblestorm','Shënmëri',NULL,NULL,'Trixi Redwood','Games');
INSERT INTO company(cname,cloc,usec,govdep,ceo,product) VALUES ('Quinu','Camiri',NULL,NULL,'Estevan McKinlay','Clothing');
INSERT INTO company(cname,cloc,usec,govdep,ceo,product) VALUES ('Kare','Veinticinco de Mayo',NULL,NULL,'Tallia Alam','Games');
INSERT INTO company(cname,cloc,usec,govdep,ceo,product) VALUES ('Livetube','Vilcún',NULL,NULL,'Bernardina Lode','Tools');
INSERT INTO company(cname,cloc,usec,govdep,ceo,product) VALUES ('Einti','Gusong','Shem Rentz','Support',NULL,NULL);
INSERT INTO company(cname,cloc,usec,govdep,ceo,product) VALUES ('Tagcat','San Pedro One',NULL,NULL,'Georgeta MacHoste','Electronics');
INSERT INTO company(cname,cloc,usec,govdep,ceo,product) VALUES ('Realblab','Tundagan','Nona Espadas','Marketing',NULL,NULL);
INSERT INTO company(cname,cloc,usec,govdep,ceo,product) VALUES ('Kwideo','Banjar Gunungpande','Noel Waggett','Business Development',NULL,NULL);
INSERT INTO company(cname,cloc,usec,govdep,ceo,product) VALUES ('Tanoodle','Suchań','Hector Ticksall','Training',NULL,NULL);
INSERT INTO company(cname,cloc,usec,govdep,ceo,product) VALUES ('Digitube','Tolotangga','Stan Hadingham','Accounting',NULL,NULL);
INSERT INTO company(cname,cloc,usec,govdep,ceo,product) VALUES ('LiveZ','Huanoquite','Barrie Wakelam','Research and Development',NULL,NULL);
INSERT INTO company(cname,cloc,usec,govdep,ceo,product) VALUES ('Wikibox','Capitán Solari',NULL,NULL,'Jeromy Kun','Computers');
INSERT INTO company(cname,cloc,usec,govdep,ceo,product) VALUES ('Edgepulse','Krajan','Angelle Morican','Marketing',NULL,NULL);
INSERT INTO company(cname,cloc,usec,govdep,ceo,product) VALUES ('Topicshots','Viškovci','Lorraine Chaize','Sales',NULL,NULL);
INSERT INTO company(cname,cloc,usec,govdep,ceo,product) VALUES ('Aimbo','Bugul’ma',NULL,NULL,'Jolyn Colliver','Tools');
INSERT INTO company(cname,cloc,usec,govdep,ceo,product) VALUES ('Brainbox','Mbalmayo','Bat Ewins','Legal',NULL,NULL);
INSERT INTO company(cname,cloc,usec,govdep,ceo,product) VALUES ('Tagtune','Yunfu','Cullin Sollett','Legal',NULL,NULL);
INSERT INTO company(cname,cloc,usec,govdep,ceo,product) VALUES ('Fivechat','Lisia Góra',NULL,NULL,'Ermentrude Andrioli','Home');
INSERT INTO company(cname,cloc,usec,govdep,ceo,product) VALUES ('Quinu','Türkmenabat','Shani Franzke','Business Development',NULL,NULL);
INSERT INTO company(cname,cloc,usec,govdep,ceo,product) VALUES ('Trilith','Manukaka',NULL,NULL,'Harlin Legendre','Music');
INSERT INTO company(cname,cloc,usec,govdep,ceo,product) VALUES ('Kazio','Jampang Tengah','Maryann Kimbury','Services',NULL,NULL);
INSERT INTO company(cname,cloc,usec,govdep,ceo,product) VALUES ('Wikizz','Lamas',NULL,NULL,'Starlin Burstow','Clothing');
INSERT INTO company(cname,cloc,usec,govdep,ceo,product) VALUES ('Twinte','Rokitno',NULL,NULL,'Lorenza Kiehl','Garden');
INSERT INTO company(cname,cloc,usec,govdep,ceo,product) VALUES ('Rhynyx','Əhmədbəyli',NULL,NULL,'Zara Banbrook','Industrial');
INSERT INTO company(cname,cloc,usec,govdep,ceo,product) VALUES ('Jaxworks','San Antonio de los Cobres',NULL,NULL,'Consolata Zavattero','Music');
INSERT INTO company(cname,cloc,usec,govdep,ceo,product) VALUES ('Gigabox','Umeå','Vance Doole','Marketing',NULL,NULL);
INSERT INTO company(cname,cloc,usec,govdep,ceo,product) VALUES ('Avaveo','Sulbiny Górne','Clerissa Cuttings','Legal',NULL,NULL);
INSERT INTO company(cname,cloc,usec,govdep,ceo,product) VALUES ('Trilia','Prince Albert',NULL,NULL,'Sibel Sparshett','Health');
INSERT INTO company(cname,cloc,usec,govdep,ceo,product) VALUES ('Jabberbean','Nantes','Jimmy Instrell','Support',NULL,NULL);
INSERT INTO company(cname,cloc,usec,govdep,ceo,product) VALUES ('Zoomdog','Mojimán','Dorotea Clemens','Legal',NULL,NULL);
INSERT INTO company(cname,cloc,usec,govdep,ceo,product) VALUES ('Gigabox','Kolmården',NULL,NULL,'Odette Filliskirk','Baby');
INSERT INTO company(cname,cloc,usec,govdep,ceo,product) VALUES ('Gigabox','Sibiti','Kellen Gerrie','Support',NULL,NULL);
INSERT INTO company(cname,cloc,usec,govdep,ceo,product) VALUES ('Twitterworks','Youkaichi',NULL,NULL,'Sly Inkpen','Grocery');
INSERT INTO company(cname,cloc,usec,govdep,ceo,product) VALUES ('Wordpedia','Watodei','Zilvia Wolpert','Accounting',NULL,NULL);
INSERT INTO company(cname,cloc,usec,govdep,ceo,product) VALUES ('Plajo','Taizi',NULL,NULL,'Hilary Berzin','Tools');
INSERT INTO company(cname,cloc,usec,govdep,ceo,product) VALUES ('Browsezoom','El Zapotal del Norte',NULL,NULL,'Tuesday Howard','Tools');
INSERT INTO company(cname,cloc,usec,govdep,ceo,product) VALUES ('Topiczoom','Jardia','Maisey Bilby','Support',NULL,NULL);
INSERT INTO company(cname,cloc,usec,govdep,ceo,product) VALUES ('Eimbee','Waru','Corrina Laste','Services',NULL,NULL);
INSERT INTO company(cname,cloc,usec,govdep,ceo,product) VALUES ('Tagfeed','Zavitinsk',NULL,NULL,'Jereme De Simone','Health');
INSERT INTO company(cname,cloc,usec,govdep,ceo,product) VALUES ('Npath','Solana','Lorin Beverley','Engineering',NULL,NULL);
INSERT INTO company(cname,cloc,usec,govdep,ceo,product) VALUES ('Wordware','Tsenher',NULL,NULL,'Morton Cargo','Clothing');
INSERT INTO company(cname,cloc,usec,govdep,ceo,product) VALUES ('Viva','Ilihan',NULL,NULL,'Juieta Troutbeck','Baby');
INSERT INTO company(cname,cloc,usec,govdep,ceo,product) VALUES ('Linktype','Senanga',NULL,NULL,'Camila Sapseed','Beauty');
INSERT INTO company(cname,cloc,usec,govdep,ceo,product) VALUES ('Avamm','Bayan','Jobey Bream','Accounting',NULL,NULL);
INSERT INTO company(cname,cloc,usec,govdep,ceo,product) VALUES ('Browsezoom','Navan','Avictor Wilshin','Support',NULL,NULL);
INSERT INTO company(cname,cloc,usec,govdep,ceo,product) VALUES ('Rhynoodle','Sandweiler','Cassandry McKennan','Human Resources',NULL,NULL);
INSERT INTO company(cname,cloc,usec,govdep,ceo,product) VALUES ('Plambee','Fundación','Fay Smitten','Training',NULL,NULL);
INSERT INTO company(cname,cloc,usec,govdep,ceo,product) VALUES ('Topicshots','Aş Şalw',NULL,NULL,'Rozella Ambrus','Sports');
INSERT INTO company(cname,cloc,usec,govdep,ceo,product) VALUES ('Yoveo','Coaldale','Arden Van Zon','Human Resources',NULL,NULL);
INSERT INTO company(cname,cloc,usec,govdep,ceo,product) VALUES ('Innotype','Conchagua','Lewiss Cunnington','Engineering',NULL,NULL);
INSERT INTO company(cname,cloc,usec,govdep,ceo,product) VALUES ('Jatri','Jeponkrajan',NULL,NULL,'Horton Poynor','Books');
INSERT INTO company(cname,cloc,usec,govdep,ceo,product) VALUES ('Twitternation','Polonne',NULL,NULL,'Maybelle Domb','Sports');
INSERT INTO company(cname,cloc,usec,govdep,ceo,product) VALUES ('Meevee','Bigoudine','Hally Paulich','Engineering',NULL,NULL);
INSERT INTO company(cname,cloc,usec,govdep,ceo,product) VALUES ('Ozu','Gondifelos',NULL,NULL,'Darelle Bunworth','Music');
INSERT INTO company(cname,cloc,usec,govdep,ceo,product) VALUES ('Camido','Dos Quebradas',NULL,NULL,'Ardis Mertsching','Health');
INSERT INTO company(cname,cloc,usec,govdep,ceo,product) VALUES ('Oyondu','Liulang',NULL,NULL,'Giustino Attwooll','Toys');
INSERT INTO company(cname,cloc,usec,govdep,ceo,product) VALUES ('Mycat','Monte Plata','Doralynne Duchant','Services',NULL,NULL);
INSERT INTO company(cname,cloc,usec,govdep,ceo,product) VALUES ('Oyope','Železný Brod','Riane Gavrieli','Support',NULL,NULL);
INSERT INTO company(cname,cloc,usec,govdep,ceo,product) VALUES ('Meevee','Novallas',NULL,NULL,'Rosalinda Paine','Tools');
INSERT INTO company(cname,cloc,usec,govdep,ceo,product) VALUES ('Topdrive','Menghe',NULL,NULL,'Kincaid Million','Home');
INSERT INTO company(cname,cloc,usec,govdep,ceo,product) VALUES ('Demimbu','Noyemberyan','Rozamond Levey','Business Development',NULL,NULL);
INSERT INTO company(cname,cloc,usec,govdep,ceo,product) VALUES ('Twiyo','Saratamata','Nanny Veltman','Marketing',NULL,NULL);
INSERT INTO company(cname,cloc,usec,govdep,ceo,product) VALUES ('Kwinu','Bokong Timur','Frasquito Dungate','Services',NULL,NULL);
INSERT INTO company(cname,cloc,usec,govdep,ceo,product) VALUES ('Meetz','Huaqiao','Drugi Dyott','Human Resources',NULL,NULL);
INSERT INTO company(cname,cloc,usec,govdep,ceo,product) VALUES ('Wordify','Jeseník',NULL,NULL,'Katy Beaton','Health');
INSERT INTO company(cname,cloc,usec,govdep,ceo,product) VALUES ('Rhynoodle','A dos Negros',NULL,NULL,'Max Jacobowicz','Games');
INSERT INTO company(cname,cloc,usec,govdep,ceo,product) VALUES ('Cogibox','Yong’an',NULL,NULL,'Claudianus Collick','Grocery');
INSERT INTO company(cname,cloc,usec,govdep,ceo,product) VALUES ('Tazz','Hadapu Zhen','Fair Spittall','Marketing',NULL,NULL);
INSERT INTO company(cname,cloc,usec,govdep,ceo,product) VALUES ('Youtags','Moscow',NULL,NULL,'Elayne Week','Games');
INSERT INTO company(cname,cloc,usec,govdep,ceo,product) VALUES ('Kimia','Nkoteng',NULL,NULL,'Raven Wilce','Kids');

INSERT INTO project(pid,goal,pdesc,pcodename,cname) VALUES (1,1994,'Mazda','Navajo','Kwideo');
INSERT INTO project(pid,goal,pdesc,pcodename,cname) VALUES (2,1999,'Hyundai','Accent','Katz');
INSERT INTO project(pid,goal,pdesc,pcodename,cname) VALUES (3,2013,'Ford','Taurus','Dabtype');
INSERT INTO project(pid,goal,pdesc,pcodename,cname) VALUES (4,1996,'Mazda','Protege','Zoozzy');
INSERT INTO project(pid,goal,pdesc,pcodename,cname) VALUES (5,1994,'Mercury','Topaz','Trilith');
INSERT INTO project(pid,goal,pdesc,pcodename,cname) VALUES (6,2004,'Chevrolet','TrailBlazer','Layo');
INSERT INTO project(pid,goal,pdesc,pcodename,cname) VALUES (7,2005,'Dodge','Dakota','Riffwire');
INSERT INTO project(pid,goal,pdesc,pcodename,cname) VALUES (8,2005,'Pontiac','Aztek','Rhynyx');
INSERT INTO project(pid,goal,pdesc,pcodename,cname) VALUES (9,1995,'Audi','S6','Voolia');
INSERT INTO project(pid,goal,pdesc,pcodename,cname) VALUES (10,2012,'Infiniti','G25','Eare');
INSERT INTO project(pid,goal,pdesc,pcodename,cname) VALUES (11,2001,'Hyundai','Tiburon','Zooxo');
INSERT INTO project(pid,goal,pdesc,pcodename,cname) VALUES (12,2006,'Ford','Thunderbird','Voolia');
INSERT INTO project(pid,goal,pdesc,pcodename,cname) VALUES (13,1999,'Nissan','Quest','Devshare');
INSERT INTO project(pid,goal,pdesc,pcodename,cname) VALUES (14,2007,'Hyundai','Sonata','Wikizz');
INSERT INTO project(pid,goal,pdesc,pcodename,cname) VALUES (15,1995,'Saab','9000','Trunyx');
INSERT INTO project(pid,goal,pdesc,pcodename,cname) VALUES (16,2011,'Dodge','Ram','Buzzshare');
INSERT INTO project(pid,goal,pdesc,pcodename,cname) VALUES (17,1998,'Mazda','B-Series','Dabtype');
INSERT INTO project(pid,goal,pdesc,pcodename,cname) VALUES (18,2002,'Toyota','Tundra','Ozu');
INSERT INTO project(pid,goal,pdesc,pcodename,cname) VALUES (19,1998,'Toyota','4Runner','Shuffletag');
INSERT INTO project(pid,goal,pdesc,pcodename,cname) VALUES (20,1998,'Lexus','GS','Topicblab');
INSERT INTO project(pid,goal,pdesc,pcodename,cname) VALUES (21,2011,'Kia','Soul','Twitterbridge');
INSERT INTO project(pid,goal,pdesc,pcodename,cname) VALUES (22,2001,'Ford','Escape','Edgetag');
INSERT INTO project(pid,goal,pdesc,pcodename,cname) VALUES (23,2010,'Lexus','IS-F','Centimia');
INSERT INTO project(pid,goal,pdesc,pcodename,cname) VALUES (24,1998,'Volkswagen','Passat','Oyope');
INSERT INTO project(pid,goal,pdesc,pcodename,cname) VALUES (25,1993,'Cadillac','Fleetwood','Skajo');
INSERT INTO project(pid,goal,pdesc,pcodename,cname) VALUES (26,2000,'Land Rover','Discovery Series II','Innotype');
INSERT INTO project(pid,goal,pdesc,pcodename,cname) VALUES (27,1999,'Subaru','Forester','Muxo');
INSERT INTO project(pid,goal,pdesc,pcodename,cname) VALUES (28,1999,'Chevrolet','Express 2500','Skimia');
INSERT INTO project(pid,goal,pdesc,pcodename,cname) VALUES (29,2011,'Audi','A3','Thoughtstorm');
INSERT INTO project(pid,goal,pdesc,pcodename,cname) VALUES (30,1992,'Land Rover','Range Rover','Leenti');
INSERT INTO project(pid,goal,pdesc,pcodename,cname) VALUES (31,1998,'Jeep','Wrangler','Vipe');
INSERT INTO project(pid,goal,pdesc,pcodename,cname) VALUES (32,1987,'Lincoln','Town Car','Kare');
INSERT INTO project(pid,goal,pdesc,pcodename,cname) VALUES (33,2007,'BMW','M5','Youspan');
INSERT INTO project(pid,goal,pdesc,pcodename,cname) VALUES (34,1970,'Mercury','Cougar','Devbug');
INSERT INTO project(pid,goal,pdesc,pcodename,cname) VALUES (35,2013,'Lexus','LX','Leenti');
INSERT INTO project(pid,goal,pdesc,pcodename,cname) VALUES (36,1987,'Mercedes-Benz','SL-Class','Omba');
INSERT INTO project(pid,goal,pdesc,pcodename,cname) VALUES (37,1976,'Dodge','Aspen','Buzzster');
INSERT INTO project(pid,goal,pdesc,pcodename,cname) VALUES (38,2011,'Subaru','Impreza WRX','Vitz');
INSERT INTO project(pid,goal,pdesc,pcodename,cname) VALUES (39,1992,'Pontiac','Sunbird','Skyba');
INSERT INTO project(pid,goal,pdesc,pcodename,cname) VALUES (40,2012,'Nissan','Murano','Linkbuzz');
INSERT INTO project(pid,goal,pdesc,pcodename,cname) VALUES (41,2005,'Chevrolet','Malibu','Pixoboo');
INSERT INTO project(pid,goal,pdesc,pcodename,cname) VALUES (42,2005,'Jeep','Liberty','Realpoint');
INSERT INTO project(pid,goal,pdesc,pcodename,cname) VALUES (43,2004,'Ford','Windstar','Wikizz');
INSERT INTO project(pid,goal,pdesc,pcodename,cname) VALUES (44,2008,'Suzuki','XL7','Twitterbeat');
INSERT INTO project(pid,goal,pdesc,pcodename,cname) VALUES (45,1991,'Ford','Festiva','Dynabox');
INSERT INTO project(pid,goal,pdesc,pcodename,cname) VALUES (46,1990,'Mercedes-Benz','E-Class','Tagpad');
INSERT INTO project(pid,goal,pdesc,pcodename,cname) VALUES (47,2011,'BMW','7 Series','Trilia');
INSERT INTO project(pid,goal,pdesc,pcodename,cname) VALUES (48,2010,'Honda','Accord Crosstour','Agivu');
INSERT INTO project(pid,goal,pdesc,pcodename,cname) VALUES (49,1993,'Chevrolet','S10 Blazer','Demivee');
INSERT INTO project(pid,goal,pdesc,pcodename,cname) VALUES (50,2011,'Chevrolet','Suburban 1500','Tagfeed');
INSERT INTO project(pid,goal,pdesc,pcodename,cname) VALUES (51,1991,'Buick','Century','Yakijo');
INSERT INTO project(pid,goal,pdesc,pcodename,cname) VALUES (52,1997,'Dodge','Ram Van 1500','Quinu');
INSERT INTO project(pid,goal,pdesc,pcodename,cname) VALUES (53,2005,'BMW','7 Series','Voonix');
INSERT INTO project(pid,goal,pdesc,pcodename,cname) VALUES (54,2009,'Ford','Explorer Sport Trac','Demizz');
INSERT INTO project(pid,goal,pdesc,pcodename,cname) VALUES (55,1990,'Suzuki','SJ','Blogtags');
INSERT INTO project(pid,goal,pdesc,pcodename,cname) VALUES (56,1963,'Chevrolet','Corvair 500','Photojam');
INSERT INTO project(pid,goal,pdesc,pcodename,cname) VALUES (57,2011,'BMW','X5 M','Edgewire');
INSERT INTO project(pid,goal,pdesc,pcodename,cname) VALUES (58,2011,'Jaguar','XF','Voolia');
INSERT INTO project(pid,goal,pdesc,pcodename,cname) VALUES (59,1992,'Toyota','Camry','Bluezoom');
INSERT INTO project(pid,goal,pdesc,pcodename,cname) VALUES (60,2003,'Buick','Park Avenue','Kayveo');
INSERT INTO project(pid,goal,pdesc,pcodename,cname) VALUES (61,2004,'Oldsmobile','Silhouette','Thoughtmix');
INSERT INTO project(pid,goal,pdesc,pcodename,cname) VALUES (62,2012,'Lexus','HS','Kamba');
INSERT INTO project(pid,goal,pdesc,pcodename,cname) VALUES (63,2012,'Mitsubishi','Eclipse','Youfeed');
INSERT INTO project(pid,goal,pdesc,pcodename,cname) VALUES (64,2005,'Audi','A8','Zoomlounge');
INSERT INTO project(pid,goal,pdesc,pcodename,cname) VALUES (65,2008,'Mercedes-Benz','GL-Class','Meedoo');
INSERT INTO project(pid,goal,pdesc,pcodename,cname) VALUES (66,2007,'Volkswagen','Eos','Zoombeat');
INSERT INTO project(pid,goal,pdesc,pcodename,cname) VALUES (67,1994,'Land Rover','Defender','Rhynoodle');
INSERT INTO project(pid,goal,pdesc,pcodename,cname) VALUES (68,2004,'GMC','Sonoma','Zazio');
INSERT INTO project(pid,goal,pdesc,pcodename,cname) VALUES (69,1968,'Ford','Mustang','Feedbug');
INSERT INTO project(pid,goal,pdesc,pcodename,cname) VALUES (70,1999,'Dodge','Intrepid','Brainbox');
INSERT INTO project(pid,goal,pdesc,pcodename,cname) VALUES (71,1993,'Dodge','Ram 50','Eayo');
INSERT INTO project(pid,goal,pdesc,pcodename,cname) VALUES (72,2009,'Audi','TT','Vinte');
INSERT INTO project(pid,goal,pdesc,pcodename,cname) VALUES (73,2010,'Mazda','CX-7','Innotype');
INSERT INTO project(pid,goal,pdesc,pcodename,cname) VALUES (74,2010,'Infiniti','G37','LiveZ');
INSERT INTO project(pid,goal,pdesc,pcodename,cname) VALUES (75,2008,'Aston Martin','DBS','Innotype');
INSERT INTO project(pid,goal,pdesc,pcodename,cname) VALUES (76,2006,'Chevrolet','Malibu Maxx','Thoughtstorm');
INSERT INTO project(pid,goal,pdesc,pcodename,cname) VALUES (77,2010,'GMC','Sierra','Buzzster');
INSERT INTO project(pid,goal,pdesc,pcodename,cname) VALUES (78,2001,'Hyundai','XG300','LiveZ');
INSERT INTO project(pid,goal,pdesc,pcodename,cname) VALUES (79,1998,'Lotus','Esprit','Trudeo');
INSERT INTO project(pid,goal,pdesc,pcodename,cname) VALUES (80,1995,'Honda','Odyssey','Ntag');
INSERT INTO project(pid,goal,pdesc,pcodename,cname) VALUES (81,2003,'Toyota','Camry','Dablist');
INSERT INTO project(pid,goal,pdesc,pcodename,cname) VALUES (82,2005,'Buick','Rainier','Voolith');
INSERT INTO project(pid,goal,pdesc,pcodename,cname) VALUES (83,2011,'Cadillac','Escalade EXT','Camido');
INSERT INTO project(pid,goal,pdesc,pcodename,cname) VALUES (84,1990,'Ford','Thunderbird','Izio');
INSERT INTO project(pid,goal,pdesc,pcodename,cname) VALUES (85,1995,'Toyota','Camry','Tagcat');
INSERT INTO project(pid,goal,pdesc,pcodename,cname) VALUES (86,2009,'Hummer','H3T','Brainbox');
INSERT INTO project(pid,goal,pdesc,pcodename,cname) VALUES (87,1993,'Chrysler','LeBaron','Buzzdog');
INSERT INTO project(pid,goal,pdesc,pcodename,cname) VALUES (88,2003,'Cadillac','Escalade','Quatz');
INSERT INTO project(pid,goal,pdesc,pcodename,cname) VALUES (89,2005,'Pontiac','Daewoo Kalos','Youfeed');
INSERT INTO project(pid,goal,pdesc,pcodename,cname) VALUES (90,1994,'GMC','Vandura 2500','Zoomcast');
INSERT INTO project(pid,goal,pdesc,pcodename,cname) VALUES (91,2009,'BMW','M6','Vipe');
INSERT INTO project(pid,goal,pdesc,pcodename,cname) VALUES (92,2005,'Toyota','Tundra','Wikizz');
INSERT INTO project(pid,goal,pdesc,pcodename,cname) VALUES (93,1985,'Buick','LeSabre','Topiclounge');
INSERT INTO project(pid,goal,pdesc,pcodename,cname) VALUES (94,2006,'Dodge','Magnum','Quire');
INSERT INTO project(pid,goal,pdesc,pcodename,cname) VALUES (95,1999,'Volkswagen','Jetta','Gabvine');
INSERT INTO project(pid,goal,pdesc,pcodename,cname) VALUES (96,2000,'Mercedes-Benz','M-Class','Yoveo');
INSERT INTO project(pid,goal,pdesc,pcodename,cname) VALUES (97,2002,'Ford','E-Series','Quire');
INSERT INTO project(pid,goal,pdesc,pcodename,cname) VALUES (98,2002,'Acura','CL','Dynabox');
INSERT INTO project(pid,goal,pdesc,pcodename,cname) VALUES (99,2008,'Cadillac','CTS','Zoomdog');
INSERT INTO project(pid,goal,pdesc,pcodename,cname) VALUES (100,2002,'Nissan','Altima','Fadeo');

INSERT INTO company_receives_project(pid,cname,startdate,enddate) VALUES (1,'Oyoyo','2/28/2018 15:40','2/28/2019 16:57');
INSERT INTO company_receives_project(pid,cname,startdate,enddate) VALUES (2,'Dabtype','10/21/2018 15:04','1/7/2019 18:13');
INSERT INTO company_receives_project(pid,cname,startdate,enddate) VALUES (3,'Ainyx','8/12/2018 11:13','5/27/2019 3:43');
INSERT INTO company_receives_project(pid,cname,startdate,enddate) VALUES (4,'Photospace','7/11/2018 10:31','7/23/2019 3:12');
INSERT INTO company_receives_project(pid,cname,startdate,enddate) VALUES (5,'Fanoodle','11/16/2018 15:00','10/2/2019 8:57');
INSERT INTO company_receives_project(pid,cname,startdate,enddate) VALUES (6,'Ailane','8/28/2018 16:35','10/11/2019 22:42');
INSERT INTO company_receives_project(pid,cname,startdate,enddate) VALUES (7,'Voonix','8/26/2018 20:36','7/9/2019 19:23');
INSERT INTO company_receives_project(pid,cname,startdate,enddate) VALUES (8,'Shuffletag','2/10/2018 7:44','11/22/2019 13:57');
INSERT INTO company_receives_project(pid,cname,startdate,enddate) VALUES (9,'Eabox','9/14/2018 21:53','2/23/2019 10:18');
INSERT INTO company_receives_project(pid,cname,startdate,enddate) VALUES (10,'Digitube','1/28/2018 5:22','8/27/2019 14:26');
INSERT INTO company_receives_project(pid,cname,startdate,enddate) VALUES (11,'Jayo','5/31/2018 15:38','7/29/2019 2:11');
INSERT INTO company_receives_project(pid,cname,startdate,enddate) VALUES (12,'Fiveclub','6/16/2018 1:35','1/11/2019 18:04');
INSERT INTO company_receives_project(pid,cname,startdate,enddate) VALUES (13,'Cogibox','7/18/2018 8:15','9/21/2019 2:40');
INSERT INTO company_receives_project(pid,cname,startdate,enddate) VALUES (14,'Ntags','8/15/2018 10:22','3/31/2019 1:27');
INSERT INTO company_receives_project(pid,cname,startdate,enddate) VALUES (15,'Yakitri','1/5/2018 3:40','8/20/2019 12:23');
INSERT INTO company_receives_project(pid,cname,startdate,enddate) VALUES (16,'Abata','3/14/2018 20:50','2/8/2019 17:16');
INSERT INTO company_receives_project(pid,cname,startdate,enddate) VALUES (17,'Voolith','2/9/2018 2:40','1/2/2019 0:55');
INSERT INTO company_receives_project(pid,cname,startdate,enddate) VALUES (18,'Realmix','8/9/2018 16:06','12/16/2018 11:34');
INSERT INTO company_receives_project(pid,cname,startdate,enddate) VALUES (19,'Topicstorm','11/15/2018 3:12','6/1/2019 4:47');
INSERT INTO company_receives_project(pid,cname,startdate,enddate) VALUES (20,'Zazio','6/18/2018 16:31','9/24/2019 1:52');
INSERT INTO company_receives_project(pid,cname,startdate,enddate) VALUES (21,'Kimia','11/2/2018 13:02','4/7/2019 19:20');
INSERT INTO company_receives_project(pid,cname,startdate,enddate) VALUES (22,'Twiyo','2/4/2018 22:22','4/17/2019 1:04');
INSERT INTO company_receives_project(pid,cname,startdate,enddate) VALUES (23,'Rhynoodle','6/27/2018 21:26','1/16/2019 21:15');
INSERT INTO company_receives_project(pid,cname,startdate,enddate) VALUES (24,'DabZ','12/20/2017 9:04','10/20/2019 22:26');
INSERT INTO company_receives_project(pid,cname,startdate,enddate) VALUES (25,'Devpulse','3/27/2018 20:54','6/30/2019 5:15');
INSERT INTO company_receives_project(pid,cname,startdate,enddate) VALUES (26,'Mudo','6/10/2018 12:34','3/5/2019 3:51');
INSERT INTO company_receives_project(pid,cname,startdate,enddate) VALUES (27,'Leexo','2/27/2018 14:03','3/1/2019 15:27');
INSERT INTO company_receives_project(pid,cname,startdate,enddate) VALUES (28,'Quimba','5/4/2018 1:40','8/2/2019 12:40');
INSERT INTO company_receives_project(pid,cname,startdate,enddate) VALUES (29,'Thoughtbeat','9/22/2018 8:47','3/20/2019 7:03');
INSERT INTO company_receives_project(pid,cname,startdate,enddate) VALUES (30,'Agivu','7/27/2018 23:31','10/5/2019 23:46');
INSERT INTO company_receives_project(pid,cname,startdate,enddate) VALUES (31,'Babblestorm','12/8/2017 21:31','10/11/2019 19:06');
INSERT INTO company_receives_project(pid,cname,startdate,enddate) VALUES (32,'Quinu','9/4/2018 1:42','1/15/2019 4:49');
INSERT INTO company_receives_project(pid,cname,startdate,enddate) VALUES (33,'Kare','2/9/2018 7:50','12/13/2018 6:03');
INSERT INTO company_receives_project(pid,cname,startdate,enddate) VALUES (34,'Livetube','3/27/2018 3:37','6/13/2019 11:57');
INSERT INTO company_receives_project(pid,cname,startdate,enddate) VALUES (35,'Einti','2/12/2018 17:17','6/14/2019 20:26');
INSERT INTO company_receives_project(pid,cname,startdate,enddate) VALUES (36,'Tagcat','3/28/2018 16:41','3/17/2019 11:49');
INSERT INTO company_receives_project(pid,cname,startdate,enddate) VALUES (37,'Realblab','9/27/2018 7:29','2/28/2019 14:19');
INSERT INTO company_receives_project(pid,cname,startdate,enddate) VALUES (38,'Kwideo','6/27/2018 19:41','9/30/2019 5:28');
INSERT INTO company_receives_project(pid,cname,startdate,enddate) VALUES (39,'Tanoodle','9/7/2018 16:53','10/11/2019 3:44');
INSERT INTO company_receives_project(pid,cname,startdate,enddate) VALUES (40,'Digitube','8/18/2018 18:09','5/21/2019 7:48');
INSERT INTO company_receives_project(pid,cname,startdate,enddate) VALUES (41,'LiveZ','7/22/2018 20:44','6/17/2019 10:07');
INSERT INTO company_receives_project(pid,cname,startdate,enddate) VALUES (42,'Wikibox','4/21/2018 23:56','11/14/2019 11:28');
INSERT INTO company_receives_project(pid,cname,startdate,enddate) VALUES (43,'Edgepulse','4/26/2018 3:10','3/12/2019 0:17');
INSERT INTO company_receives_project(pid,cname,startdate,enddate) VALUES (44,'Topicshots','11/8/2018 3:01','5/1/2019 18:28');
INSERT INTO company_receives_project(pid,cname,startdate,enddate) VALUES (45,'Aimbo','2/6/2018 7:32','7/11/2019 4:18');
INSERT INTO company_receives_project(pid,cname,startdate,enddate) VALUES (46,'Brainbox','8/12/2018 10:26','8/9/2019 16:32');
INSERT INTO company_receives_project(pid,cname,startdate,enddate) VALUES (47,'Tagtune','4/9/2018 15:20','12/3/2018 22:44');
INSERT INTO company_receives_project(pid,cname,startdate,enddate) VALUES (48,'Fivechat','8/22/2018 2:37','5/18/2019 12:07');
INSERT INTO company_receives_project(pid,cname,startdate,enddate) VALUES (49,'Quinu','2/22/2018 13:18','2/27/2019 6:08');
INSERT INTO company_receives_project(pid,cname,startdate,enddate) VALUES (50,'Trilith','4/20/2018 3:01','6/18/2019 11:26');
INSERT INTO company_receives_project(pid,cname,startdate,enddate) VALUES (51,'Kazio','12/8/2017 13:33','11/15/2019 12:29');
INSERT INTO company_receives_project(pid,cname,startdate,enddate) VALUES (52,'Wikizz','4/28/2018 19:24','3/19/2019 9:46');
INSERT INTO company_receives_project(pid,cname,startdate,enddate) VALUES (53,'Twinte','5/6/2018 0:42','6/8/2019 22:12');
INSERT INTO company_receives_project(pid,cname,startdate,enddate) VALUES (54,'Rhynyx','12/2/2017 18:28','1/26/2019 1:41');
INSERT INTO company_receives_project(pid,cname,startdate,enddate) VALUES (55,'Jaxworks','11/12/2018 12:29','7/2/2019 3:41');
INSERT INTO company_receives_project(pid,cname,startdate,enddate) VALUES (56,'Gigabox','12/20/2017 15:32','5/19/2019 4:49');
INSERT INTO company_receives_project(pid,cname,startdate,enddate) VALUES (57,'Avaveo','10/12/2018 15:33','2/24/2019 13:28');
INSERT INTO company_receives_project(pid,cname,startdate,enddate) VALUES (58,'Trilia','8/10/2018 18:54','12/7/2018 13:26');
INSERT INTO company_receives_project(pid,cname,startdate,enddate) VALUES (59,'Jabberbean','3/13/2018 4:57','8/5/2019 7:53');
INSERT INTO company_receives_project(pid,cname,startdate,enddate) VALUES (60,'Zoomdog','12/29/2017 7:04','5/1/2019 6:52');
INSERT INTO company_receives_project(pid,cname,startdate,enddate) VALUES (61,'Gigabox','12/14/2017 5:07','5/13/2019 23:01');
INSERT INTO company_receives_project(pid,cname,startdate,enddate) VALUES (62,'Gigabox','7/17/2018 18:05','12/16/2018 13:15');
INSERT INTO company_receives_project(pid,cname,startdate,enddate) VALUES (63,'Twitterworks','10/14/2018 17:13','8/13/2019 16:52');
INSERT INTO company_receives_project(pid,cname,startdate,enddate) VALUES (64,'Wordpedia','7/30/2018 5:57','5/17/2019 15:24');
INSERT INTO company_receives_project(pid,cname,startdate,enddate) VALUES (65,'Plajo','1/30/2018 4:28','3/2/2019 20:14');
INSERT INTO company_receives_project(pid,cname,startdate,enddate) VALUES (66,'Browsezoom','2/25/2018 21:54','12/30/2018 11:34');
INSERT INTO company_receives_project(pid,cname,startdate,enddate) VALUES (67,'Topiczoom','7/1/2018 17:37','2/13/2019 8:40');
INSERT INTO company_receives_project(pid,cname,startdate,enddate) VALUES (68,'Eimbee','1/16/2018 17:35','10/7/2019 22:10');
INSERT INTO company_receives_project(pid,cname,startdate,enddate) VALUES (69,'Tagfeed','8/10/2018 1:26','3/1/2019 5:55');
INSERT INTO company_receives_project(pid,cname,startdate,enddate) VALUES (70,'Npath','8/29/2018 18:39','9/16/2019 1:49');
INSERT INTO company_receives_project(pid,cname,startdate,enddate) VALUES (71,'Wordware','3/8/2018 22:08','11/9/2019 4:07');
INSERT INTO company_receives_project(pid,cname,startdate,enddate) VALUES (72,'Viva','10/14/2018 7:54','8/25/2019 13:51');
INSERT INTO company_receives_project(pid,cname,startdate,enddate) VALUES (73,'Linktype','6/21/2018 17:05','7/10/2019 13:59');
INSERT INTO company_receives_project(pid,cname,startdate,enddate) VALUES (74,'Avamm','3/26/2018 17:46','12/13/2018 11:16');
INSERT INTO company_receives_project(pid,cname,startdate,enddate) VALUES (75,'Browsezoom','10/7/2018 20:43','6/19/2019 13:53');
INSERT INTO company_receives_project(pid,cname,startdate,enddate) VALUES (76,'Rhynoodle','8/15/2018 13:33','11/4/2019 15:46');
INSERT INTO company_receives_project(pid,cname,startdate,enddate) VALUES (77,'Plambee','10/7/2018 1:17','10/21/2019 9:56');
INSERT INTO company_receives_project(pid,cname,startdate,enddate) VALUES (78,'Topicshots','12/23/2017 5:40','6/18/2019 18:49');
INSERT INTO company_receives_project(pid,cname,startdate,enddate) VALUES (79,'Yoveo','5/24/2018 23:20','11/2/2019 17:55');
INSERT INTO company_receives_project(pid,cname,startdate,enddate) VALUES (80,'Innotype','7/18/2018 9:14','4/16/2019 16:34');
INSERT INTO company_receives_project(pid,cname,startdate,enddate) VALUES (81,'Jatri','6/18/2018 17:45','2/12/2019 13:36');
INSERT INTO company_receives_project(pid,cname,startdate,enddate) VALUES (82,'Twitternation','5/20/2018 10:13','11/6/2019 2:22');
INSERT INTO company_receives_project(pid,cname,startdate,enddate) VALUES (83,'Meevee','5/6/2018 1:12','8/9/2019 11:06');
INSERT INTO company_receives_project(pid,cname,startdate,enddate) VALUES (84,'Ozu','2/1/2018 7:47','11/18/2019 17:29');
INSERT INTO company_receives_project(pid,cname,startdate,enddate) VALUES (85,'Camido','7/31/2018 18:52','10/25/2019 2:07');
INSERT INTO company_receives_project(pid,cname,startdate,enddate) VALUES (86,'Oyondu','1/8/2018 13:04','12/19/2018 10:39');
INSERT INTO company_receives_project(pid,cname,startdate,enddate) VALUES (87,'Mycat','1/11/2018 11:31','5/24/2019 12:35');
INSERT INTO company_receives_project(pid,cname,startdate,enddate) VALUES (88,'Oyope','12/9/2017 20:49','7/3/2019 4:43');
INSERT INTO company_receives_project(pid,cname,startdate,enddate) VALUES (89,'Meevee','6/2/2018 3:18','7/31/2019 19:24');
INSERT INTO company_receives_project(pid,cname,startdate,enddate) VALUES (90,'Topdrive','2/12/2018 0:22','9/20/2019 19:21');
INSERT INTO company_receives_project(pid,cname,startdate,enddate) VALUES (91,'Demimbu','8/5/2018 18:51','6/13/2019 13:30');
INSERT INTO company_receives_project(pid,cname,startdate,enddate) VALUES (92,'Twiyo','9/21/2018 6:27','1/5/2019 8:18');
INSERT INTO company_receives_project(pid,cname,startdate,enddate) VALUES (93,'Kwinu','11/11/2018 11:01','12/8/2018 11:43');
INSERT INTO company_receives_project(pid,cname,startdate,enddate) VALUES (94,'Meetz','9/7/2018 5:19','10/5/2019 17:50');
INSERT INTO company_receives_project(pid,cname,startdate,enddate) VALUES (95,'Wordify','4/30/2018 23:07','1/14/2019 1:37');
INSERT INTO company_receives_project(pid,cname,startdate,enddate) VALUES (96,'Rhynoodle','1/4/2018 13:26','3/16/2019 11:27');
INSERT INTO company_receives_project(pid,cname,startdate,enddate) VALUES (97,'Cogibox','9/2/2018 22:03','10/12/2019 22:28');
INSERT INTO company_receives_project(pid,cname,startdate,enddate) VALUES (98,'Tazz','9/17/2018 13:04','6/14/2019 12:58');
INSERT INTO company_receives_project(pid,cname,startdate,enddate) VALUES (99,'Youtags','7/26/2018 7:01','6/24/2019 2:49');
INSERT INTO company_receives_project(pid,cname,startdate,enddate) VALUES (100,'Kimia','12/27/2017 21:43','3/11/2019 20:03');

INSERT INTO adviser_specialties(pid,cname,startdate,enddate) VALUES (18,'Manuel Pennigar','45','Clinical Specialist');
INSERT INTO adviser_specialties(pid,cname,startdate,enddate) VALUES (9,'Charlean Monnoyer','96','Food Chemist');
INSERT INTO adviser_specialties(pid,cname,startdate,enddate) VALUES (89,'Elise Iscowitz','90','Senior Cost Accountant');
INSERT INTO adviser_specialties(pid,cname,startdate,enddate) VALUES (87,'Eryn Cureton','7','Structural Analysis Engineer');
INSERT INTO adviser_specialties(pid,cname,startdate,enddate) VALUES (38,'Theo Posselow','28','Technical Writer');
INSERT INTO adviser_specialties(pid,cname,startdate,enddate) VALUES (47,'Filmer Rymer','65','Research Assistant III');
INSERT INTO adviser_specialties(pid,cname,startdate,enddate) VALUES (34,'Costa Tarplee','18','Help Desk Operator');
INSERT INTO adviser_specialties(pid,cname,startdate,enddate) VALUES (75,'Fergus Levane','13','Chemical Engineer');
INSERT INTO adviser_specialties(pid,cname,startdate,enddate) VALUES (28,'Julie Wiffen','70','Geological Engineer');
INSERT INTO adviser_specialties(pid,cname,startdate,enddate) VALUES (66,'Neall Witherop','98','Graphic Designer');
INSERT INTO adviser_specialties(pid,cname,startdate,enddate) VALUES (94,'Eleonore McShea','15','Web Designer I');
INSERT INTO adviser_specialties(pid,cname,startdate,enddate) VALUES (32,'Mirna Airlie','19','Automation Specialist I');
INSERT INTO adviser_specialties(pid,cname,startdate,enddate) VALUES (31,'Goldarina Chaffin','64','Paralegal');
INSERT INTO adviser_specialties(pid,cname,startdate,enddate) VALUES (69,'Fern Joannic','47','Senior Financial Analyst');
INSERT INTO adviser_specialties(pid,cname,startdate,enddate) VALUES (33,'Opal Sterley','17','Structural Engineer');
INSERT INTO adviser_specialties(pid,cname,startdate,enddate) VALUES (72,'Forest Morteo','6','Recruiter');
INSERT INTO adviser_specialties(pid,cname,startdate,enddate) VALUES (22,'Melantha Knevit','85','Assistant Professor');
INSERT INTO adviser_specialties(pid,cname,startdate,enddate) VALUES (97,'Greta Hillyatt','24','Assistant Manager');
INSERT INTO adviser_specialties(pid,cname,startdate,enddate) VALUES (34,'Giovanna Masding','18','Pharmacist');
INSERT INTO adviser_specialties(pid,cname,startdate,enddate) VALUES (60,'Mercy Sallows','7','Human Resources Assistant IV');
INSERT INTO adviser_specialties(pid,cname,startdate,enddate) VALUES (7,'Vittoria Purchon','73','VP Product Management');
INSERT INTO adviser_specialties(pid,cname,startdate,enddate) VALUES (86,'Britte McCome','43','Office Assistant II');
INSERT INTO adviser_specialties(pid,cname,startdate,enddate) VALUES (14,'Etty Minero','85','Assistant Professor');
INSERT INTO adviser_specialties(pid,cname,startdate,enddate) VALUES (77,'Baxter Leathard','77','Programmer III');
INSERT INTO adviser_specialties(pid,cname,startdate,enddate) VALUES (31,'Rikki Louisot','64','Automation Specialist I');
INSERT INTO adviser_specialties(pid,cname,startdate,enddate) VALUES (37,'Giacomo Cumberbatch','31','Senior Sales Associate');
INSERT INTO adviser_specialties(pid,cname,startdate,enddate) VALUES (2,'Winfred Gowdie','46','Internal Auditor');
INSERT INTO adviser_specialties(pid,cname,startdate,enddate) VALUES (60,'Goldie Smithers','7','Structural Analysis Engineer');
INSERT INTO adviser_specialties(pid,cname,startdate,enddate) VALUES (74,'Margarethe Frank','45','Budget/Accounting Analyst IV');
INSERT INTO adviser_specialties(pid,cname,startdate,enddate) VALUES (18,'Sean Manjot','45','Research Nurse');
INSERT INTO adviser_specialties(pid,cname,startdate,enddate) VALUES (68,'Miguel Abel','32','General Manager');
INSERT INTO adviser_specialties(pid,cname,startdate,enddate) VALUES (89,'Kelbee Velareal','90','Automation Specialist III');
INSERT INTO adviser_specialties(pid,cname,startdate,enddate) VALUES (81,'Beverly MacAllester','30','Food Chemist');
INSERT INTO adviser_specialties(pid,cname,startdate,enddate) VALUES (89,'Melisent Piller','90','Engineer II');
INSERT INTO adviser_specialties(pid,cname,startdate,enddate) VALUES (100,'Alexis Trumper','24','Occupational Therapist');
INSERT INTO adviser_specialties(pid,cname,startdate,enddate) VALUES (6,'Galvan Cholton','6','Research Assistant IV');
INSERT INTO adviser_specialties(pid,cname,startdate,enddate) VALUES (91,'Gianna Turney','2','Systems Administrator I');
INSERT INTO adviser_specialties(pid,cname,startdate,enddate) VALUES (3,'Izaak Di Angelo','3','Financial Analyst');
INSERT INTO adviser_specialties(pid,cname,startdate,enddate) VALUES (10,'Lewes Beavington','52','Administrative Officer');
INSERT INTO adviser_specialties(pid,cname,startdate,enddate) VALUES (89,'Tedman Kampshell','90','Research Associate');
INSERT INTO adviser_specialties(pid,cname,startdate,enddate) VALUES (29,'Salaidh Goreisr','38','Help Desk Operator');
INSERT INTO adviser_specialties(pid,cname,startdate,enddate) VALUES (54,'Anne Haig','82','Software Engineer III');
INSERT INTO adviser_specialties(pid,cname,startdate,enddate) VALUES (91,'Rayna Newlin','2','Software Consultant');
INSERT INTO adviser_specialties(pid,cname,startdate,enddate) VALUES (26,'Frazer Dunnan','7','Chief Design Engineer');
INSERT INTO adviser_specialties(pid,cname,startdate,enddate) VALUES (98,'Retha McCready','56','Quality Engineer');
INSERT INTO adviser_specialties(pid,cname,startdate,enddate) VALUES (42,'Jayme Jerdon','28','Web Developer II');
INSERT INTO adviser_specialties(pid,cname,startdate,enddate) VALUES (72,'Melodie Bolley','6','Nuclear Power Engineer');
INSERT INTO adviser_specialties(pid,cname,startdate,enddate) VALUES (61,'Ced Kix','1','Structural Analysis Engineer');
INSERT INTO adviser_specialties(pid,cname,startdate,enddate) VALUES (32,'Nealon O''Spillane','19','Senior Editor');
INSERT INTO adviser_specialties(pid,cname,startdate,enddate) VALUES (18,'Patrizius Stelli','45','Staff Accountant II');
INSERT INTO adviser_specialties(pid,cname,startdate,enddate) VALUES (35,'Tabina Kauble','95','Assistant Media Planner');
INSERT INTO adviser_specialties(pid,cname,startdate,enddate) VALUES (70,'Juana Raistrick','50','Human Resources Manager');
INSERT INTO adviser_specialties(pid,cname,startdate,enddate) VALUES (40,'Denys Shemmin','8','Internal Auditor');
INSERT INTO adviser_specialties(pid,cname,startdate,enddate) VALUES (1,'Norri Bynold','46','Automation Specialist I');
INSERT INTO adviser_specialties(pid,cname,startdate,enddate) VALUES (71,'Tabatha Cearley','71','Research Associate');
INSERT INTO adviser_specialties(pid,cname,startdate,enddate) VALUES (69,'Joan Garahan','47','Web Designer I');
INSERT INTO adviser_specialties(pid,cname,startdate,enddate) VALUES (68,'Roderic Como','32','Nuclear Power Engineer');
INSERT INTO adviser_specialties(pid,cname,startdate,enddate) VALUES (81,'Thornie Foynes','30','Data Coordiator');
INSERT INTO adviser_specialties(pid,cname,startdate,enddate) VALUES (100,'Hardy Broadberrie','24','Assistant Professor');
INSERT INTO adviser_specialties(pid,cname,startdate,enddate) VALUES (96,'Jase Lansbury','39','VP Marketing');
INSERT INTO adviser_specialties(pid,cname,startdate,enddate) VALUES (76,'Anderson Redhole','21','Staff Scientist');
INSERT INTO adviser_specialties(pid,cname,startdate,enddate) VALUES (82,'Korie Rillatt','43','Senior Sales Associate');
INSERT INTO adviser_specialties(pid,cname,startdate,enddate) VALUES (6,'Kendricks Kinleyside','6','VP Quality Control');
INSERT INTO adviser_specialties(pid,cname,startdate,enddate) VALUES (94,'Agace Fawckner','15','Staff Accountant III');
INSERT INTO adviser_specialties(pid,cname,startdate,enddate) VALUES (8,'Tirrell Edelheid','91','Project Manager');
INSERT INTO adviser_specialties(pid,cname,startdate,enddate) VALUES (91,'Jeanne Brewin','2','Research Associate');
INSERT INTO adviser_specialties(pid,cname,startdate,enddate) VALUES (23,'Minerva Latter','96','Physical Therapy Assistant');
INSERT INTO adviser_specialties(pid,cname,startdate,enddate) VALUES (86,'Venita Gameson','43','Staff Accountant II');
INSERT INTO adviser_specialties(pid,cname,startdate,enddate) VALUES (60,'Morgan Slobom','7','Accounting Assistant I');
INSERT INTO adviser_specialties(pid,cname,startdate,enddate) VALUES (68,'Garrott Bruckstein','32','Chemical Engineer');
INSERT INTO adviser_specialties(pid,cname,startdate,enddate) VALUES (40,'Clara Brewis','8','Geologist II');
INSERT INTO adviser_specialties(pid,cname,startdate,enddate) VALUES (64,'Janos Brickham','82','Community Outreach Specialist');
INSERT INTO adviser_specialties(pid,cname,startdate,enddate) VALUES (22,'Luigi Sperling','85','Mechanical Systems Engineer');
INSERT INTO adviser_specialties(pid,cname,startdate,enddate) VALUES (54,'Nevin Truter','82','Desktop Support Technician');
INSERT INTO adviser_specialties(pid,cname,startdate,enddate) VALUES (100,'Cooper Blue','24','Staff Scientist');
INSERT INTO adviser_specialties(pid,cname,startdate,enddate) VALUES (70,'Nicol Ogilvy','50','Nurse');
INSERT INTO adviser_specialties(pid,cname,startdate,enddate) VALUES (49,'Nannie Oxenford','56','Office Assistant II');
INSERT INTO adviser_specialties(pid,cname,startdate,enddate) VALUES (38,'Rosaleen Aickin','28','Registered Nurse');
INSERT INTO adviser_specialties(pid,cname,startdate,enddate) VALUES (54,'Moyra Patman','82','Senior Editor');
INSERT INTO adviser_specialties(pid,cname,startdate,enddate) VALUES (89,'Alix Wroughton','90','Assistant Professor');
INSERT INTO adviser_specialties(pid,cname,startdate,enddate) VALUES (33,'Anne-corinne Claisse','17','Software Test Engineer I');
INSERT INTO adviser_specialties(pid,cname,startdate,enddate) VALUES (79,'Thelma MacKenney','81','Chemical Engineer');
INSERT INTO adviser_specialties(pid,cname,startdate,enddate) VALUES (42,'Brantley Shires','28','VP Product Management');
INSERT INTO adviser_specialties(pid,cname,startdate,enddate) VALUES (56,'Brenda Worley','8','Software Engineer II');
INSERT INTO adviser_specialties(pid,cname,startdate,enddate) VALUES (95,'Almeria Hilland','3','Actuary');
INSERT INTO adviser_specialties(pid,cname,startdate,enddate) VALUES (95,'L;urette Chadney','3','Desktop Support Technician');
INSERT INTO adviser_specialties(pid,cname,startdate,enddate) VALUES (3,'Caty Weale','3','Account Representative IV');
INSERT INTO adviser_specialties(pid,cname,startdate,enddate) VALUES (9,'Danika Ondricek','96','VP Quality Control');
INSERT INTO adviser_specialties(pid,cname,startdate,enddate) VALUES (8,'Iris Sennett','91','Geologist II');
INSERT INTO adviser_specialties(pid,cname,startdate,enddate) VALUES (44,'Dimitry Gordon-Giles','41','GIS Technical Architect');
INSERT INTO adviser_specialties(pid,cname,startdate,enddate) VALUES (96,'Kristoffer Balchin','39','Sales Associate');
INSERT INTO adviser_specialties(pid,cname,startdate,enddate) VALUES (18,'Mabelle Robberts','45','Senior Developer');
INSERT INTO adviser_specialties(pid,cname,startdate,enddate) VALUES (77,'Hartley Albery','77','Health Coach II');
INSERT INTO adviser_specialties(pid,cname,startdate,enddate) VALUES (88,'Lisha O''Shevlin','66','Senior Quality Engineer');
INSERT INTO adviser_specialties(pid,cname,startdate,enddate) VALUES (26,'Curt Meeson','7','Account Representative IV');
INSERT INTO adviser_specialties(pid,cname,startdate,enddate) VALUES (3,'Alta Dubery','3','Food Chemist');
INSERT INTO adviser_specialties(pid,cname,startdate,enddate) VALUES (65,'Carmon Pesticcio','96','Marketing Assistant');
INSERT INTO adviser_specialties(pid,cname,startdate,enddate) VALUES (10,'Levon Laurenzi','52','Design Engineer');
INSERT INTO adviser_specialties(pid,cname,startdate,enddate) VALUES (66,'Adi Rozea','98','Payment Adjustment Coordinator');
INSERT INTO adviser_specialties(pid,cname,startdate,enddate) VALUES (62,'Jethro Cronk','24','GIS Technical Architect');

INSERT INTO student(snum,sname,course,bday,empno,cname,pid) VALUES (1,'Tonie McUre','Consumer Durables','4/16/2019 0:58',73,'Oyoyo',38);
INSERT INTO student(snum,sname,course,bday,empno,cname,pid) VALUES (2,'Indira Body','Consumer Services','8/22/2019 16:46',87,'Dabtype',71);
INSERT INTO student(snum,sname,course,bday,empno,cname,pid) VALUES (3,'Sylvester Kehri','Computer Science','10/6/2019 4:44',95,'Ainyx',80);
INSERT INTO student(snum,sname,course,bday,empno,cname,pid) VALUES (4,'Briant Jevon','Health Care','2/3/2019 1:21',67,'Photospace',83);
INSERT INTO student(snum,sname,course,bday,empno,cname,pid) VALUES (5,'Giralda Flintuff','Technology','7/4/2019 15:26',93,'Fanoodle',80);
INSERT INTO student(snum,sname,course,bday,empno,cname,pid) VALUES (6,'Lorie Ricson','Health Care','10/23/2019 12:00',35,'Ailane',72);
INSERT INTO student(snum,sname,course,bday,empno,cname,pid) VALUES (7,'Gwenette Dakers','Transportation','8/22/2019 18:41',13,'Voonix',66);
INSERT INTO student(snum,sname,course,bday,empno,cname,pid) VALUES (8,'Peyton Sandaver','Basic Industries','12/23/2018 0:26',61,'Shuffletag',20);
INSERT INTO student(snum,sname,course,bday,empno,cname,pid) VALUES (9,'Ardra Jocic','Transportation','11/18/2019 11:23',15,'Eabox',44);
INSERT INTO student(snum,sname,course,bday,empno,cname,pid) VALUES (10,'Melisse Beebe','Finance','2/15/2019 17:46',52,'Digitube',6);
INSERT INTO student(snum,sname,course,bday,empno,cname,pid) VALUES (11,'Fletch Tofpik','Health Care','9/15/2019 16:34',33,'Jayo',5);
INSERT INTO student(snum,sname,course,bday,empno,cname,pid) VALUES (12,'Buckie Dewett','Computer Science','4/19/2019 14:44',41,'Fiveclub',96);
INSERT INTO student(snum,sname,course,bday,empno,cname,pid) VALUES (13,'Sharlene Abbado','Miscellaneous','2/27/2019 8:23',80,'Cogibox',57);
INSERT INTO student(snum,sname,course,bday,empno,cname,pid) VALUES (14,'Arlina Bunney','Finance','10/10/2019 12:14',92,'Ntags',98);
INSERT INTO student(snum,sname,course,bday,empno,cname,pid) VALUES (15,'Sutherland Edgerly','Consumer Durables','8/17/2019 14:20',48,'Yakitri',56);
INSERT INTO student(snum,sname,course,bday,empno,cname,pid) VALUES (16,'Teodoor Bende','Computer Science','12/12/2018 7:34',32,'Abata',54);
INSERT INTO student(snum,sname,course,bday,empno,cname,pid) VALUES (17,'Natalie Archibould','Technology','6/9/2019 13:11',36,'Voolith',50);
INSERT INTO student(snum,sname,course,bday,empno,cname,pid) VALUES (18,'Biddie Rieme','Consumer Services','7/15/2019 10:19',62,'Realmix',8);
INSERT INTO student(snum,sname,course,bday,empno,cname,pid) VALUES (19,'Nathan Breadmore','Consumer Services','6/17/2019 1:48',26,'Topicstorm',4);
INSERT INTO student(snum,sname,course,bday,empno,cname,pid) VALUES (20,'Cole Vase','Finance','6/29/2019 7:39',76,'Zazio',18);
INSERT INTO student(snum,sname,course,bday,empno,cname,pid) VALUES (21,'Sasha Petriello','Health Care','4/7/2019 19:11',34,'Kimia',76);
INSERT INTO student(snum,sname,course,bday,empno,cname,pid) VALUES (22,'Bernard Lafee','Consumer Services','2/16/2019 9:38',30,'Twiyo',10);
INSERT INTO student(snum,sname,course,bday,empno,cname,pid) VALUES (23,'Shane Bruhn','Computer Science','1/3/2019 1:31',16,'Rhynoodle',79);
INSERT INTO student(snum,sname,course,bday,empno,cname,pid) VALUES (24,'Kit Riedel','Health Care','1/13/2019 23:19',26,'DabZ',89);
INSERT INTO student(snum,sname,course,bday,empno,cname,pid) VALUES (25,'Isac Rablen','Consumer Services','1/22/2019 9:50',35,'Devpulse',34);
INSERT INTO student(snum,sname,course,bday,empno,cname,pid) VALUES (26,'Bernadine Everington','Capital Goods','2/17/2019 4:59',68,'Mudo',29);
INSERT INTO student(snum,sname,course,bday,empno,cname,pid) VALUES (27,'Lief Van der Mark','Energy','3/28/2019 17:26',68,'Leexo',5);
INSERT INTO student(snum,sname,course,bday,empno,cname,pid) VALUES (28,'Giorgi Gooding','Computer Science','2/19/2019 21:16',22,'Quimba',64);
INSERT INTO student(snum,sname,course,bday,empno,cname,pid) VALUES (29,'Dannie Harradine','Transportation','9/5/2019 10:09',18,'Thoughtbeat',38);
INSERT INTO student(snum,sname,course,bday,empno,cname,pid) VALUES (30,'Mort Skoate','Consumer Durables','10/26/2019 15:58',99,'Agivu',68);
INSERT INTO student(snum,sname,course,bday,empno,cname,pid) VALUES (31,'Eloisa Balke','Consumer Services','4/9/2019 20:27',1,'Babblestorm',54);
INSERT INTO student(snum,sname,course,bday,empno,cname,pid) VALUES (32,'Phip Melonby','Finance','2/14/2019 6:06',22,'Quinu',42);
INSERT INTO student(snum,sname,course,bday,empno,cname,pid) VALUES (33,'Isidro Stigger','Miscellaneous','9/11/2019 15:38',4,'Kare',93);
INSERT INTO student(snum,sname,course,bday,empno,cname,pid) VALUES (34,'Barnabas McNickle','Basic Industries','11/11/2019 23:00',53,'Livetube',29);
INSERT INTO student(snum,sname,course,bday,empno,cname,pid) VALUES (35,'Rodrique Pentecost','Capital Goods','2/26/2019 5:46',40,'Einti',51);
INSERT INTO student(snum,sname,course,bday,empno,cname,pid) VALUES (36,'Tanhya Bushrod','Miscellaneous','1/1/2019 8:46',87,'Tagcat',37);
INSERT INTO student(snum,sname,course,bday,empno,cname,pid) VALUES (37,'Gasper Haste','Computer Science','2/12/2019 19:08',53,'Realblab',78);
INSERT INTO student(snum,sname,course,bday,empno,cname,pid) VALUES (38,'Genni Seager','Health Care','6/22/2019 4:04',54,'Kwideo',47);
INSERT INTO student(snum,sname,course,bday,empno,cname,pid) VALUES (39,'Elaina Mehmet','Consumer Services','7/16/2019 2:55',11,'Tanoodle',80);
INSERT INTO student(snum,sname,course,bday,empno,cname,pid) VALUES (40,'Holly-anne Berrow','Health Care','4/15/2019 6:02',81,'Digitube',2);
INSERT INTO student(snum,sname,course,bday,empno,cname,pid) VALUES (41,'Pattie Pyrke','Health Care','6/23/2019 1:29',65,'LiveZ',22);
INSERT INTO student(snum,sname,course,bday,empno,cname,pid) VALUES (42,'Clemence MacAless','Computer Science','3/26/2019 11:45',56,'Wikibox',72);
INSERT INTO student(snum,sname,course,bday,empno,cname,pid) VALUES (43,'Carley Zettler','Computer Science','3/5/2019 5:29',77,'Edgepulse',3);
INSERT INTO student(snum,sname,course,bday,empno,cname,pid) VALUES (44,'Phedra Lavington','Computer Science','3/29/2019 17:25',33,'Topicshots',76);
INSERT INTO student(snum,sname,course,bday,empno,cname,pid) VALUES (45,'Elnar Giraudoux','Consumer Non-Durables','11/22/2019 4:47',78,'Aimbo',70);
INSERT INTO student(snum,sname,course,bday,empno,cname,pid) VALUES (46,'Isaac Possa','Computer Science','8/11/2019 1:35',14,'Brainbox',83);
INSERT INTO student(snum,sname,course,bday,empno,cname,pid) VALUES (47,'Charley Perceval','Technology','7/30/2019 16:55',33,'Tagtune',63);
INSERT INTO student(snum,sname,course,bday,empno,cname,pid) VALUES (48,'Caspar Robiou','Computer Science','8/13/2019 11:18',74,'Fivechat',41);
INSERT INTO student(snum,sname,course,bday,empno,cname,pid) VALUES (49,'Codie Hamshere','Computer Science','10/10/2019 6:48',94,'Quinu',3);
INSERT INTO student(snum,sname,course,bday,empno,cname,pid) VALUES (50,'Earvin Castana','Energy','8/16/2019 23:19',27,'Trilith',4);
INSERT INTO student(snum,sname,course,bday,empno,cname,pid) VALUES (51,'Melly Tidcombe','Finance','4/4/2019 8:43',7,'Kazio',45);
INSERT INTO student(snum,sname,course,bday,empno,cname,pid) VALUES (52,'Reinald Keough','Computer Science','8/31/2019 4:50',65,'Wikizz',14);
INSERT INTO student(snum,sname,course,bday,empno,cname,pid) VALUES (53,'Allene Giamuzzo','Computer Science','3/25/2019 21:50',3,'Twinte',32);
INSERT INTO student(snum,sname,course,bday,empno,cname,pid) VALUES (54,'Mirabelle Ottley','Consumer Services','11/20/2019 16:04',20,'Rhynyx',74);
INSERT INTO student(snum,sname,course,bday,empno,cname,pid) VALUES (55,'Neysa La Torre','Finance','10/17/2019 21:28',33,'Jaxworks',33);
INSERT INTO student(snum,sname,course,bday,empno,cname,pid) VALUES (56,'Salli Mainstone','Finance','1/31/2019 13:59',32,'Gigabox',59);
INSERT INTO student(snum,sname,course,bday,empno,cname,pid) VALUES (57,'Fayina Yakob','Basic Industries','5/21/2019 2:31',6,'Avaveo',28);
INSERT INTO student(snum,sname,course,bday,empno,cname,pid) VALUES (58,'Lisa Giacopini','Health Care','6/14/2019 17:18',45,'Trilia',80);
INSERT INTO student(snum,sname,course,bday,empno,cname,pid) VALUES (59,'Adara Gaddes','Computer Science','1/3/2019 14:33',17,'Jabberbean',15);
INSERT INTO student(snum,sname,course,bday,empno,cname,pid) VALUES (60,'Parrnell Pillington','Technology','9/2/2019 17:24',99,'Zoomdog',9);
INSERT INTO student(snum,sname,course,bday,empno,cname,pid) VALUES (61,'Pippy Studholme','Health Care','6/12/2019 20:48',91,'Gigabox',55);
INSERT INTO student(snum,sname,course,bday,empno,cname,pid) VALUES (62,'Iver Cormack','Computer Science','7/22/2019 6:58',30,'Gigabox',36);
INSERT INTO student(snum,sname,course,bday,empno,cname,pid) VALUES (63,'Marty Pevsner','Finance','7/11/2019 9:51',4,'Twitterworks',86);
INSERT INTO student(snum,sname,course,bday,empno,cname,pid) VALUES (64,'Lindon Langstone','Finance','11/9/2019 8:57',68,'Wordpedia',34);
INSERT INTO student(snum,sname,course,bday,empno,cname,pid) VALUES (65,'Berty Stubbert','Finance','9/27/2019 5:02',63,'Plajo',44);
INSERT INTO student(snum,sname,course,bday,empno,cname,pid) VALUES (66,'Joelynn Lapping','Computer Science','5/8/2019 12:25',83,'Browsezoom',9);
INSERT INTO student(snum,sname,course,bday,empno,cname,pid) VALUES (67,'Elfrieda McLise','Computer Science','3/14/2019 2:19',98,'Topiczoom',99);
INSERT INTO student(snum,sname,course,bday,empno,cname,pid) VALUES (68,'Anette Pardy','Technology','8/26/2019 8:19',65,'Eimbee',20);
INSERT INTO student(snum,sname,course,bday,empno,cname,pid) VALUES (69,'Lucinda Hasker','Capital Goods','4/12/2019 18:25',41,'Tagfeed',25);
INSERT INTO student(snum,sname,course,bday,empno,cname,pid) VALUES (70,'Jacki Ferrino','Consumer Services','3/14/2019 18:48',85,'Npath',46);
INSERT INTO student(snum,sname,course,bday,empno,cname,pid) VALUES (71,'Gennifer Kilshall','Consumer Non-Durables','7/22/2019 18:24',49,'Wordware',80);
INSERT INTO student(snum,sname,course,bday,empno,cname,pid) VALUES (72,'Moshe Chadwell','Health Care','1/13/2019 21:31',27,'Viva',92);
INSERT INTO student(snum,sname,course,bday,empno,cname,pid) VALUES (73,'Darleen Sherrin','Consumer Services','1/11/2019 8:07',53,'Linktype',55);
INSERT INTO student(snum,sname,course,bday,empno,cname,pid) VALUES (74,'Chelsie Bexley','Technology','2/7/2019 7:43',96,'Avamm',76);
INSERT INTO student(snum,sname,course,bday,empno,cname,pid) VALUES (75,'Geoffry McEllen','Health Care','4/27/2019 23:50',66,'Browsezoom',24);
INSERT INTO student(snum,sname,course,bday,empno,cname,pid) VALUES (76,'Charis Harrad','Consumer Services','4/28/2019 14:09',75,'Rhynoodle',70);
INSERT INTO student(snum,sname,course,bday,empno,cname,pid) VALUES (77,'Karissa Rushbrooke','Consumer Services','10/1/2019 21:29',82,'Plambee',82);
INSERT INTO student(snum,sname,course,bday,empno,cname,pid) VALUES (78,'Cirillo Rutledge','Capital Goods','7/17/2019 22:37',35,'Topicshots',100);
INSERT INTO student(snum,sname,course,bday,empno,cname,pid) VALUES (79,'Hailey Bardnam','Consumer Durables','4/22/2019 9:38',16,'Yoveo',4);
INSERT INTO student(snum,sname,course,bday,empno,cname,pid) VALUES (80,'Margaretha Balcon','Finance','3/10/2019 8:46',99,'Innotype',76);
INSERT INTO student(snum,sname,course,bday,empno,cname,pid) VALUES (81,'Rickard Worden','Technology','3/22/2019 1:41',88,'Jatri',34);
INSERT INTO student(snum,sname,course,bday,empno,cname,pid) VALUES (82,'Cecily Hambleton','Finance','9/17/2019 12:54',92,'Twitternation',14);
INSERT INTO student(snum,sname,course,bday,empno,cname,pid) VALUES (83,'Benni Geeves','Finance','2/27/2019 11:10',50,'Meevee',67);
INSERT INTO student(snum,sname,course,bday,empno,cname,pid) VALUES (84,'Westleigh Whetson','Public Utilities','11/18/2019 5:26',19,'Ozu',93);
INSERT INTO student(snum,sname,course,bday,empno,cname,pid) VALUES (85,'Willie Klimkin','Technology','3/31/2019 23:46',30,'Camido',22);
INSERT INTO student(snum,sname,course,bday,empno,cname,pid) VALUES (86,'Reyna McCague','Computer Science','3/31/2019 10:16',84,'Oyondu',33);
INSERT INTO student(snum,sname,course,bday,empno,cname,pid) VALUES (87,'Hewie Caird','Public Utilities','7/26/2019 22:48',4,'Mycat',44);
INSERT INTO student(snum,sname,course,bday,empno,cname,pid) VALUES (88,'Shena Raynes','Computer Science','4/10/2019 17:17',5,'Oyope',44);
INSERT INTO student(snum,sname,course,bday,empno,cname,pid) VALUES (89,'Wally Meiklem','Computer Science','8/12/2019 10:52',55,'Meevee',18);
INSERT INTO student(snum,sname,course,bday,empno,cname,pid) VALUES (90,'Niels Baudasso','Consumer Non-Durables','6/17/2019 18:45',72,'Topdrive',82);
INSERT INTO student(snum,sname,course,bday,empno,cname,pid) VALUES (91,'Wallis Valsler','Health Care','4/27/2019 8:25',37,'Demimbu',56);
INSERT INTO student(snum,sname,course,bday,empno,cname,pid) VALUES (92,'Larisa Blinerman','Finance','11/16/2019 13:11',38,'Twiyo',56);
INSERT INTO student(snum,sname,course,bday,empno,cname,pid) VALUES (93,'Angelina Testin','Public Utilities','3/17/2019 15:35',50,'Kwinu',57);
INSERT INTO student(snum,sname,course,bday,empno,cname,pid) VALUES (94,'Warren Yushankin','Computer Science','1/7/2019 8:57',70,'Meetz',6);
INSERT INTO student(snum,sname,course,bday,empno,cname,pid) VALUES (95,'Jemima Clendening','Capital Goods','5/14/2019 8:41',46,'Wordify',98);
INSERT INTO student(snum,sname,course,bday,empno,cname,pid) VALUES (96,'Kipp Waddams','Consumer Services','8/26/2019 19:20',60,'Rhynoodle',73);
INSERT INTO student(snum,sname,course,bday,empno,cname,pid) VALUES (97,'Margi Deacon','Consumer Services','1/30/2019 13:45',84,'Cogibox',7);
INSERT INTO student(snum,sname,course,bday,empno,cname,pid) VALUES (98,'Nikki Blackley','Computer Science','10/18/2019 11:38',25,'Tazz',47);
INSERT INTO student(snum,sname,course,bday,empno,cname,pid) VALUES (99,'Timmie Gilder','Finance','11/27/2018 0:57',46,'Youtags',66);
INSERT INTO student(snum,sname,course,bday,empno,cname,pid) VALUES (100,'Powell Saturley','Consumer Services','11/22/2019 20:12',30,'Kimia',98);

INSERT INTO task(taskid,dateass,datefin,difficulty,duration,designspecs,datainputtype,dataoutputtype,isfrontend,isbackend,pid,snum) VALUES (1,'3/30/2018','8/10/2019',5,498.6642592593,'Cape Capensis - Fillet','Crimson','Crimson',NULL,NULL,86,46);
INSERT INTO task(taskid,dateass,datefin,difficulty,duration,designspecs,datainputtype,dataoutputtype,isfrontend,isbackend,pid,snum) VALUES (2,'6/2/2018','11/28/2018',1,179.008125,'Appetizer - Spring Roll, Veg','Maroon','Indigo',NULL,NULL,1,97);
INSERT INTO task(taskid,dateass,datefin,difficulty,duration,designspecs,datainputtype,dataoutputtype,isfrontend,isbackend,pid,snum) VALUES (3,'6/12/2018','6/27/2019',8,380.2112731481,'Sparkling Wine - Rose, Freixenet','Teal','Purple','false','true',47,88);
INSERT INTO task(taskid,dateass,datefin,difficulty,duration,designspecs,datainputtype,dataoutputtype,isfrontend,isbackend,pid,snum) VALUES (4,'10/6/2018','12/8/2018',8,62.5447453704,'Tumeric','Khaki','Green',NULL,NULL,20,33);
INSERT INTO task(taskid,dateass,datefin,difficulty,duration,designspecs,datainputtype,dataoutputtype,isfrontend,isbackend,pid,snum) VALUES (5,'1/2/2018','1/20/2019',3,382.598287037,'Wine - Red Oakridge Merlot','Teal','Teal',NULL,NULL,93,87);
INSERT INTO task(taskid,dateass,datefin,difficulty,duration,designspecs,datainputtype,dataoutputtype,isfrontend,isbackend,pid,snum) VALUES (6,'9/11/2018','5/14/2019',4,244.9306944444,'Wine - Remy Pannier Rose','Turquoise','Purple','true','false',25,20);
INSERT INTO task(taskid,dateass,datefin,difficulty,duration,designspecs,datainputtype,dataoutputtype,isfrontend,isbackend,pid,snum) VALUES (7,'8/19/2018','10/29/2019',7,435.9361921296,'Melon - Honey Dew','Aquamarine','Fuscia','true','false',21,13);
INSERT INTO task(taskid,dateass,datefin,difficulty,duration,designspecs,datainputtype,dataoutputtype,isfrontend,isbackend,pid,snum) VALUES (8,'11/14/2018','4/2/2019',5,138.7886921296,'Sauce Tomato Pouch','Fuscia','Purple',NULL,NULL,7,73);
INSERT INTO task(taskid,dateass,datefin,difficulty,duration,designspecs,datainputtype,dataoutputtype,isfrontend,isbackend,pid,snum) VALUES (9,'12/2/2017','3/5/2019',1,458.3892708333,'Oregano - Fresh','Khaki','Green',NULL,NULL,97,89);
INSERT INTO task(taskid,dateass,datefin,difficulty,duration,designspecs,datainputtype,dataoutputtype,isfrontend,isbackend,pid,snum) VALUES (10,'1/16/2018','3/12/2019',5,420.6241550926,'Langers - Cranberry Cocktail','Mauv','Pink','false','false',28,80);
INSERT INTO task(taskid,dateass,datefin,difficulty,duration,designspecs,datainputtype,dataoutputtype,isfrontend,isbackend,pid,snum) VALUES (11,'5/18/2018','3/26/2019',3,312.0529861111,'Wine - Red, Wolf Blass, Yellow','Red','Blue','false','true',54,86);
INSERT INTO task(taskid,dateass,datefin,difficulty,duration,designspecs,datainputtype,dataoutputtype,isfrontend,isbackend,pid,snum) VALUES (12,'12/23/2017','1/20/2019',9,392.869525463,'Beef - Prime Rib Aaa','Red','Aquamarine',NULL,NULL,5,97);
INSERT INTO task(taskid,dateass,datefin,difficulty,duration,designspecs,datainputtype,dataoutputtype,isfrontend,isbackend,pid,snum) VALUES (13,'5/1/2018','3/22/2019',2,324.8212268519,'Curry Powder','Aquamarine','Maroon',NULL,NULL,84,48);
INSERT INTO task(taskid,dateass,datefin,difficulty,duration,designspecs,datainputtype,dataoutputtype,isfrontend,isbackend,pid,snum) VALUES (14,'8/7/2018','2/26/2019',5,202.2573032407,'Melon - Watermelon, Seedless','Indigo','Puce',NULL,NULL,70,86);
INSERT INTO task(taskid,dateass,datefin,difficulty,duration,designspecs,datainputtype,dataoutputtype,isfrontend,isbackend,pid,snum) VALUES (15,'5/9/2018','8/6/2019',2,453.6720023148,'Appetizer - Asian Shrimp Roll','Blue','Blue',NULL,NULL,73,68);
INSERT INTO task(taskid,dateass,datefin,difficulty,duration,designspecs,datainputtype,dataoutputtype,isfrontend,isbackend,pid,snum) VALUES (16,'11/19/2018','9/5/2019',9,290.1716087963,'Rice - Jasmine Sented','Teal','Yellow',NULL,NULL,46,6);
INSERT INTO task(taskid,dateass,datefin,difficulty,duration,designspecs,datainputtype,dataoutputtype,isfrontend,isbackend,pid,snum) VALUES (17,'1/12/2018','12/25/2018',8,347.7799305556,'Puree - Mango','Violet','Indigo','false','false',34,92);
INSERT INTO task(taskid,dateass,datefin,difficulty,duration,designspecs,datainputtype,dataoutputtype,isfrontend,isbackend,pid,snum) VALUES (18,'6/10/2018','5/8/2019',8,332.2224537037,'Cookies - Fortune','Violet','Puce',NULL,NULL,15,2);
INSERT INTO task(taskid,dateass,datefin,difficulty,duration,designspecs,datainputtype,dataoutputtype,isfrontend,isbackend,pid,snum) VALUES (19,'5/14/2018','5/12/2019',5,363.5436574074,'Beans - Fava, Canned','Puce','Khaki','true','false',29,71);
INSERT INTO task(taskid,dateass,datefin,difficulty,duration,designspecs,datainputtype,dataoutputtype,isfrontend,isbackend,pid,snum) VALUES (20,'7/17/2018','11/29/2018',3,134.9670138889,'Muffin Mix - Raisin Bran','Purple','Teal',NULL,NULL,41,68);
INSERT INTO task(taskid,dateass,datefin,difficulty,duration,designspecs,datainputtype,dataoutputtype,isfrontend,isbackend,pid,snum) VALUES (21,'4/24/2018','6/25/2019',5,426.7405324074,'Beets - Golden','Red','Turquoise','true','false',90,16);
INSERT INTO task(taskid,dateass,datefin,difficulty,duration,designspecs,datainputtype,dataoutputtype,isfrontend,isbackend,pid,snum) VALUES (22,'2/17/2018','2/13/2019',3,360.5731018519,'Flour - Whole Wheat','Khaki','Mauv','false','true',32,99);
INSERT INTO task(taskid,dateass,datefin,difficulty,duration,designspecs,datainputtype,dataoutputtype,isfrontend,isbackend,pid,snum) VALUES (23,'8/23/2018','4/6/2019',4,225.3570949074,'Papadam','Maroon','Indigo','true','false',79,54);
INSERT INTO task(taskid,dateass,datefin,difficulty,duration,designspecs,datainputtype,dataoutputtype,isfrontend,isbackend,pid,snum) VALUES (24,'3/29/2018','3/21/2019',4,357.3847916667,'Pears - Anjou','Aquamarine','Teal',NULL,NULL,3,53);
INSERT INTO task(taskid,dateass,datefin,difficulty,duration,designspecs,datainputtype,dataoutputtype,isfrontend,isbackend,pid,snum) VALUES (25,'3/6/2018','4/2/2019',5,391.7299768519,'Venison - Racks Frenched','Orange','Puce','false','true',2,87);
INSERT INTO task(taskid,dateass,datefin,difficulty,duration,designspecs,datainputtype,dataoutputtype,isfrontend,isbackend,pid,snum) VALUES (26,'4/27/2018','10/3/2019',1,524.2971180556,'Wine - Mondavi Coastal Private','Aquamarine','Teal','false','false',96,57);
INSERT INTO task(taskid,dateass,datefin,difficulty,duration,designspecs,datainputtype,dataoutputtype,isfrontend,isbackend,pid,snum) VALUES (27,'7/7/2018','6/6/2019',9,334.3348958333,'Sausage - Chorizo','Pink','Purple',NULL,NULL,31,83);
INSERT INTO task(taskid,dateass,datefin,difficulty,duration,designspecs,datainputtype,dataoutputtype,isfrontend,isbackend,pid,snum) VALUES (28,'1/31/2018','4/20/2019',3,444.8456134259,'Greens Mustard','Mauv','Maroon',NULL,NULL,67,28);
INSERT INTO task(taskid,dateass,datefin,difficulty,duration,designspecs,datainputtype,dataoutputtype,isfrontend,isbackend,pid,snum) VALUES (29,'3/15/2018','2/28/2019',5,350.2713194444,'Ice Cream Bar - Rolo Cone','Teal','Pink',NULL,NULL,98,3);
INSERT INTO task(taskid,dateass,datefin,difficulty,duration,designspecs,datainputtype,dataoutputtype,isfrontend,isbackend,pid,snum) VALUES (30,'3/17/2018','2/22/2019',5,341.3513888889,'Yucca','Violet','Crimson','true','false',35,39);
INSERT INTO task(taskid,dateass,datefin,difficulty,duration,designspecs,datainputtype,dataoutputtype,isfrontend,isbackend,pid,snum) VALUES (31,'5/12/2018','10/13/2019',10,518.8847222222,'Nut - Pine Nuts, Whole','Puce','Turquoise','false','false',58,44);
INSERT INTO task(taskid,dateass,datefin,difficulty,duration,designspecs,datainputtype,dataoutputtype,isfrontend,isbackend,pid,snum) VALUES (32,'12/7/2017','1/19/2019',9,408.0888310185,'Beer - Moosehead','Blue','Red','false','true',83,65);
INSERT INTO task(taskid,dateass,datefin,difficulty,duration,designspecs,datainputtype,dataoutputtype,isfrontend,isbackend,pid,snum) VALUES (33,'4/14/2018','3/2/2019',5,321.9427662037,'Bamboo Shoots - Sliced','Green','Crimson',NULL,NULL,77,12);
INSERT INTO task(taskid,dateass,datefin,difficulty,duration,designspecs,datainputtype,dataoutputtype,isfrontend,isbackend,pid,snum) VALUES (34,'4/30/2018','8/25/2019',7,482.3051967593,'Chocolate - Pistoles, White','Goldenrod','Purple','false','true',30,3);
INSERT INTO task(taskid,dateass,datefin,difficulty,duration,designspecs,datainputtype,dataoutputtype,isfrontend,isbackend,pid,snum) VALUES (35,'4/7/2018','1/24/2019',4,291.5715162037,'Red Snapper - Fillet, Skin On','Pink','Khaki',NULL,NULL,51,17);
INSERT INTO task(taskid,dateass,datefin,difficulty,duration,designspecs,datainputtype,dataoutputtype,isfrontend,isbackend,pid,snum) VALUES (36,'8/13/2018','3/23/2019',6,221.7938194444,'Sugar - Fine','Turquoise','Green',NULL,NULL,78,90);
INSERT INTO task(taskid,dateass,datefin,difficulty,duration,designspecs,datainputtype,dataoutputtype,isfrontend,isbackend,pid,snum) VALUES (37,'7/29/2018','5/29/2019',9,304.2000462963,'Artichokes - Jerusalem','Teal','Aquamarine','false','false',84,34);
INSERT INTO task(taskid,dateass,datefin,difficulty,duration,designspecs,datainputtype,dataoutputtype,isfrontend,isbackend,pid,snum) VALUES (38,'6/29/2018','1/14/2019',1,198.1933217593,'Muffin Hinge Container 6','Pink','Blue',NULL,NULL,72,20);
INSERT INTO task(taskid,dateass,datefin,difficulty,duration,designspecs,datainputtype,dataoutputtype,isfrontend,isbackend,pid,snum) VALUES (39,'5/28/2018','10/11/2019',10,501.7126388889,'Mushroom - Enoki, Dry','Mauv','Yellow',NULL,NULL,37,19);
INSERT INTO task(taskid,dateass,datefin,difficulty,duration,designspecs,datainputtype,dataoutputtype,isfrontend,isbackend,pid,snum) VALUES (40,'4/23/2018','10/27/2019',3,552.0678819444,'Peas Snow','Khaki','Goldenrod','false','false',87,53);
INSERT INTO task(taskid,dateass,datefin,difficulty,duration,designspecs,datainputtype,dataoutputtype,isfrontend,isbackend,pid,snum) VALUES (41,'8/7/2018','2/20/2019',3,196.7756712963,'Bar - Granola Trail Mix Fruit Nut','Orange','Aquamarine','false','false',81,93);
INSERT INTO task(taskid,dateass,datefin,difficulty,duration,designspecs,datainputtype,dataoutputtype,isfrontend,isbackend,pid,snum) VALUES (42,'1/25/2018','10/24/2019',2,636.8933912037,'Sorrel - Fresh','Yellow','Fuscia',NULL,NULL,1,66);
INSERT INTO task(taskid,dateass,datefin,difficulty,duration,designspecs,datainputtype,dataoutputtype,isfrontend,isbackend,pid,snum) VALUES (43,'9/22/2018','4/10/2019',5,199.4193287037,'Carbonated Water - Blackberry','Turquoise','Crimson','false','true',60,61);
INSERT INTO task(taskid,dateass,datefin,difficulty,duration,designspecs,datainputtype,dataoutputtype,isfrontend,isbackend,pid,snum) VALUES (44,'5/3/2018','8/3/2019',9,457.5990972222,'Cake - Pancake','Purple','Turquoise',NULL,NULL,70,42);
INSERT INTO task(taskid,dateass,datefin,difficulty,duration,designspecs,datainputtype,dataoutputtype,isfrontend,isbackend,pid,snum) VALUES (45,'2/21/2018','8/30/2019',7,555.4595949074,'Wine - Niagara,vqa Reisling','Puce','Crimson','true','false',12,38);
INSERT INTO task(taskid,dateass,datefin,difficulty,duration,designspecs,datainputtype,dataoutputtype,isfrontend,isbackend,pid,snum) VALUES (46,'7/28/2018','9/10/2019',4,408.4924652778,'Cake Sheet Combo Party Pack','Crimson','Maroon',NULL,NULL,64,62);
INSERT INTO task(taskid,dateass,datefin,difficulty,duration,designspecs,datainputtype,dataoutputtype,isfrontend,isbackend,pid,snum) VALUES (47,'7/5/2018','7/25/2019',6,384.3820138889,'Creme De Menth - White','Puce','Puce',NULL,NULL,98,40);
INSERT INTO task(taskid,dateass,datefin,difficulty,duration,designspecs,datainputtype,dataoutputtype,isfrontend,isbackend,pid,snum) VALUES (48,'5/11/2018','12/7/2018',3,209.6175115741,'Turnip - White','Fuscia','Indigo',NULL,NULL,77,29);
INSERT INTO task(taskid,dateass,datefin,difficulty,duration,designspecs,datainputtype,dataoutputtype,isfrontend,isbackend,pid,snum) VALUES (49,'10/8/2018','1/9/2019',2,92.9281134259,'Lychee - Canned','Maroon','Blue','true','true',17,99);
INSERT INTO task(taskid,dateass,datefin,difficulty,duration,designspecs,datainputtype,dataoutputtype,isfrontend,isbackend,pid,snum) VALUES (50,'3/2/2018','3/18/2019',4,380.7436226852,'Cup Translucent 9 Oz','Fuscia','Yellow',NULL,NULL,90,56);
INSERT INTO task(taskid,dateass,datefin,difficulty,duration,designspecs,datainputtype,dataoutputtype,isfrontend,isbackend,pid,snum) VALUES (51,'3/29/2018','12/20/2018',4,265.4703703704,'Stock - Veal, White','Aquamarine','Fuscia','true','true',10,15);
INSERT INTO task(taskid,dateass,datefin,difficulty,duration,designspecs,datainputtype,dataoutputtype,isfrontend,isbackend,pid,snum) VALUES (52,'7/25/2018','9/24/2019',1,426.0280787037,'Chevril','Violet','Puce','false','true',46,25);
INSERT INTO task(taskid,dateass,datefin,difficulty,duration,designspecs,datainputtype,dataoutputtype,isfrontend,isbackend,pid,snum) VALUES (53,'9/19/2018','2/24/2019',9,158.626400463,'Sambuca - Opal Nera','Indigo','Blue',NULL,NULL,4,7);
INSERT INTO task(taskid,dateass,datefin,difficulty,duration,designspecs,datainputtype,dataoutputtype,isfrontend,isbackend,pid,snum) VALUES (54,'6/10/2018','10/21/2019',4,498.4625231481,'Pheasants - Whole','Goldenrod','Goldenrod',NULL,NULL,60,77);
INSERT INTO task(taskid,dateass,datefin,difficulty,duration,designspecs,datainputtype,dataoutputtype,isfrontend,isbackend,pid,snum) VALUES (55,'10/12/2018','2/9/2019',6,120.3001041667,'Cake Circle, Foil, Scallop','Crimson','Red','true','false',54,7);
INSERT INTO task(taskid,dateass,datefin,difficulty,duration,designspecs,datainputtype,dataoutputtype,isfrontend,isbackend,pid,snum) VALUES (56,'10/29/2018','10/2/2019',5,338.147337963,'Soup - Campbells, Beef Barley','Orange','Crimson','false','true',38,66);
INSERT INTO task(taskid,dateass,datefin,difficulty,duration,designspecs,datainputtype,dataoutputtype,isfrontend,isbackend,pid,snum) VALUES (57,'5/17/2018','10/15/2019',3,516.1449074074,'Tandoori Curry Paste','Fuscia','Teal','false','true',83,76);
INSERT INTO task(taskid,dateass,datefin,difficulty,duration,designspecs,datainputtype,dataoutputtype,isfrontend,isbackend,pid,snum) VALUES (58,'10/7/2018','11/11/2019',1,399.9944791667,'Lamb - Rack','Indigo','Maroon',NULL,NULL,42,60);
INSERT INTO task(taskid,dateass,datefin,difficulty,duration,designspecs,datainputtype,dataoutputtype,isfrontend,isbackend,pid,snum) VALUES (59,'5/20/2018','4/19/2019',10,334.28625,'Ham - Cooked Italian','Indigo','Red','true','false',62,90);
INSERT INTO task(taskid,dateass,datefin,difficulty,duration,designspecs,datainputtype,dataoutputtype,isfrontend,isbackend,pid,snum) VALUES (60,'4/28/2018','2/25/2019',8,302.6545138889,'Egg - Salad Premix','Purple','Khaki','false','true',39,83);
INSERT INTO task(taskid,dateass,datefin,difficulty,duration,designspecs,datainputtype,dataoutputtype,isfrontend,isbackend,pid,snum) VALUES (61,'10/15/2018','5/26/2019',10,222.2756365741,'Vanilla Beans','Mauv','Crimson',NULL,NULL,78,30);
INSERT INTO task(taskid,dateass,datefin,difficulty,duration,designspecs,datainputtype,dataoutputtype,isfrontend,isbackend,pid,snum) VALUES (62,'9/1/2018','6/28/2019',6,299.7378587963,'Wine - Pinot Noir Pond Haddock','Blue','Fuscia','false','false',37,28);
INSERT INTO task(taskid,dateass,datefin,difficulty,duration,designspecs,datainputtype,dataoutputtype,isfrontend,isbackend,pid,snum) VALUES (63,'10/10/2018','7/20/2019',5,282.5803935185,'Wine - Two Oceans Cabernet','Puce','Violet',NULL,NULL,31,39);
INSERT INTO task(taskid,dateass,datefin,difficulty,duration,designspecs,datainputtype,dataoutputtype,isfrontend,isbackend,pid,snum) VALUES (64,'8/28/2018','4/15/2019',6,230.2663078704,'Fudge - Cream Fudge','Orange','Maroon',NULL,NULL,73,25);
INSERT INTO task(taskid,dateass,datefin,difficulty,duration,designspecs,datainputtype,dataoutputtype,isfrontend,isbackend,pid,snum) VALUES (65,'12/4/2017','7/21/2019',3,593.9351851852,'Orange - Tangerine','Fuscia','Green',NULL,NULL,40,78);
INSERT INTO task(taskid,dateass,datefin,difficulty,duration,designspecs,datainputtype,dataoutputtype,isfrontend,isbackend,pid,snum) VALUES (66,'6/6/2018','10/28/2019',1,509.316087963,'Longos - Chicken Caeser Salad','Aquamarine','Red',NULL,NULL,18,12);
INSERT INTO task(taskid,dateass,datefin,difficulty,duration,designspecs,datainputtype,dataoutputtype,isfrontend,isbackend,pid,snum) VALUES (67,'9/9/2018','11/7/2019',3,423.8655555556,'Onion Powder','Teal','Teal',NULL,NULL,89,5);
INSERT INTO task(taskid,dateass,datefin,difficulty,duration,designspecs,datainputtype,dataoutputtype,isfrontend,isbackend,pid,snum) VALUES (68,'3/19/2018','11/24/2018',1,249.8663541667,'Salt - Seasoned','Crimson','Maroon',NULL,NULL,85,12);
INSERT INTO task(taskid,dateass,datefin,difficulty,duration,designspecs,datainputtype,dataoutputtype,isfrontend,isbackend,pid,snum) VALUES (69,'10/14/2018','10/6/2019',9,357.5647569444,'Garlic','Aquamarine','Indigo',NULL,NULL,53,59);
INSERT INTO task(taskid,dateass,datefin,difficulty,duration,designspecs,datainputtype,dataoutputtype,isfrontend,isbackend,pid,snum) VALUES (70,'11/24/2017','7/9/2019',10,592.2264236111,'Turkey - Breast, Bone - In','Aquamarine','Maroon',NULL,NULL,45,77);
INSERT INTO task(taskid,dateass,datefin,difficulty,duration,designspecs,datainputtype,dataoutputtype,isfrontend,isbackend,pid,snum) VALUES (71,'1/16/2018','6/9/2019',6,509.4806018519,'Wine - Delicato Merlot','Puce','Mauv',NULL,NULL,74,80);
INSERT INTO task(taskid,dateass,datefin,difficulty,duration,designspecs,datainputtype,dataoutputtype,isfrontend,isbackend,pid,snum) VALUES (72,'11/13/2018','5/8/2019',6,175.6447916667,'Mushroom - Shitake, Dry','Indigo','Mauv',NULL,NULL,10,92);
INSERT INTO task(taskid,dateass,datefin,difficulty,duration,designspecs,datainputtype,dataoutputtype,isfrontend,isbackend,pid,snum) VALUES (73,'9/4/2018','10/17/2019',5,408.2695138889,'Guinea Fowl','Khaki','Teal',NULL,NULL,70,65);
INSERT INTO task(taskid,dateass,datefin,difficulty,duration,designspecs,datainputtype,dataoutputtype,isfrontend,isbackend,pid,snum) VALUES (74,'8/16/2018','6/14/2019',2,302.0715393519,'Zucchini - Mini, Green','Purple','Fuscia',NULL,NULL,93,40);
INSERT INTO task(taskid,dateass,datefin,difficulty,duration,designspecs,datainputtype,dataoutputtype,isfrontend,isbackend,pid,snum) VALUES (75,'6/14/2018','5/22/2019',4,341.9035648148,'Beef - Rouladin, Sliced','Teal','Green','true','false',66,49);
INSERT INTO task(taskid,dateass,datefin,difficulty,duration,designspecs,datainputtype,dataoutputtype,isfrontend,isbackend,pid,snum) VALUES (76,'5/10/2018','3/31/2019',5,325.0961342593,'Broom - Push','Mauv','Pink',NULL,NULL,42,96);
INSERT INTO task(taskid,dateass,datefin,difficulty,duration,designspecs,datainputtype,dataoutputtype,isfrontend,isbackend,pid,snum) VALUES (77,'3/25/2018','11/10/2019',5,594.5771064815,'Dish Towel','Turquoise','Red','true','false',52,57);
INSERT INTO task(taskid,dateass,datefin,difficulty,duration,designspecs,datainputtype,dataoutputtype,isfrontend,isbackend,pid,snum) VALUES (78,'2/26/2018','2/12/2019',7,350.8954861111,'Coffee - French Vanilla Frothy','Goldenrod','Mauv','false','true',68,7);
INSERT INTO task(taskid,dateass,datefin,difficulty,duration,designspecs,datainputtype,dataoutputtype,isfrontend,isbackend,pid,snum) VALUES (79,'1/23/2018','10/17/2019',5,632.6177083333,'Wine - Vineland Estate Semi - Dry','Goldenrod','Aquamarine',NULL,NULL,46,39);
INSERT INTO task(taskid,dateass,datefin,difficulty,duration,designspecs,datainputtype,dataoutputtype,isfrontend,isbackend,pid,snum) VALUES (80,'5/25/2018','12/20/2018',10,209.3211921296,'Shopper Bag - S - 4','Purple','Puce','false','false',36,67);
INSERT INTO task(taskid,dateass,datefin,difficulty,duration,designspecs,datainputtype,dataoutputtype,isfrontend,isbackend,pid,snum) VALUES (81,'12/25/2017','1/21/2019',6,392.647037037,'Tart - Butter Plain Squares','Maroon','Blue','true','true',17,83);
INSERT INTO task(taskid,dateass,datefin,difficulty,duration,designspecs,datainputtype,dataoutputtype,isfrontend,isbackend,pid,snum) VALUES (82,'9/23/2018','4/6/2019',8,195.2051273148,'Gelatine Leaves - Envelopes','Crimson','Puce','false','false',62,26);
INSERT INTO task(taskid,dateass,datefin,difficulty,duration,designspecs,datainputtype,dataoutputtype,isfrontend,isbackend,pid,snum) VALUES (83,'8/24/2018','3/29/2019',2,217.2247106481,'Lobster - Canned Premium','Orange','Red','false','true',35,15);
INSERT INTO task(taskid,dateass,datefin,difficulty,duration,designspecs,datainputtype,dataoutputtype,isfrontend,isbackend,pid,snum) VALUES (84,'9/21/2018','10/8/2019',3,382.8177777778,'Cheese - Cottage Cheese','Fuscia','Turquoise','false','false',37,57);
INSERT INTO task(taskid,dateass,datefin,difficulty,duration,designspecs,datainputtype,dataoutputtype,isfrontend,isbackend,pid,snum) VALUES (85,'7/7/2018','9/2/2019',5,421.8561342593,'English Muffin','Crimson','Maroon',NULL,NULL,85,70);
INSERT INTO task(taskid,dateass,datefin,difficulty,duration,designspecs,datainputtype,dataoutputtype,isfrontend,isbackend,pid,snum) VALUES (86,'9/21/2018','5/20/2019',8,240.9680902778,'Urban Zen Drinks','Maroon','Teal',NULL,NULL,39,51);
INSERT INTO task(taskid,dateass,datefin,difficulty,duration,designspecs,datainputtype,dataoutputtype,isfrontend,isbackend,pid,snum) VALUES (87,'8/20/2018','8/9/2019',7,354.195775463,'Chips Potato Salt Vinegar 43g','Aquamarine','Pink',NULL,NULL,34,81);
INSERT INTO task(taskid,dateass,datefin,difficulty,duration,designspecs,datainputtype,dataoutputtype,isfrontend,isbackend,pid,snum) VALUES (88,'12/23/2017','4/20/2019',6,482.4305787037,'Parsley - Dried','Turquoise','Green',NULL,NULL,25,74);
INSERT INTO task(taskid,dateass,datefin,difficulty,duration,designspecs,datainputtype,dataoutputtype,isfrontend,isbackend,pid,snum) VALUES (89,'12/2/2017','6/21/2019',5,566.0140625,'Pepper - Black, Whole','Fuscia','Crimson',NULL,NULL,10,44);
INSERT INTO task(taskid,dateass,datefin,difficulty,duration,designspecs,datainputtype,dataoutputtype,isfrontend,isbackend,pid,snum) VALUES (90,'8/11/2018','8/12/2019',6,365.9623611111,'Mushroom - Morel Frozen','Goldenrod','Blue','false','true',79,57);
INSERT INTO task(taskid,dateass,datefin,difficulty,duration,designspecs,datainputtype,dataoutputtype,isfrontend,isbackend,pid,snum) VALUES (91,'11/14/2018','4/30/2019',5,166.7640162037,'Beef - Baby, Liver','Khaki','Maroon','true','true',18,52);
INSERT INTO task(taskid,dateass,datefin,difficulty,duration,designspecs,datainputtype,dataoutputtype,isfrontend,isbackend,pid,snum) VALUES (92,'3/23/2018','7/13/2019',8,477.0531828704,'Wine - Red, Antinori Santa','Puce','Mauv',NULL,NULL,98,16);
INSERT INTO task(taskid,dateass,datefin,difficulty,duration,designspecs,datainputtype,dataoutputtype,isfrontend,isbackend,pid,snum) VALUES (93,'12/26/2017','6/11/2019',9,532.5741203704,'Water - San Pellegrino','Purple','Goldenrod','false','false',80,70);
INSERT INTO task(taskid,dateass,datefin,difficulty,duration,designspecs,datainputtype,dataoutputtype,isfrontend,isbackend,pid,snum) VALUES (94,'6/7/2018','1/29/2019',5,235.7109606481,'Cheese - Parmigiano Reggiano','Pink','Puce',NULL,NULL,75,89);
INSERT INTO task(taskid,dateass,datefin,difficulty,duration,designspecs,datainputtype,dataoutputtype,isfrontend,isbackend,pid,snum) VALUES (95,'9/12/2018','1/15/2019',7,124.9674768519,'Green Tea Refresher','Violet','Red',NULL,NULL,20,38);
INSERT INTO task(taskid,dateass,datefin,difficulty,duration,designspecs,datainputtype,dataoutputtype,isfrontend,isbackend,pid,snum) VALUES (96,'3/16/2018','4/22/2019',10,402.1300694444,'Water - Tonic','Pink','Yellow','false','false',55,6);
INSERT INTO task(taskid,dateass,datefin,difficulty,duration,designspecs,datainputtype,dataoutputtype,isfrontend,isbackend,pid,snum) VALUES (97,'11/14/2018','12/14/2018',7,30.3121643519,'Melon - Cantaloupe','Fuscia','Turquoise','false','false',54,9);
INSERT INTO task(taskid,dateass,datefin,difficulty,duration,designspecs,datainputtype,dataoutputtype,isfrontend,isbackend,pid,snum) VALUES (98,'12/28/2017','4/29/2019',6,487.7209375,'Wine - Vidal Icewine Magnotta','Teal','Pink','true','false',86,79);
INSERT INTO task(taskid,dateass,datefin,difficulty,duration,designspecs,datainputtype,dataoutputtype,isfrontend,isbackend,pid,snum) VALUES (99,'6/29/2018','2/8/2019',2,224.1736574074,'Bread Foccacia Whole','Aquamarine','Goldenrod','false','false',57,70);
INSERT INTO task(taskid,dateass,datefin,difficulty,duration,designspecs,datainputtype,dataoutputtype,isfrontend,isbackend,pid,snum) VALUES (100,'4/27/2018','10/20/2019',3,541.4325694444,'Cream - 18%','Pink','Violet',NULL,NULL,15,66);

INSERT INTO student_interns_company(snum,cname,year,salary,sem) VALUES (66,'Oyope',2005,65857,2);
INSERT INTO student_interns_company(snum,cname,year,salary,sem) VALUES (48,'Meedoo',2012,17633,1);
INSERT INTO student_interns_company(snum,cname,year,salary,sem) VALUES (31,'Edgewire',1986,47906,2);
INSERT INTO student_interns_company(snum,cname,year,salary,sem) VALUES (82,'Devshare',1992,19596,2);
INSERT INTO student_interns_company(snum,cname,year,salary,sem) VALUES (22,'Dabtype',1994,50160,1);
INSERT INTO student_interns_company(snum,cname,year,salary,sem) VALUES (25,'Blogtags',2003,75284,2);
INSERT INTO student_interns_company(snum,cname,year,salary,sem) VALUES (10,'Dablist',1993,49320,2);
INSERT INTO student_interns_company(snum,cname,year,salary,sem) VALUES (65,'Katz',2009,93577,1);
INSERT INTO student_interns_company(snum,cname,year,salary,sem) VALUES (59,'Twitterbeat',1993,35084,2);
INSERT INTO student_interns_company(snum,cname,year,salary,sem) VALUES (47,'Vipe',2010,23645,2);
INSERT INTO student_interns_company(snum,cname,year,salary,sem) VALUES (91,'Eare',2011,78978,1);
INSERT INTO student_interns_company(snum,cname,year,salary,sem) VALUES (36,'Pixoboo',2001,26953,1);
INSERT INTO student_interns_company(snum,cname,year,salary,sem) VALUES (30,'Innotype',2008,91511,2);
INSERT INTO student_interns_company(snum,cname,year,salary,sem) VALUES (81,'Ozu',1996,33580,2);
INSERT INTO student_interns_company(snum,cname,year,salary,sem) VALUES (92,'Tagcat',2011,64988,2);
INSERT INTO student_interns_company(snum,cname,year,salary,sem) VALUES (86,'Zooxo',1989,91764,2);
INSERT INTO student_interns_company(snum,cname,year,salary,sem) VALUES (59,'Buzzster',1993,92059,2);
INSERT INTO student_interns_company(snum,cname,year,salary,sem) VALUES (98,'Quire',2007,40065,2);
INSERT INTO student_interns_company(snum,cname,year,salary,sem) VALUES (75,'Rhynoodle',1998,23353,2);
INSERT INTO student_interns_company(snum,cname,year,salary,sem) VALUES (81,'Demivee',2002,51918,1);
INSERT INTO student_interns_company(snum,cname,year,salary,sem) VALUES (15,'Shuffletag',1993,47562,1);
INSERT INTO student_interns_company(snum,cname,year,salary,sem) VALUES (29,'LiveZ',1999,44990,1);
INSERT INTO student_interns_company(snum,cname,year,salary,sem) VALUES (35,'Youfeed',1993,69136,1);
INSERT INTO student_interns_company(snum,cname,year,salary,sem) VALUES (44,'Muxo',2012,66074,2);
INSERT INTO student_interns_company(snum,cname,year,salary,sem) VALUES (41,'Youfeed',1997,51082,2);
INSERT INTO student_interns_company(snum,cname,year,salary,sem) VALUES (20,'Realpoint',2013,25502,1);
INSERT INTO student_interns_company(snum,cname,year,salary,sem) VALUES (79,'Innotype',1994,62663,1);
INSERT INTO student_interns_company(snum,cname,year,salary,sem) VALUES (21,'Dabtype',2008,85429,1);
INSERT INTO student_interns_company(snum,cname,year,salary,sem) VALUES (59,'Thoughtmix',2012,84014,2);
INSERT INTO student_interns_company(snum,cname,year,salary,sem) VALUES (18,'Skimia',2010,90864,1);
INSERT INTO student_interns_company(snum,cname,year,salary,sem) VALUES (68,'Trudeo',2007,52501,1);
INSERT INTO student_interns_company(snum,cname,year,salary,sem) VALUES (56,'Youfeed',2004,99811,2);
INSERT INTO student_interns_company(snum,cname,year,salary,sem) VALUES (48,'Kamba',1999,47156,2);
INSERT INTO student_interns_company(snum,cname,year,salary,sem) VALUES (28,'Ntag',2006,66566,2);
INSERT INTO student_interns_company(snum,cname,year,salary,sem) VALUES (48,'Muxo',2003,86433,2);
INSERT INTO student_interns_company(snum,cname,year,salary,sem) VALUES (90,'Dynabox',1993,93028,1);
INSERT INTO student_interns_company(snum,cname,year,salary,sem) VALUES (90,'Quatz',1997,51027,1);
INSERT INTO student_interns_company(snum,cname,year,salary,sem) VALUES (89,'Skimia',1999,48090,2);
INSERT INTO student_interns_company(snum,cname,year,salary,sem) VALUES (26,'Voonix',2009,78119,2);
INSERT INTO student_interns_company(snum,cname,year,salary,sem) VALUES (31,'Linkbuzz',2004,32979,2);
INSERT INTO student_interns_company(snum,cname,year,salary,sem) VALUES (75,'Quire',2000,57560,2);
INSERT INTO student_interns_company(snum,cname,year,salary,sem) VALUES (49,'Quinu',1999,52492,1);
INSERT INTO student_interns_company(snum,cname,year,salary,sem) VALUES (28,'Vitz',2011,81386,1);
INSERT INTO student_interns_company(snum,cname,year,salary,sem) VALUES (82,'Ntag',2012,46602,2);
INSERT INTO student_interns_company(snum,cname,year,salary,sem) VALUES (49,'Dynabox',2012,36391,1);
INSERT INTO student_interns_company(snum,cname,year,salary,sem) VALUES (58,'Fadeo',2011,95947,2);
INSERT INTO student_interns_company(snum,cname,year,salary,sem) VALUES (84,'Youfeed',2001,46917,2);
INSERT INTO student_interns_company(snum,cname,year,salary,sem) VALUES (98,'Topicblab',2003,27959,2);
INSERT INTO student_interns_company(snum,cname,year,salary,sem) VALUES (33,'Leenti',1968,18328,1);
INSERT INTO student_interns_company(snum,cname,year,salary,sem) VALUES (96,'Thoughtmix',2002,26051,1);
INSERT INTO student_interns_company(snum,cname,year,salary,sem) VALUES (84,'Twitterbridge',1992,49469,2);
INSERT INTO student_interns_company(snum,cname,year,salary,sem) VALUES (12,'Pixoboo',2003,79688,2);
INSERT INTO student_interns_company(snum,cname,year,salary,sem) VALUES (1,'Voolia',2007,49946,1);
INSERT INTO student_interns_company(snum,cname,year,salary,sem) VALUES (96,'Voolia',2002,65399,1);
INSERT INTO student_interns_company(snum,cname,year,salary,sem) VALUES (74,'Trudeo',2001,86971,1);
INSERT INTO student_interns_company(snum,cname,year,salary,sem) VALUES (13,'Blogtags',1988,52477,1);
INSERT INTO student_interns_company(snum,cname,year,salary,sem) VALUES (95,'Meedoo',2011,57269,2);
INSERT INTO student_interns_company(snum,cname,year,salary,sem) VALUES (4,'Vinte',1996,45347,1);
INSERT INTO student_interns_company(snum,cname,year,salary,sem) VALUES (32,'Realpoint',1995,31095,2);
INSERT INTO student_interns_company(snum,cname,year,salary,sem) VALUES (45,'Eare',2008,95847,1);
INSERT INTO student_interns_company(snum,cname,year,salary,sem) VALUES (64,'Quire',2002,75467,2);
INSERT INTO student_interns_company(snum,cname,year,salary,sem) VALUES (19,'Innotype',1996,22636,1);
INSERT INTO student_interns_company(snum,cname,year,salary,sem) VALUES (48,'Voolith',2005,46262,1);
INSERT INTO student_interns_company(snum,cname,year,salary,sem) VALUES (98,'Realpoint',1964,84872,2);
INSERT INTO student_interns_company(snum,cname,year,salary,sem) VALUES (74,'Edgewire',1995,78130,2);
INSERT INTO student_interns_company(snum,cname,year,salary,sem) VALUES (79,'Demizz',2008,79354,1);
INSERT INTO student_interns_company(snum,cname,year,salary,sem) VALUES (43,'Feedbug',2003,77169,2);
INSERT INTO student_interns_company(snum,cname,year,salary,sem) VALUES (51,'Oyope',2002,17815,1);
INSERT INTO student_interns_company(snum,cname,year,salary,sem) VALUES (72,'Kamba',2001,91244,2);
INSERT INTO student_interns_company(snum,cname,year,salary,sem) VALUES (13,'Agivu',2006,58882,1);
INSERT INTO student_interns_company(snum,cname,year,salary,sem) VALUES (46,'Omba',1989,19920,2);
INSERT INTO student_interns_company(snum,cname,year,salary,sem) VALUES (88,'Izio',1990,79412,1);
INSERT INTO student_interns_company(snum,cname,year,salary,sem) VALUES (13,'Voolith',2010,79692,2);
INSERT INTO student_interns_company(snum,cname,year,salary,sem) VALUES (16,'Zazio',1986,90508,1);
INSERT INTO student_interns_company(snum,cname,year,salary,sem) VALUES (7,'Buzzshare',1996,91061,1);
INSERT INTO student_interns_company(snum,cname,year,salary,sem) VALUES (1,'Buzzdog',1989,31824,1);
INSERT INTO student_interns_company(snum,cname,year,salary,sem) VALUES (95,'Brainbox',1993,80487,1);
INSERT INTO student_interns_company(snum,cname,year,salary,sem) VALUES (53,'Wikizz',1992,63440,1);
INSERT INTO student_interns_company(snum,cname,year,salary,sem) VALUES (51,'Zoombeat',1991,77706,2);
INSERT INTO student_interns_company(snum,cname,year,salary,sem) VALUES (71,'Vipe',2005,31808,1);
INSERT INTO student_interns_company(snum,cname,year,salary,sem) VALUES (36,'Brainbox',1996,93217,2);
INSERT INTO student_interns_company(snum,cname,year,salary,sem) VALUES (63,'Buzzshare',2011,50103,1);
INSERT INTO student_interns_company(snum,cname,year,salary,sem) VALUES (56,'Brainbox',2009,45144,1);
INSERT INTO student_interns_company(snum,cname,year,salary,sem) VALUES (73,'Edgewire',1992,23344,2);
INSERT INTO student_interns_company(snum,cname,year,salary,sem) VALUES (59,'Yoveo',2002,77238,2);
INSERT INTO student_interns_company(snum,cname,year,salary,sem) VALUES (57,'Shuffletag',1985,87911,2);
INSERT INTO student_interns_company(snum,cname,year,salary,sem) VALUES (51,'Youfeed',2007,25635,2);
INSERT INTO student_interns_company(snum,cname,year,salary,sem) VALUES (90,'Quatz',1987,77583,2);
INSERT INTO student_interns_company(snum,cname,year,salary,sem) VALUES (91,'Leenti',2003,39958,2);
INSERT INTO student_interns_company(snum,cname,year,salary,sem) VALUES (34,'Thoughtmix',1989,45151,1);
INSERT INTO student_interns_company(snum,cname,year,salary,sem) VALUES (97,'Quire',2009,18822,2);
INSERT INTO student_interns_company(snum,cname,year,salary,sem) VALUES (28,'Voolia',1996,93703,1);
INSERT INTO student_interns_company(snum,cname,year,salary,sem) VALUES (41,'Photojam',2008,78344,1);
INSERT INTO student_interns_company(snum,cname,year,salary,sem) VALUES (37,'Centimia',2006,27460,1);
INSERT INTO student_interns_company(snum,cname,year,salary,sem) VALUES (10,'Skajo',1995,17086,1);
INSERT INTO student_interns_company(snum,cname,year,salary,sem) VALUES (38,'Wikizz',2004,84452,1);
INSERT INTO student_interns_company(snum,cname,year,salary,sem) VALUES (92,'Youfeed',1994,15778,2);
INSERT INTO student_interns_company(snum,cname,year,salary,sem) VALUES (67,'Brainbox',2009,15240,1);
INSERT INTO student_interns_company(snum,cname,year,salary,sem) VALUES (17,'Zoomlounge',1995,98031,1);
INSERT INTO student_interns_company(snum,cname,year,salary,sem) VALUES (65,'Devbug',1987,16712,2);

INSERT INTO student_assigned_task(snum,taskid) VALUES (12,59);
INSERT INTO student_assigned_task(snum,taskid) VALUES (13,96);
INSERT INTO student_assigned_task(snum,taskid) VALUES (51,89);
INSERT INTO student_assigned_task(snum,taskid) VALUES (15,33);
INSERT INTO student_assigned_task(snum,taskid) VALUES (37,94);
INSERT INTO student_assigned_task(snum,taskid) VALUES (31,28);
INSERT INTO student_assigned_task(snum,taskid) VALUES (57,43);
INSERT INTO student_assigned_task(snum,taskid) VALUES (11,99);
INSERT INTO student_assigned_task(snum,taskid) VALUES (11,100);
INSERT INTO student_assigned_task(snum,taskid) VALUES (13,10);
INSERT INTO student_assigned_task(snum,taskid) VALUES (31,35);
INSERT INTO student_assigned_task(snum,taskid) VALUES (31,61);
INSERT INTO student_assigned_task(snum,taskid) VALUES (51,82);
INSERT INTO student_assigned_task(snum,taskid) VALUES (37,45);
INSERT INTO student_assigned_task(snum,taskid) VALUES (98,51);
INSERT INTO student_assigned_task(snum,taskid) VALUES (41,14);
INSERT INTO student_assigned_task(snum,taskid) VALUES (21,84);
INSERT INTO student_assigned_task(snum,taskid) VALUES (36,95);
INSERT INTO student_assigned_task(snum,taskid) VALUES (63,24);
INSERT INTO student_assigned_task(snum,taskid) VALUES (79,19);
INSERT INTO student_assigned_task(snum,taskid) VALUES (36,99);
INSERT INTO student_assigned_task(snum,taskid) VALUES (97,64);
INSERT INTO student_assigned_task(snum,taskid) VALUES (81,39);
INSERT INTO student_assigned_task(snum,taskid) VALUES (42,39);
INSERT INTO student_assigned_task(snum,taskid) VALUES (26,38);
INSERT INTO student_assigned_task(snum,taskid) VALUES (61,2);
INSERT INTO student_assigned_task(snum,taskid) VALUES (41,50);
INSERT INTO student_assigned_task(snum,taskid) VALUES (42,96);
INSERT INTO student_assigned_task(snum,taskid) VALUES (24,37);
INSERT INTO student_assigned_task(snum,taskid) VALUES (21,4);
INSERT INTO student_assigned_task(snum,taskid) VALUES (19,23);
INSERT INTO student_assigned_task(snum,taskid) VALUES (81,57);
INSERT INTO student_assigned_task(snum,taskid) VALUES (36,84);
INSERT INTO student_assigned_task(snum,taskid) VALUES (54,23);
INSERT INTO student_assigned_task(snum,taskid) VALUES (63,22);
INSERT INTO student_assigned_task(snum,taskid) VALUES (41,87);
INSERT INTO student_assigned_task(snum,taskid) VALUES (88,22);
INSERT INTO student_assigned_task(snum,taskid) VALUES (41,48);
INSERT INTO student_assigned_task(snum,taskid) VALUES (87,62);
INSERT INTO student_assigned_task(snum,taskid) VALUES (84,41);
INSERT INTO student_assigned_task(snum,taskid) VALUES (36,96);
INSERT INTO student_assigned_task(snum,taskid) VALUES (93,70);
INSERT INTO student_assigned_task(snum,taskid) VALUES (24,37);
INSERT INTO student_assigned_task(snum,taskid) VALUES (11,6);
INSERT INTO student_assigned_task(snum,taskid) VALUES (13,42);
INSERT INTO student_assigned_task(snum,taskid) VALUES (18,57);
INSERT INTO student_assigned_task(snum,taskid) VALUES (69,13);
INSERT INTO student_assigned_task(snum,taskid) VALUES (27,79);
INSERT INTO student_assigned_task(snum,taskid) VALUES (87,5);
INSERT INTO student_assigned_task(snum,taskid) VALUES (88,95);
INSERT INTO student_assigned_task(snum,taskid) VALUES (32,12);
INSERT INTO student_assigned_task(snum,taskid) VALUES (20,4);
INSERT INTO student_assigned_task(snum,taskid) VALUES (89,57);
INSERT INTO student_assigned_task(snum,taskid) VALUES (52,67);
INSERT INTO student_assigned_task(snum,taskid) VALUES (24,77);
INSERT INTO student_assigned_task(snum,taskid) VALUES (16,41);
INSERT INTO student_assigned_task(snum,taskid) VALUES (57,16);
INSERT INTO student_assigned_task(snum,taskid) VALUES (59,30);
INSERT INTO student_assigned_task(snum,taskid) VALUES (81,19);
INSERT INTO student_assigned_task(snum,taskid) VALUES (69,74);
INSERT INTO student_assigned_task(snum,taskid) VALUES (15,13);
INSERT INTO student_assigned_task(snum,taskid) VALUES (26,40);
INSERT INTO student_assigned_task(snum,taskid) VALUES (87,72);
INSERT INTO student_assigned_task(snum,taskid) VALUES (51,52);
INSERT INTO student_assigned_task(snum,taskid) VALUES (22,18);
INSERT INTO student_assigned_task(snum,taskid) VALUES (65,67);
INSERT INTO student_assigned_task(snum,taskid) VALUES (95,8);
INSERT INTO student_assigned_task(snum,taskid) VALUES (63,2);
INSERT INTO student_assigned_task(snum,taskid) VALUES (90,63);
INSERT INTO student_assigned_task(snum,taskid) VALUES (41,33);
INSERT INTO student_assigned_task(snum,taskid) VALUES (84,61);
INSERT INTO student_assigned_task(snum,taskid) VALUES (36,44);
INSERT INTO student_assigned_task(snum,taskid) VALUES (36,94);
INSERT INTO student_assigned_task(snum,taskid) VALUES (87,68);
INSERT INTO student_assigned_task(snum,taskid) VALUES (87,15);
INSERT INTO student_assigned_task(snum,taskid) VALUES (90,46);
INSERT INTO student_assigned_task(snum,taskid) VALUES (36,89);
INSERT INTO student_assigned_task(snum,taskid) VALUES (84,88);
INSERT INTO student_assigned_task(snum,taskid) VALUES (81,41);
INSERT INTO student_assigned_task(snum,taskid) VALUES (87,66);
INSERT INTO student_assigned_task(snum,taskid) VALUES (40,29);
INSERT INTO student_assigned_task(snum,taskid) VALUES (41,7);
INSERT INTO student_assigned_task(snum,taskid) VALUES (16,47);
INSERT INTO student_assigned_task(snum,taskid) VALUES (23,25);
INSERT INTO student_assigned_task(snum,taskid) VALUES (65,39);
INSERT INTO student_assigned_task(snum,taskid) VALUES (13,6);
INSERT INTO student_assigned_task(snum,taskid) VALUES (11,25);
INSERT INTO student_assigned_task(snum,taskid) VALUES (32,87);
INSERT INTO student_assigned_task(snum,taskid) VALUES (13,12);
INSERT INTO student_assigned_task(snum,taskid) VALUES (90,7);
INSERT INTO student_assigned_task(snum,taskid) VALUES (38,10);
INSERT INTO student_assigned_task(snum,taskid) VALUES (98,75);
INSERT INTO student_assigned_task(snum,taskid) VALUES (31,50);
INSERT INTO student_assigned_task(snum,taskid) VALUES (21,34);
INSERT INTO student_assigned_task(snum,taskid) VALUES (26,2);
INSERT INTO student_assigned_task(snum,taskid) VALUES (36,5);
INSERT INTO student_assigned_task(snum,taskid) VALUES (17,65);
INSERT INTO student_assigned_task(snum,taskid) VALUES (100,39);
INSERT INTO student_assigned_task(snum,taskid) VALUES (63,27);
INSERT INTO student_assigned_task(snum,taskid) VALUES (25,73);

