pid,cname,startdate,enddate
1,Kwideo,2018-09-08 03:29:29,2019-11-22 17:58:43
2,Katz,2018-06-09 15:31:36,2019-03-26 00:23:24
3,Dabtype,2018-08-14 12:34:41,2019-11-22 10:57:58
4,Zoozzy,2018-02-04 19:51:14,2018-12-31 10:12:30
5,Trilith,2018-04-26 19:27:36,2019-10-26 01:19:38
6,Layo,2018-05-03 18:04:35,2019-02-22 12:11:25
7,Riffwire,2018-10-23 18:05:30,2019-07-24 14:42:29
8,Rhynyx,2018-01-13 00:48:13,2019-09-24 16:20:47
9,Voolia,2018-06-22 08:29:49,2019-07-04 10:55:42
10,Eare,2018-02-27 10:14:58,2019-11-10 09:15:01
11,Zooxo,2018-07-01 21:03:01,2019-02-18 16:49:41
12,Voolia,2018-06-24 23:11:43,2019-10-22 04:22:52
13,Devshare,2018-09-04 14:25:13,2019-10-23 01:03:22
14,Wikizz,2018-04-03 19:43:52,2018-12-28 21:29:47
15,Trunyx,2017-12-23 23:28:15,2019-05-09 23:49:53
16,Buzzshare,2018-03-10 05:15:45,2019-07-16 08:27:21
17,Dabtype,2017-12-15 03:27:27,2019-06-11 21:26:14
18,Ozu,2018-04-26 23:34:17,2019-02-08 19:42:24
19,Shuffletag,2018-03-04 12:59:25,2019-02-12 00:53:33
20,Topicblab,2018-03-09 16:43:10,2019-02-04 20:39:13
21,Twitterbridge,2018-01-13 02:27:11,2019-02-03 13:55:08
22,Edgetag,2018-08-31 03:04:49,2019-04-29 05:15:13
23,Centimia,2018-02-07 20:18:28,2019-06-04 22:48:10
24,Oyope,2018-06-04 07:38:31,2019-09-06 22:46:40
25,Skajo,2018-09-07 10:40:09,2019-02-05 20:18:10
26,Innotype,2018-04-16 07:22:44,2019-06-09 12:00:45
27,Muxo,2018-04-15 02:37:30,2019-01-01 19:46:48
28,Skimia,2018-09-17 16:30:40,2019-04-30 17:29:12
29,Thoughtstorm,2017-12-25 18:24:14,2019-11-11 08:24:32
30,Leenti,2017-12-06 01:45:30,2019-02-18 02:05:20
31,Vipe,2018-03-03 02:12:07,2019-10-17 01:23:31
32,Kare,2018-02-21 16:22:03,2018-12-19 15:26:33
33,Youspan,2018-01-20 22:44:18,2019-01-16 19:00:46
34,Devbug,2017-12-06 00:06:14,2019-08-25 00:53:55
35,Leenti,2018-01-21 12:16:56,2018-12-07 15:05:46
36,Omba,2018-08-27 09:16:00,2019-10-23 18:44:13
37,Buzzster,2018-08-23 02:33:48,2019-08-01 11:52:10
38,Vitz,2018-10-22 16:54:12,2019-01-27 05:49:23
39,Skyba,2018-03-27 03:48:40,2019-09-04 00:56:05
40,Linkbuzz,2018-02-15 00:36:13,2019-10-29 07:58:26
41,Pixoboo,2018-07-09 12:57:59,2019-01-12 22:41:37
42,Realpoint,2017-12-24 14:10:10,2019-03-30 01:12:43
43,Wikizz,2018-05-11 19:36:43,2019-05-31 13:00:58
44,Twitterbeat,2018-08-22 09:15:50,2019-09-20 22:37:18
45,Dynabox,2018-07-01 11:08:39,2019-03-02 01:52:38
46,Tagpad,2018-10-30 13:04:28,2019-11-06 19:46:04
47,Trilia,2018-09-20 19:07:48,2018-12-18 09:40:44
48,Agivu,2018-07-12 05:24:04,2019-06-27 04:20:10
49,Demivee,2018-10-22 05:55:33,2019-06-02 02:32:17
50,Tagfeed,2018-02-27 07:24:54,2019-05-25 15:42:47
51,Yakijo,2018-01-06 13:23:44,2019-03-28 10:36:18
52,Quinu,2018-10-27 17:05:56,2019-11-09 02:14:08
53,Voonix,2018-04-29 19:54:03,2019-10-16 07:36:16
54,Demizz,2018-08-31 18:54:51,2019-03-14 18:18:01
55,Blogtags,2018-10-26 04:38:42,2019-06-24 09:35:19
56,Photojam,2018-02-26 14:45:21,2019-03-02 23:35:56
57,Edgewire,2018-07-26 02:32:33,2019-01-12 18:53:11
58,Voolia,2018-08-16 07:14:57,2019-07-28 09:07:02
59,Bluezoom,2018-10-18 02:44:41,2019-08-30 04:11:56
60,Kayveo,2018-08-31 17:05:44,2019-04-22 16:27:22
61,Thoughtmix,2018-06-19 03:25:58,2019-11-12 06:55:20
62,Kamba,2018-01-23 05:58:22,2018-12-14 04:32:52
63,Youfeed,2018-11-03 17:26:49,2019-09-21 23:19:17
64,Zoomlounge,2017-12-06 06:20:00,2019-08-15 21:56:19
65,Meedoo,2017-12-06 15:11:48,2019-07-27 03:26:57
66,Zoombeat,2018-01-24 02:46:47,2019-09-10 00:39:34
67,Rhynoodle,2018-05-12 18:46:38,2019-04-23 05:14:34
68,Zazio,2018-03-26 00:23:10,2019-06-24 13:37:31
69,Feedbug,2018-08-15 19:00:55,2019-10-16 01:04:38
70,Brainbox,2018-10-17 09:20:37,2019-02-25 13:53:33
71,Eayo,2018-02-16 10:14:23,2019-02-04 16:46:57
72,Vinte,2018-08-16 22:22:03,2019-03-14 00:00:21
73,Innotype,2018-02-24 11:57:38,2019-06-01 13:41:22
74,LiveZ,2018-02-22 12:57:32,2018-11-24 17:23:57
75,Innotype,2018-04-01 18:38:13,2018-12-11 11:04:07
76,Thoughtstorm,2018-07-17 02:49:07,2019-02-10 11:20:05
77,Buzzster,2018-09-18 04:49:58,2019-08-08 07:27:57
78,LiveZ,2018-05-09 19:36:05,2019-03-04 09:38:14
79,Trudeo,2018-07-07 21:47:18,2019-01-29 06:14:52
80,Ntag,2018-08-21 22:28:19,2019-05-08 20:25:11
81,Dablist,2018-10-21 10:51:47,2019-10-25 01:38:32
82,Voolith,2018-03-28 23:59:24,2019-01-31 09:11:30
83,Camido,2018-03-15 00:14:11,2018-12-27 16:54:41
84,Izio,2018-05-09 23:20:07,2018-12-21 23:01:54
85,Tagcat,2018-03-02 13:50:44,2019-08-21 02:54:37
86,Brainbox,2018-05-13 12:39:14,2019-01-04 15:40:42
87,Buzzdog,2018-01-18 13:22:46,2019-01-27 18:18:46
88,Quatz,2018-10-02 17:51:46,2019-07-29 00:51:15
89,Youfeed,2018-05-21 18:04:57,2019-05-08 03:57:44
90,Zoomcast,2018-08-27 06:07:58,2019-01-13 22:52:57
91,Vipe,2018-09-29 20:50:57,2019-03-19 23:04:58
92,Wikizz,2018-04-28 11:24:33,2019-09-15 09:23:06
93,Topiclounge,2018-09-03 19:39:24,2019-08-05 16:34:16
94,Quire,2018-04-15 21:13:22,2019-04-25 12:58:27
95,Gabvine,2018-03-08 20:35:41,2019-03-23 03:54:30
96,Yoveo,2018-09-27 22:56:34,2019-05-30 14:35:35
97,Quire,2018-07-06 23:06:22,2019-05-29 09:21:47
98,Dynabox,2018-10-24 11:33:32,2019-03-18 22:33:17
99,Zoomdog,2018-05-02 06:47:12,2019-03-10 19:47:33
100,Fadeo,2018-10-01 20:52:40,2019-10-20 18:03:56
